gene1_node_id	gene1_symbol	gene2_node_id	gene2_symbol	label
1	A2M	2411	HRAS	1
1	A2M	2781	KRAS	1
1	A2M	3579	NRAS	1
2	A2ML1	2411	HRAS	1
2	A2ML1	2781	KRAS	1
2	A2ML1	3579	NRAS	1
3	AADAT	3326	MYC	1
4	AAR2	895	CDK5RAP1	1
4	AAR2	4428	RALY	1
4	AAR2	2411	HRAS	1
4	AAR2	2781	KRAS	1
4	AAR2	3579	NRAS	1
5	AATF	1598	EFTUD2	1
5	AATF	3218	MRM1	1
5	AATF	4283	PSMB3	1
5	AATF	5342	TADA2A	1
5	AATF	5952	UTP6	1
5	AATF	3375	NAE1	1
6	ABCA10	2411	HRAS	1
6	ABCA10	2781	KRAS	1
6	ABCA10	3579	NRAS	1
7	ABCA3	682	CAMK2G	1
7	ABCA3	1985	FZD2	1
7	ABCA3	3482	NFATC1	1
7	ABCA3	3484	NFATC2IP	1
7	ABCA3	3861	PDE6H	1
7	ABCA3	4175	PPP3CA	1
7	ABCA3	4230	PRMT8	1
7	ABCA3	4494	RCAN1	1
7	ABCA3	4745	RYK	1
7	ABCA3	3860	PDE6C	1
7	ABCA3	4005	PLCB1	1
7	ABCA3	4176	PPP3CB	1
7	ABCA3	4495	RCAN2	1
7	ABCA3	6043	WNT5A	1
7	ABCA3	2533	IL7	1
7	ABCA3	5219	SRSF1	1
7	ABCA3	3029	MAPK11	1
7	ABCA3	1947	FOSL1	1
7	ABCA3	4853	SEP-06	1
7	ABCA3	160	AKR7A2	1
7	ABCA3	2059	GGCX	1
7	ABCA3	2087	GLIPR1	1
7	ABCA3	174	ALG10B	1
7	ABCA3	2094	GLT8D1	1
7	ABCA3	2330	HIST1H3F	1
7	ABCA3	2351	HLA-DRA	1
7	ABCA3	2352	HLA-DRB5	1
7	ABCA3	2602	ITGB1	1
7	ABCA3	3418	NCOA3	1
7	ABCA3	3586	NRG2	1
7	ABCA3	3684	OR2F1	1
7	ABCA3	4036	PLOD2	1
7	ABCA3	4357	PYROXD1	1
7	ABCA3	384	ATP2C2	1
7	ABCA3	4435	RAP1A	1
7	ABCA3	4665	RPL5	1
7	ABCA3	4757	S1PR2	1
7	ABCA3	400	ATP6V0E1	1
7	ABCA3	5125	SNX10	1
7	ABCA3	5139	SORBS1	1
7	ABCA3	5147	SP100	1
7	ABCA3	5329	SYT11	1
7	ABCA3	662	CACNA2D2	1
7	ABCA3	695	CAPRIN1	1
7	ABCA3	848	CD93	1
7	ABCA3	1032	CLEC2D	1
7	ABCA3	1048	CLPX	1
7	ABCA3	77	ADAM22	1
7	ABCA3	2563	INTS6L	1
7	ABCA3	1443	DLAT	1
7	ABCA3	1586	EDF1	1
7	ABCA3	1694	EPB42	1
7	ABCA3	1729	ERMP1	1
7	ABCA3	1917	FKBP11	1
7	ABCA3	2029	GBP4	1
7	ABCA3	208	ANK3	1
7	ABCA3	2827	LAPTM4B	1
7	ABCA3	255	API5	1
7	ABCA3	3192	MORC3	1
7	ABCA3	3618	NUDT3	1
7	ABCA3	4023	PLEKHM1	1
7	ABCA3	4160	PPP1R2	1
7	ABCA3	4831	SEL1L	1
7	ABCA3	4876	SETMAR	1
7	ABCA3	4780	SCAF11	1
7	ABCA3	4956	SKP1	1
7	ABCA3	5059	SMARCA1	1
7	ABCA3	5190	SPTB	1
7	ABCA3	5204	SRI	1
7	ABCA3	5313	SV2B	1
7	ABCA3	5369	TAS2R14	1
7	ABCA3	5449	THAP1	1
7	ABCA3	428	AZGP1	1
7	ABCA3	5595	TNFRSF9	1
7	ABCA3	5881	UCP2	1
7	ABCA3	6194	ZNF140	1
7	ABCA3	2850	LDLRAD4	1
7	ABCA3	672	CALM1	1
7	ABCA3	693	CAPN6	1
7	ABCA3	709	CARS	1
7	ABCA3	779	CCL23	1
7	ABCA3	1081	CNR1	1
7	ABCA3	1137	CPSF1	1
7	ABCA3	1197	CST4	1
7	ABCA3	1221	CTSB	1
7	ABCA3	1238	CUX1	1
7	ABCA3	1251	CXCR4	1
7	ABCA3	173	ALDOC	1
7	ABCA3	3900	PGAP2	1
7	ABCA3	2012	GAPDH	1
7	ABCA3	2999	MAML1	1
7	ABCA3	3136	MGAT2	1
7	ABCA3	4443	RARA	1
7	ABCA3	4656	RPL35	1
7	ABCA3	4736	RTP4	1
7	ABCA3	405	ATP7A	1
7	ABCA3	5488	TLE1	1
7	ABCA3	5512	TMEFF1	1
7	ABCA3	5690	TRIM24	1
7	ABCA3	5709	TRIP11	1
7	ABCA3	5858	UBE3A	1
7	ABCA3	12	ABCB6	1
7	ABCA3	653	CA2	1
7	ABCA3	916	CEACAM1	1
7	ABCA3	1250	CXCR3	1
7	ABCA3	1610	EHF	1
7	ABCA3	2592	ITCH	1
7	ABCA3	2636	KAT6A	1
7	ABCA3	3510	NKRF	1
7	ABCA3	4775	SAT1	1
7	ABCA3	5384	TBCCD1	1
7	ABCA3	5652	TPM1	1
7	ABCA3	1151	CRCP	1
7	ABCA3	1207	CTDSPL	1
7	ABCA3	1345	DDAH1	1
7	ABCA3	2213	GTF2H5	1
7	ABCA3	2934	LRRC37A3	1
7	ABCA3	4871	SESTD1	1
7	ABCA3	5148	SP110	1
7	ABCA3	5818	UBA6	1
7	ABCA3	6262	ZNF473	1
7	ABCA3	1028	CLDN3	1
7	ABCA3	924	CELF2	1
7	ABCA3	1604	EGR3	1
7	ABCA3	1932	FLT3LG	1
7	ABCA3	4659	RPL36A	1
7	ABCA3	2142	GPC5	1
7	ABCA3	2303	HIF3A	1
7	ABCA3	2662	KCNJ13	1
7	ABCA3	4217	PRKCQ	1
7	ABCA3	6363	ZP3	1
7	ABCA3	1096	COL3A1	1
7	ABCA3	2468	IFI16	1
7	ABCA3	2523	IL27RA	1
7	ABCA3	2529	IL4	1
7	ABCA3	355	ATF5	1
7	ABCA3	655	CA5A	1
7	ABCA3	1053	CLTC	1
7	ABCA3	5481	TJP1	1
7	ABCA3	5727	TROVE2	1
7	ABCA3	1882	FCN3	1
7	ABCA3	5034	SLC50A1	1
7	ABCA3	5433	TFAP2B	1
7	ABCA3	680	CAMK2B	1
7	ABCA3	4650	RPL21	1
7	ABCA3	5947	UTP14A	1
7	ABCA3	3067	MBD4	1
7	ABCA3	442	BAD	1
7	ABCA3	2584	IRF7	1
7	ABCA3	57	ACSL1	1
7	ABCA3	2900	LIPE	1
7	ABCA3	3859	PDE4DIP	1
7	ABCA3	1315	DBF4	1
7	ABCA3	5890	UGT1A7	1
7	ABCA3	1279	CYP2B6	1
7	ABCA3	670	CADM4	1
7	ABCA3	1182	CSHL1	1
7	ABCA3	1170	CRYBB2	1
7	ABCA3	1988	FZD8	1
7	ABCA3	3906	PGLS	1
7	ABCA3	3873	PDLIM5	1
7	ABCA3	5119	SNTA1	1
7	ABCA3	1051	CLTA	1
8	ABCB1	10	ABCB4	1
8	ABCB1	682	CAMK2G	1
8	ABCB1	1985	FZD2	1
8	ABCB1	3482	NFATC1	1
8	ABCB1	3484	NFATC2IP	1
8	ABCB1	3861	PDE6H	1
8	ABCB1	4230	PRMT8	1
8	ABCB1	4494	RCAN1	1
8	ABCB1	4745	RYK	1
8	ABCB1	4574	RIPK4	1
8	ABCB1	906	CDKN2A	1
8	ABCB1	5484	TK2	1
8	ABCB1	3860	PDE6C	1
8	ABCB1	4005	PLCB1	1
8	ABCB1	4176	PPP3CB	1
8	ABCB1	4495	RCAN2	1
8	ABCB1	6043	WNT5A	1
8	ABCB1	5287	STYXL1	1
8	ABCB1	2533	IL7	1
8	ABCB1	5219	SRSF1	1
8	ABCB1	5808	TYRO3	1
8	ABCB1	4573	RIPK2	1
8	ABCB1	3029	MAPK11	1
8	ABCB1	3025	MAP4K5	1
8	ABCB1	1017	CKS2	1
8	ABCB1	3039	MAPKAP1	1
8	ABCB1	3040	MAPKAPK2	1
8	ABCB1	5606	TNNI3K	1
8	ABCB1	2699	KHK	1
8	ABCB1	3469	NEK6	1
8	ABCB1	3752	PAK1	1
8	ABCB1	2612	ITPKC	1
8	ABCB1	2915	LMTK2	1
8	ABCB1	3012	MAP2K7	1
8	ABCB1	4221	PRKD2	1
8	ABCB1	5268	STK33	1
8	ABCB1	5991	VRK3	1
8	ABCB1	3875	PDPK1	1
8	ABCB1	1947	FOSL1	1
8	ABCB1	903	CDKL5	1
8	ABCB1	1183	CSK	1
8	ABCB1	1891	FER	1
8	ABCB1	2693	KDR	1
8	ABCB1	3041	MAPKAPK3	1
8	ABCB1	5171	SPHK1	1
8	ABCB1	4572	RIPK1	1
8	ABCB1	863	CDC42BPA	1
8	ABCB1	3020	MAP3K7	1
8	ABCB1	5105	SNRK	1
8	ABCB1	420	AURKAIP1	1
8	ABCB1	1187	CSNK1E	1
8	ABCB1	1930	FLT1	1
8	ABCB1	5264	STK17A	1
8	ABCB1	2309	HIPK1	1
8	ABCB1	3940	PI4K2A	1
8	ABCB1	4210	PRKAG3	1
8	ABCB1	1303	DAPK2	1
8	ABCB1	2189	GRK6	1
8	ABCB1	4032	PLK3	1
8	ABCB1	149	AK1	1
8	ABCB1	679	CAMK1D	1
8	ABCB1	831	CD47	1
8	ABCB1	964	CFLAR	1
8	ABCB1	1176	CSE1L	1
8	ABCB1	1451	DLGAP4	1
8	ABCB1	1553	DVL2	1
8	ABCB1	348	ASPM	1
8	ABCB1	1697	EPHA1	1
8	ABCB1	1976	FURIN	1
8	ABCB1	2653	KCND1	1
8	ABCB1	3013	MAP3K1	1
8	ABCB1	3028	MAPK10	1
8	ABCB1	3991	PKN2	1
8	ABCB1	4282	PSMB10	1
8	ABCB1	4284	PSMB4	1
8	ABCB1	4465	RBM12	1
8	ABCB1	4589	RNASEL	1
8	ABCB1	4708	RRM1	1
8	ABCB1	5007	SLC30A2	1
8	ABCB1	5056	SMAD4	1
8	ABCB1	5254	STAT4	1
8	ABCB1	5602	TNK1	1
8	ABCB1	565	BUB1	1
8	ABCB1	4608	RNF213	1
8	ABCB1	620	C1S	1
8	ABCB1	739	CBR1	1
8	ABCB1	847	CD9	1
8	ABCB1	196	AMPD2	1
8	ABCB1	74	ADA2	1
8	ABCB1	1063	CNGA3	1
8	ABCB1	2921	LPAR1	1
8	ABCB1	1826	FANCF	1
8	ABCB1	1848	FBXL14	1
8	ABCB1	2287	HECTD3	1
8	ABCB1	6078	XRCC6	1
8	ABCB1	2224	GTSE1	1
8	ABCB1	2243	HACE1	1
8	ABCB1	2262	HCFC1	1
8	ABCB1	2292	HERC5	1
8	ABCB1	2409	HPS1	1
8	ABCB1	2537	ILK	1
8	ABCB1	2668	KCNQ4	1
8	ABCB1	1592	EEPD1	1
8	ABCB1	2725	KIF5A	1
8	ABCB1	188	ALPK1	1
8	ABCB1	3857	PDE3A	1
8	ABCB1	3890	PEX1	1
8	ABCB1	466	BCKDK	1
8	ABCB1	4337	PTPRD	1
8	ABCB1	4338	PTPRF	1
8	ABCB1	4417	RAD9A	1
8	ABCB1	3189	MOK	1
8	ABCB1	4529	RFC5	1
8	ABCB1	4846	SENP1	1
8	ABCB1	5083	SMO	1
8	ABCB1	500	BIRC3	1
8	ABCB1	5138	SOD2	1
8	ABCB1	5361	TAP2	1
8	ABCB1	4853	SEP-06	1
8	ABCB1	160	AKR7A2	1
8	ABCB1	2059	GGCX	1
8	ABCB1	2087	GLIPR1	1
8	ABCB1	174	ALG10B	1
8	ABCB1	2094	GLT8D1	1
8	ABCB1	2330	HIST1H3F	1
8	ABCB1	2351	HLA-DRA	1
8	ABCB1	2352	HLA-DRB5	1
8	ABCB1	2602	ITGB1	1
8	ABCB1	3418	NCOA3	1
8	ABCB1	3586	NRG2	1
8	ABCB1	3684	OR2F1	1
8	ABCB1	4036	PLOD2	1
8	ABCB1	4357	PYROXD1	1
8	ABCB1	384	ATP2C2	1
8	ABCB1	4435	RAP1A	1
8	ABCB1	4665	RPL5	1
8	ABCB1	4757	S1PR2	1
8	ABCB1	400	ATP6V0E1	1
8	ABCB1	5125	SNX10	1
8	ABCB1	5139	SORBS1	1
8	ABCB1	5147	SP100	1
8	ABCB1	5329	SYT11	1
8	ABCB1	662	CACNA2D2	1
8	ABCB1	695	CAPRIN1	1
8	ABCB1	848	CD93	1
8	ABCB1	1032	CLEC2D	1
8	ABCB1	1048	CLPX	1
8	ABCB1	77	ADAM22	1
8	ABCB1	2563	INTS6L	1
8	ABCB1	1443	DLAT	1
8	ABCB1	1586	EDF1	1
8	ABCB1	1694	EPB42	1
8	ABCB1	1729	ERMP1	1
8	ABCB1	1917	FKBP11	1
8	ABCB1	2029	GBP4	1
8	ABCB1	208	ANK3	1
8	ABCB1	2827	LAPTM4B	1
8	ABCB1	255	API5	1
8	ABCB1	3192	MORC3	1
8	ABCB1	3618	NUDT3	1
8	ABCB1	4023	PLEKHM1	1
8	ABCB1	4160	PPP1R2	1
8	ABCB1	4831	SEL1L	1
8	ABCB1	4876	SETMAR	1
8	ABCB1	4780	SCAF11	1
8	ABCB1	4956	SKP1	1
8	ABCB1	5059	SMARCA1	1
8	ABCB1	5190	SPTB	1
8	ABCB1	5204	SRI	1
8	ABCB1	5313	SV2B	1
8	ABCB1	5369	TAS2R14	1
8	ABCB1	5449	THAP1	1
8	ABCB1	428	AZGP1	1
8	ABCB1	5595	TNFRSF9	1
8	ABCB1	5881	UCP2	1
8	ABCB1	6194	ZNF140	1
8	ABCB1	2850	LDLRAD4	1
8	ABCB1	693	CAPN6	1
8	ABCB1	779	CCL23	1
8	ABCB1	1081	CNR1	1
8	ABCB1	1137	CPSF1	1
8	ABCB1	1197	CST4	1
8	ABCB1	1221	CTSB	1
8	ABCB1	1238	CUX1	1
8	ABCB1	1251	CXCR4	1
8	ABCB1	173	ALDOC	1
8	ABCB1	3900	PGAP2	1
8	ABCB1	2012	GAPDH	1
8	ABCB1	2999	MAML1	1
8	ABCB1	3136	MGAT2	1
8	ABCB1	4443	RARA	1
8	ABCB1	4656	RPL35	1
8	ABCB1	4736	RTP4	1
8	ABCB1	405	ATP7A	1
8	ABCB1	5488	TLE1	1
8	ABCB1	5512	TMEFF1	1
8	ABCB1	5690	TRIM24	1
8	ABCB1	5709	TRIP11	1
8	ABCB1	5858	UBE3A	1
8	ABCB1	12	ABCB6	1
8	ABCB1	653	CA2	1
8	ABCB1	916	CEACAM1	1
8	ABCB1	1250	CXCR3	1
8	ABCB1	1610	EHF	1
8	ABCB1	2592	ITCH	1
8	ABCB1	2636	KAT6A	1
8	ABCB1	3510	NKRF	1
8	ABCB1	4775	SAT1	1
8	ABCB1	5384	TBCCD1	1
8	ABCB1	5652	TPM1	1
8	ABCB1	1151	CRCP	1
8	ABCB1	1207	CTDSPL	1
8	ABCB1	1345	DDAH1	1
8	ABCB1	2213	GTF2H5	1
8	ABCB1	2934	LRRC37A3	1
8	ABCB1	4871	SESTD1	1
8	ABCB1	5148	SP110	1
8	ABCB1	5818	UBA6	1
8	ABCB1	6262	ZNF473	1
8	ABCB1	1028	CLDN3	1
8	ABCB1	924	CELF2	1
8	ABCB1	1604	EGR3	1
8	ABCB1	1932	FLT3LG	1
8	ABCB1	4659	RPL36A	1
8	ABCB1	2142	GPC5	1
8	ABCB1	2303	HIF3A	1
8	ABCB1	2662	KCNJ13	1
8	ABCB1	4217	PRKCQ	1
8	ABCB1	6363	ZP3	1
8	ABCB1	1096	COL3A1	1
8	ABCB1	2468	IFI16	1
8	ABCB1	2523	IL27RA	1
8	ABCB1	2529	IL4	1
8	ABCB1	355	ATF5	1
8	ABCB1	655	CA5A	1
8	ABCB1	1053	CLTC	1
8	ABCB1	5481	TJP1	1
8	ABCB1	5727	TROVE2	1
8	ABCB1	1882	FCN3	1
8	ABCB1	5034	SLC50A1	1
8	ABCB1	5433	TFAP2B	1
8	ABCB1	680	CAMK2B	1
8	ABCB1	4650	RPL21	1
8	ABCB1	5947	UTP14A	1
8	ABCB1	4175	PPP3CA	1
8	ABCB1	3067	MBD4	1
8	ABCB1	442	BAD	1
8	ABCB1	2584	IRF7	1
8	ABCB1	57	ACSL1	1
8	ABCB1	4222	PRKD3	1
8	ABCB1	5359	TAOK3	1
8	ABCB1	1699	EPHB1	1
8	ABCB1	3990	PKMYT1	1
8	ABCB1	2900	LIPE	1
8	ABCB1	3859	PDE4DIP	1
8	ABCB1	2265	HCK	1
8	ABCB1	6042	WNK4	1
8	ABCB1	1315	DBF4	1
8	ABCB1	5890	UGT1A7	1
8	ABCB1	4698	RPS6KL1	1
8	ABCB1	1406	DGKA	1
8	ABCB1	5335	TAB2	1
8	ABCB1	2995	MAGI3	1
8	ABCB1	1279	CYP2B6	1
8	ABCB1	3765	PANK2	1
8	ABCB1	670	CADM4	1
8	ABCB1	1182	CSHL1	1
8	ABCB1	3050	MARK1	1
8	ABCB1	1170	CRYBB2	1
8	ABCB1	5880	UCK1	1
8	ABCB1	672	CALM1	1
8	ABCB1	3988	PKIA	1
8	ABCB1	1988	FZD8	1
8	ABCB1	3906	PGLS	1
8	ABCB1	1186	CSNK1D	1
8	ABCB1	3873	PDLIM5	1
8	ABCB1	5119	SNTA1	1
8	ABCB1	1051	CLTA	1
8	ABCB1	678	CAMK1	1
8	ABCB1	419	AURKA	1
8	ABCB1	709	CARS	1
8	ABCB1	409	ATR	1
8	ABCB1	985	CHEK1	1
9	ABCB11	565	BUB1	1
9	ABCB11	4608	RNF213	1
9	ABCB11	620	C1S	1
9	ABCB11	709	CARS	1
9	ABCB11	739	CBR1	1
9	ABCB11	847	CD9	1
9	ABCB11	196	AMPD2	1
9	ABCB11	74	ADA2	1
9	ABCB11	1063	CNGA3	1
9	ABCB11	2921	LPAR1	1
9	ABCB11	1826	FANCF	1
9	ABCB11	1848	FBXL14	1
9	ABCB11	2287	HECTD3	1
9	ABCB11	6078	XRCC6	1
9	ABCB11	2224	GTSE1	1
9	ABCB11	2243	HACE1	1
9	ABCB11	2262	HCFC1	1
9	ABCB11	2292	HERC5	1
9	ABCB11	2409	HPS1	1
9	ABCB11	2537	ILK	1
9	ABCB11	2668	KCNQ4	1
9	ABCB11	1592	EEPD1	1
9	ABCB11	2725	KIF5A	1
9	ABCB11	188	ALPK1	1
9	ABCB11	3857	PDE3A	1
9	ABCB11	3890	PEX1	1
9	ABCB11	4175	PPP3CA	1
9	ABCB11	466	BCKDK	1
9	ABCB11	4337	PTPRD	1
9	ABCB11	4338	PTPRF	1
9	ABCB11	4417	RAD9A	1
9	ABCB11	3189	MOK	1
9	ABCB11	4529	RFC5	1
9	ABCB11	4846	SENP1	1
9	ABCB11	5083	SMO	1
9	ABCB11	500	BIRC3	1
9	ABCB11	5138	SOD2	1
9	ABCB11	419	AURKA	1
9	ABCB11	5361	TAP2	1
11	ABCB5	2411	HRAS	1
11	ABCB5	2781	KRAS	1
11	ABCB5	3579	NRAS	1
11	ABCB5	3375	NAE1	1
12	ABCB6	167	ALB	1
12	ABCB6	3715	ORM1	1
12	ABCB6	1287	CYP3A4	1
12	ABCB6	1288	CYP3A5	1
12	ABCB6	1289	CYP3A7	1
12	ABCB6	1274	CYP1A2	1
12	ABCB6	1282	CYP2C9	1
12	ABCB6	1283	CYP2D6	1
12	ABCB6	1280	CYP2C19	1
12	ABCB6	4320	PTGS1	1
12	ABCB6	481	BCR	1
12	ABCB6	2733	KIT	1
12	ABCB6	4519	RET	1
12	ABCB6	3607	NTRK1	1
12	ABCB6	1177	CSF1R	1
12	ABCB6	3866	PDGFRA	1
12	ABCB6	1351	DDR1	1
12	ABCB6	33	ABL1	1
12	ABCB6	3867	PDGFRB	1
12	ABCB6	4975	SLC22A1	1
12	ABCB6	4978	SLC22A2	1
12	ABCB6	25	ABCG2	1
13	ABCB8	1838	FASTK	1
14	ABCB9	5983	VPS37B	1
15	ABCC1	565	BUB1	1
15	ABCC1	4608	RNF213	1
15	ABCC1	620	C1S	1
15	ABCC1	709	CARS	1
15	ABCC1	739	CBR1	1
15	ABCC1	847	CD9	1
15	ABCC1	196	AMPD2	1
15	ABCC1	74	ADA2	1
15	ABCC1	1063	CNGA3	1
15	ABCC1	2921	LPAR1	1
15	ABCC1	1826	FANCF	1
15	ABCC1	1848	FBXL14	1
15	ABCC1	2287	HECTD3	1
15	ABCC1	6078	XRCC6	1
15	ABCC1	2224	GTSE1	1
15	ABCC1	2243	HACE1	1
15	ABCC1	2262	HCFC1	1
15	ABCC1	2292	HERC5	1
15	ABCC1	2409	HPS1	1
15	ABCC1	2537	ILK	1
15	ABCC1	2668	KCNQ4	1
15	ABCC1	1592	EEPD1	1
15	ABCC1	2725	KIF5A	1
15	ABCC1	188	ALPK1	1
15	ABCC1	3857	PDE3A	1
15	ABCC1	3890	PEX1	1
15	ABCC1	4175	PPP3CA	1
15	ABCC1	466	BCKDK	1
15	ABCC1	4337	PTPRD	1
15	ABCC1	4338	PTPRF	1
15	ABCC1	4417	RAD9A	1
15	ABCC1	3189	MOK	1
15	ABCC1	4529	RFC5	1
15	ABCC1	4846	SENP1	1
15	ABCC1	5083	SMO	1
15	ABCC1	500	BIRC3	1
15	ABCC1	5138	SOD2	1
15	ABCC1	419	AURKA	1
15	ABCC1	5361	TAP2	1
16	ABCC10	4574	RIPK4	1
16	ABCC10	906	CDKN2A	1
16	ABCC10	5484	TK2	1
16	ABCC10	5287	STYXL1	1
16	ABCC10	5808	TYRO3	1
16	ABCC10	4573	RIPK2	1
16	ABCC10	3025	MAP4K5	1
16	ABCC10	1017	CKS2	1
16	ABCC10	3039	MAPKAP1	1
16	ABCC10	3040	MAPKAPK2	1
16	ABCC10	5606	TNNI3K	1
16	ABCC10	2699	KHK	1
16	ABCC10	3469	NEK6	1
16	ABCC10	3752	PAK1	1
16	ABCC10	2612	ITPKC	1
16	ABCC10	2915	LMTK2	1
16	ABCC10	3012	MAP2K7	1
16	ABCC10	4221	PRKD2	1
16	ABCC10	5268	STK33	1
16	ABCC10	5991	VRK3	1
16	ABCC10	3875	PDPK1	1
16	ABCC10	903	CDKL5	1
16	ABCC10	1183	CSK	1
16	ABCC10	1891	FER	1
16	ABCC10	2693	KDR	1
16	ABCC10	3041	MAPKAPK3	1
16	ABCC10	5171	SPHK1	1
16	ABCC10	4572	RIPK1	1
16	ABCC10	863	CDC42BPA	1
16	ABCC10	3020	MAP3K7	1
16	ABCC10	5105	SNRK	1
16	ABCC10	420	AURKAIP1	1
16	ABCC10	1187	CSNK1E	1
16	ABCC10	1930	FLT1	1
16	ABCC10	5264	STK17A	1
16	ABCC10	2309	HIPK1	1
16	ABCC10	3940	PI4K2A	1
16	ABCC10	4210	PRKAG3	1
16	ABCC10	1303	DAPK2	1
16	ABCC10	2189	GRK6	1
16	ABCC10	4032	PLK3	1
16	ABCC10	149	AK1	1
16	ABCC10	672	CALM1	1
16	ABCC10	679	CAMK1D	1
16	ABCC10	831	CD47	1
16	ABCC10	964	CFLAR	1
16	ABCC10	1176	CSE1L	1
16	ABCC10	1451	DLGAP4	1
16	ABCC10	1553	DVL2	1
16	ABCC10	348	ASPM	1
16	ABCC10	1697	EPHA1	1
16	ABCC10	1976	FURIN	1
16	ABCC10	2653	KCND1	1
16	ABCC10	3013	MAP3K1	1
16	ABCC10	3028	MAPK10	1
16	ABCC10	3991	PKN2	1
16	ABCC10	4282	PSMB10	1
16	ABCC10	4284	PSMB4	1
16	ABCC10	4465	RBM12	1
16	ABCC10	4589	RNASEL	1
16	ABCC10	4708	RRM1	1
16	ABCC10	5007	SLC30A2	1
16	ABCC10	5056	SMAD4	1
16	ABCC10	5254	STAT4	1
16	ABCC10	5602	TNK1	1
16	ABCC10	565	BUB1	1
16	ABCC10	4608	RNF213	1
16	ABCC10	620	C1S	1
16	ABCC10	739	CBR1	1
16	ABCC10	847	CD9	1
16	ABCC10	196	AMPD2	1
16	ABCC10	74	ADA2	1
16	ABCC10	1063	CNGA3	1
16	ABCC10	2921	LPAR1	1
16	ABCC10	1826	FANCF	1
16	ABCC10	1848	FBXL14	1
16	ABCC10	2287	HECTD3	1
16	ABCC10	6078	XRCC6	1
16	ABCC10	2224	GTSE1	1
16	ABCC10	2243	HACE1	1
16	ABCC10	2262	HCFC1	1
16	ABCC10	2292	HERC5	1
16	ABCC10	2409	HPS1	1
16	ABCC10	2537	ILK	1
16	ABCC10	2668	KCNQ4	1
16	ABCC10	1592	EEPD1	1
16	ABCC10	2725	KIF5A	1
16	ABCC10	188	ALPK1	1
16	ABCC10	3857	PDE3A	1
16	ABCC10	3890	PEX1	1
16	ABCC10	4175	PPP3CA	1
16	ABCC10	466	BCKDK	1
16	ABCC10	4337	PTPRD	1
16	ABCC10	4338	PTPRF	1
16	ABCC10	4417	RAD9A	1
16	ABCC10	3189	MOK	1
16	ABCC10	4529	RFC5	1
16	ABCC10	4846	SENP1	1
16	ABCC10	5083	SMO	1
16	ABCC10	500	BIRC3	1
16	ABCC10	5138	SOD2	1
16	ABCC10	5361	TAP2	1
16	ABCC10	4222	PRKD3	1
16	ABCC10	5359	TAOK3	1
16	ABCC10	1699	EPHB1	1
16	ABCC10	3990	PKMYT1	1
16	ABCC10	2265	HCK	1
16	ABCC10	6042	WNK4	1
16	ABCC10	4698	RPS6KL1	1
16	ABCC10	1406	DGKA	1
16	ABCC10	5335	TAB2	1
16	ABCC10	2995	MAGI3	1
16	ABCC10	3765	PANK2	1
16	ABCC10	3050	MARK1	1
16	ABCC10	5880	UCK1	1
16	ABCC10	709	CARS	1
16	ABCC10	3988	PKIA	1
16	ABCC10	1186	CSNK1D	1
16	ABCC10	678	CAMK1	1
16	ABCC10	419	AURKA	1
16	ABCC10	409	ATR	1
16	ABCC10	985	CHEK1	1
17	ABCC12	3375	NAE1	1
18	ABCC2	565	BUB1	1
18	ABCC2	4608	RNF213	1
18	ABCC2	620	C1S	1
18	ABCC2	709	CARS	1
18	ABCC2	739	CBR1	1
18	ABCC2	847	CD9	1
18	ABCC2	196	AMPD2	1
18	ABCC2	74	ADA2	1
18	ABCC2	1063	CNGA3	1
18	ABCC2	2921	LPAR1	1
18	ABCC2	1826	FANCF	1
18	ABCC2	1848	FBXL14	1
18	ABCC2	2287	HECTD3	1
18	ABCC2	6078	XRCC6	1
18	ABCC2	2224	GTSE1	1
18	ABCC2	2243	HACE1	1
18	ABCC2	2262	HCFC1	1
18	ABCC2	2292	HERC5	1
18	ABCC2	2409	HPS1	1
18	ABCC2	2537	ILK	1
18	ABCC2	2668	KCNQ4	1
18	ABCC2	1592	EEPD1	1
18	ABCC2	2725	KIF5A	1
18	ABCC2	188	ALPK1	1
18	ABCC2	3857	PDE3A	1
18	ABCC2	3890	PEX1	1
18	ABCC2	4175	PPP3CA	1
18	ABCC2	466	BCKDK	1
18	ABCC2	4337	PTPRD	1
18	ABCC2	4338	PTPRF	1
18	ABCC2	4417	RAD9A	1
18	ABCC2	3189	MOK	1
18	ABCC2	4529	RFC5	1
18	ABCC2	4846	SENP1	1
18	ABCC2	5083	SMO	1
18	ABCC2	500	BIRC3	1
18	ABCC2	5138	SOD2	1
18	ABCC2	419	AURKA	1
18	ABCC2	5361	TAP2	1
19	ABCC3	1698	EPHA2	1
19	ABCC3	5005	SLC2A1	1
19	ABCC3	2167	GPRC5C	1
19	ABCC3	2605	ITGB4	1
19	ABCC3	1025	CLDN1	1
19	ABCC3	2834	LASP1	1
19	ABCC3	2866	LGALS3BP	1
19	ABCC3	4747	S100A10	1
19	ABCC3	4754	S100A6	1
19	ABCC3	5145	SOX9	1
20	ABCC8	3326	MYC	1
21	ABCD2	3375	NAE1	1
22	ABCD4	3326	MYC	1
23	ABCF1	3090	MDC1	1
24	ABCF3	3581	NRBP1	1
25	ABCG2	530	BRCA1	1
25	ABCG2	5630	TOP1	1
25	ABCG2	682	CAMK2G	1
25	ABCG2	1985	FZD2	1
25	ABCG2	3482	NFATC1	1
25	ABCG2	3484	NFATC2IP	1
25	ABCG2	3861	PDE6H	1
25	ABCG2	4230	PRMT8	1
25	ABCG2	4494	RCAN1	1
25	ABCG2	4745	RYK	1
25	ABCG2	3860	PDE6C	1
25	ABCG2	4005	PLCB1	1
25	ABCG2	4176	PPP3CB	1
25	ABCG2	4495	RCAN2	1
25	ABCG2	6043	WNT5A	1
25	ABCG2	2533	IL7	1
25	ABCG2	5219	SRSF1	1
25	ABCG2	3029	MAPK11	1
25	ABCG2	1947	FOSL1	1
25	ABCG2	565	BUB1	1
25	ABCG2	4608	RNF213	1
25	ABCG2	620	C1S	1
25	ABCG2	739	CBR1	1
25	ABCG2	847	CD9	1
25	ABCG2	196	AMPD2	1
25	ABCG2	74	ADA2	1
25	ABCG2	1063	CNGA3	1
25	ABCG2	2921	LPAR1	1
25	ABCG2	1826	FANCF	1
25	ABCG2	1848	FBXL14	1
25	ABCG2	2287	HECTD3	1
25	ABCG2	6078	XRCC6	1
25	ABCG2	2224	GTSE1	1
25	ABCG2	2243	HACE1	1
25	ABCG2	2262	HCFC1	1
25	ABCG2	2292	HERC5	1
25	ABCG2	2409	HPS1	1
25	ABCG2	2537	ILK	1
25	ABCG2	2668	KCNQ4	1
25	ABCG2	1592	EEPD1	1
25	ABCG2	2725	KIF5A	1
25	ABCG2	188	ALPK1	1
25	ABCG2	3857	PDE3A	1
25	ABCG2	3890	PEX1	1
25	ABCG2	466	BCKDK	1
25	ABCG2	4337	PTPRD	1
25	ABCG2	4338	PTPRF	1
25	ABCG2	4417	RAD9A	1
25	ABCG2	3189	MOK	1
25	ABCG2	4529	RFC5	1
25	ABCG2	4846	SENP1	1
25	ABCG2	5083	SMO	1
25	ABCG2	500	BIRC3	1
25	ABCG2	5138	SOD2	1
25	ABCG2	419	AURKA	1
25	ABCG2	5361	TAP2	1
25	ABCG2	4853	SEP-06	1
25	ABCG2	160	AKR7A2	1
25	ABCG2	2059	GGCX	1
25	ABCG2	2087	GLIPR1	1
25	ABCG2	174	ALG10B	1
25	ABCG2	2094	GLT8D1	1
25	ABCG2	2330	HIST1H3F	1
25	ABCG2	2351	HLA-DRA	1
25	ABCG2	2352	HLA-DRB5	1
25	ABCG2	2602	ITGB1	1
25	ABCG2	3418	NCOA3	1
25	ABCG2	3586	NRG2	1
25	ABCG2	3684	OR2F1	1
25	ABCG2	4036	PLOD2	1
25	ABCG2	4357	PYROXD1	1
25	ABCG2	384	ATP2C2	1
25	ABCG2	4435	RAP1A	1
25	ABCG2	4665	RPL5	1
25	ABCG2	4757	S1PR2	1
25	ABCG2	400	ATP6V0E1	1
25	ABCG2	5125	SNX10	1
25	ABCG2	5139	SORBS1	1
25	ABCG2	5147	SP100	1
25	ABCG2	5329	SYT11	1
25	ABCG2	662	CACNA2D2	1
25	ABCG2	695	CAPRIN1	1
25	ABCG2	848	CD93	1
25	ABCG2	1032	CLEC2D	1
25	ABCG2	1048	CLPX	1
25	ABCG2	77	ADAM22	1
25	ABCG2	2563	INTS6L	1
25	ABCG2	1443	DLAT	1
25	ABCG2	1586	EDF1	1
25	ABCG2	1694	EPB42	1
25	ABCG2	1729	ERMP1	1
25	ABCG2	1917	FKBP11	1
25	ABCG2	2029	GBP4	1
25	ABCG2	208	ANK3	1
25	ABCG2	2827	LAPTM4B	1
25	ABCG2	255	API5	1
25	ABCG2	3192	MORC3	1
25	ABCG2	3618	NUDT3	1
25	ABCG2	4023	PLEKHM1	1
25	ABCG2	4160	PPP1R2	1
25	ABCG2	4831	SEL1L	1
25	ABCG2	4876	SETMAR	1
25	ABCG2	4780	SCAF11	1
25	ABCG2	4956	SKP1	1
25	ABCG2	5059	SMARCA1	1
25	ABCG2	5190	SPTB	1
25	ABCG2	5204	SRI	1
25	ABCG2	5313	SV2B	1
25	ABCG2	5369	TAS2R14	1
25	ABCG2	5449	THAP1	1
25	ABCG2	428	AZGP1	1
25	ABCG2	5595	TNFRSF9	1
25	ABCG2	5881	UCP2	1
25	ABCG2	6194	ZNF140	1
25	ABCG2	2850	LDLRAD4	1
25	ABCG2	672	CALM1	1
25	ABCG2	693	CAPN6	1
25	ABCG2	779	CCL23	1
25	ABCG2	1081	CNR1	1
25	ABCG2	1137	CPSF1	1
25	ABCG2	1197	CST4	1
25	ABCG2	1221	CTSB	1
25	ABCG2	1238	CUX1	1
25	ABCG2	1251	CXCR4	1
25	ABCG2	173	ALDOC	1
25	ABCG2	3900	PGAP2	1
25	ABCG2	2012	GAPDH	1
25	ABCG2	2999	MAML1	1
25	ABCG2	3136	MGAT2	1
25	ABCG2	4443	RARA	1
25	ABCG2	4656	RPL35	1
25	ABCG2	4736	RTP4	1
25	ABCG2	405	ATP7A	1
25	ABCG2	5488	TLE1	1
25	ABCG2	5512	TMEFF1	1
25	ABCG2	5690	TRIM24	1
25	ABCG2	5709	TRIP11	1
25	ABCG2	5858	UBE3A	1
25	ABCG2	653	CA2	1
25	ABCG2	916	CEACAM1	1
25	ABCG2	1250	CXCR3	1
25	ABCG2	1610	EHF	1
25	ABCG2	2592	ITCH	1
25	ABCG2	2636	KAT6A	1
25	ABCG2	3510	NKRF	1
25	ABCG2	4775	SAT1	1
25	ABCG2	5384	TBCCD1	1
25	ABCG2	5652	TPM1	1
25	ABCG2	1151	CRCP	1
25	ABCG2	1207	CTDSPL	1
25	ABCG2	1345	DDAH1	1
25	ABCG2	2213	GTF2H5	1
25	ABCG2	2934	LRRC37A3	1
25	ABCG2	4871	SESTD1	1
25	ABCG2	5148	SP110	1
25	ABCG2	5818	UBA6	1
25	ABCG2	6262	ZNF473	1
25	ABCG2	1028	CLDN3	1
25	ABCG2	924	CELF2	1
25	ABCG2	1604	EGR3	1
25	ABCG2	1932	FLT3LG	1
25	ABCG2	4659	RPL36A	1
25	ABCG2	2142	GPC5	1
25	ABCG2	2303	HIF3A	1
25	ABCG2	2662	KCNJ13	1
25	ABCG2	4217	PRKCQ	1
25	ABCG2	6363	ZP3	1
25	ABCG2	1096	COL3A1	1
25	ABCG2	2468	IFI16	1
25	ABCG2	2523	IL27RA	1
25	ABCG2	2529	IL4	1
25	ABCG2	355	ATF5	1
25	ABCG2	655	CA5A	1
25	ABCG2	1053	CLTC	1
25	ABCG2	5481	TJP1	1
25	ABCG2	5727	TROVE2	1
25	ABCG2	1882	FCN3	1
25	ABCG2	5034	SLC50A1	1
25	ABCG2	5433	TFAP2B	1
25	ABCG2	680	CAMK2B	1
25	ABCG2	4650	RPL21	1
25	ABCG2	5947	UTP14A	1
25	ABCG2	4175	PPP3CA	1
25	ABCG2	3067	MBD4	1
25	ABCG2	442	BAD	1
25	ABCG2	2584	IRF7	1
25	ABCG2	57	ACSL1	1
25	ABCG2	2900	LIPE	1
25	ABCG2	3859	PDE4DIP	1
25	ABCG2	1315	DBF4	1
25	ABCG2	5890	UGT1A7	1
25	ABCG2	1279	CYP2B6	1
25	ABCG2	670	CADM4	1
25	ABCG2	1182	CSHL1	1
25	ABCG2	1170	CRYBB2	1
25	ABCG2	709	CARS	1
25	ABCG2	1988	FZD8	1
25	ABCG2	3906	PGLS	1
25	ABCG2	3873	PDLIM5	1
25	ABCG2	5119	SNTA1	1
25	ABCG2	1051	CLTA	1
26	ABHD11	2179	GRB7	1
27	ABHD13	1233	CUL4A	1
28	ABHD17B	2240	H3F3C	1
28	ABHD17B	4559	RIDA	1
28	ABHD17B	2437	HSPD1	1
28	ABHD17B	3105	MED17	1
28	ABHD17B	3617	NUDT21	1
28	ABHD17B	3973	PIP5K1A	1
28	ABHD17B	4296	PSMD12	1
28	ABHD17B	2242	HACD3	1
28	ABHD17B	5211	SRP9	1
28	ABHD17B	5507	TMED2	1
28	ABHD17B	5887	UGP2	1
28	ABHD17B	5964	VDAC1	1
28	ABHD17B	323	ARPC5	1
28	ABHD17B	802	CCT2	1
29	ABHD18	6015	WDR33	1
30	ABHD5	2411	HRAS	1
30	ABHD5	2781	KRAS	1
30	ABHD5	3579	NRAS	1
31	ABI1	3170	MLLT10	1
32	ABI3	1292	CYTH4	1
32	ABI3	2411	HRAS	1
32	ABI3	2781	KRAS	1
32	ABI3	3579	NRAS	1
33	ABL1	682	CAMK2G	1
33	ABL1	1985	FZD2	1
33	ABL1	3482	NFATC1	1
33	ABL1	3484	NFATC2IP	1
33	ABL1	3861	PDE6H	1
33	ABL1	4175	PPP3CA	1
33	ABL1	4230	PRMT8	1
33	ABL1	4494	RCAN1	1
33	ABL1	4745	RYK	1
33	ABL1	3860	PDE6C	1
33	ABL1	4005	PLCB1	1
33	ABL1	4176	PPP3CB	1
33	ABL1	4495	RCAN2	1
33	ABL1	6043	WNT5A	1
33	ABL1	2533	IL7	1
33	ABL1	5219	SRSF1	1
33	ABL1	3029	MAPK11	1
33	ABL1	1947	FOSL1	1
33	ABL1	4853	SEP-06	1
33	ABL1	160	AKR7A2	1
33	ABL1	2059	GGCX	1
33	ABL1	2087	GLIPR1	1
33	ABL1	174	ALG10B	1
33	ABL1	2094	GLT8D1	1
33	ABL1	2330	HIST1H3F	1
33	ABL1	2351	HLA-DRA	1
33	ABL1	2352	HLA-DRB5	1
33	ABL1	2602	ITGB1	1
33	ABL1	3418	NCOA3	1
33	ABL1	3586	NRG2	1
33	ABL1	3684	OR2F1	1
33	ABL1	4036	PLOD2	1
33	ABL1	4357	PYROXD1	1
33	ABL1	384	ATP2C2	1
33	ABL1	4435	RAP1A	1
33	ABL1	4665	RPL5	1
33	ABL1	4757	S1PR2	1
33	ABL1	400	ATP6V0E1	1
33	ABL1	5125	SNX10	1
33	ABL1	5139	SORBS1	1
33	ABL1	5147	SP100	1
33	ABL1	5329	SYT11	1
33	ABL1	662	CACNA2D2	1
33	ABL1	695	CAPRIN1	1
33	ABL1	848	CD93	1
33	ABL1	1032	CLEC2D	1
33	ABL1	1048	CLPX	1
33	ABL1	77	ADAM22	1
33	ABL1	2563	INTS6L	1
33	ABL1	1443	DLAT	1
33	ABL1	1586	EDF1	1
33	ABL1	1694	EPB42	1
33	ABL1	1729	ERMP1	1
33	ABL1	1917	FKBP11	1
33	ABL1	2029	GBP4	1
33	ABL1	208	ANK3	1
33	ABL1	2827	LAPTM4B	1
33	ABL1	255	API5	1
33	ABL1	3192	MORC3	1
33	ABL1	3618	NUDT3	1
33	ABL1	4023	PLEKHM1	1
33	ABL1	4160	PPP1R2	1
33	ABL1	4831	SEL1L	1
33	ABL1	4876	SETMAR	1
33	ABL1	4780	SCAF11	1
33	ABL1	4956	SKP1	1
33	ABL1	5059	SMARCA1	1
33	ABL1	5190	SPTB	1
33	ABL1	5204	SRI	1
33	ABL1	5313	SV2B	1
33	ABL1	5369	TAS2R14	1
33	ABL1	5449	THAP1	1
33	ABL1	428	AZGP1	1
33	ABL1	5595	TNFRSF9	1
33	ABL1	5881	UCP2	1
33	ABL1	6194	ZNF140	1
33	ABL1	2850	LDLRAD4	1
33	ABL1	672	CALM1	1
33	ABL1	693	CAPN6	1
33	ABL1	709	CARS	1
33	ABL1	779	CCL23	1
33	ABL1	1081	CNR1	1
33	ABL1	1137	CPSF1	1
33	ABL1	1197	CST4	1
33	ABL1	1221	CTSB	1
33	ABL1	1238	CUX1	1
33	ABL1	1251	CXCR4	1
33	ABL1	173	ALDOC	1
33	ABL1	3900	PGAP2	1
33	ABL1	2012	GAPDH	1
33	ABL1	2999	MAML1	1
33	ABL1	3136	MGAT2	1
33	ABL1	4443	RARA	1
33	ABL1	4656	RPL35	1
33	ABL1	4736	RTP4	1
33	ABL1	405	ATP7A	1
33	ABL1	5488	TLE1	1
33	ABL1	5512	TMEFF1	1
33	ABL1	5690	TRIM24	1
33	ABL1	5709	TRIP11	1
33	ABL1	5858	UBE3A	1
33	ABL1	653	CA2	1
33	ABL1	916	CEACAM1	1
33	ABL1	1250	CXCR3	1
33	ABL1	1610	EHF	1
33	ABL1	2592	ITCH	1
33	ABL1	2636	KAT6A	1
33	ABL1	3510	NKRF	1
33	ABL1	4775	SAT1	1
33	ABL1	5384	TBCCD1	1
33	ABL1	5652	TPM1	1
33	ABL1	1151	CRCP	1
33	ABL1	1207	CTDSPL	1
33	ABL1	1345	DDAH1	1
33	ABL1	2213	GTF2H5	1
33	ABL1	2934	LRRC37A3	1
33	ABL1	4871	SESTD1	1
33	ABL1	5148	SP110	1
33	ABL1	5818	UBA6	1
33	ABL1	6262	ZNF473	1
33	ABL1	1028	CLDN3	1
33	ABL1	924	CELF2	1
33	ABL1	1604	EGR3	1
33	ABL1	1932	FLT3LG	1
33	ABL1	4659	RPL36A	1
33	ABL1	2142	GPC5	1
33	ABL1	2303	HIF3A	1
33	ABL1	2662	KCNJ13	1
33	ABL1	4217	PRKCQ	1
33	ABL1	6363	ZP3	1
33	ABL1	1096	COL3A1	1
33	ABL1	2468	IFI16	1
33	ABL1	2523	IL27RA	1
33	ABL1	2529	IL4	1
33	ABL1	355	ATF5	1
33	ABL1	655	CA5A	1
33	ABL1	1053	CLTC	1
33	ABL1	5481	TJP1	1
33	ABL1	5727	TROVE2	1
33	ABL1	1882	FCN3	1
33	ABL1	5034	SLC50A1	1
33	ABL1	5433	TFAP2B	1
33	ABL1	680	CAMK2B	1
33	ABL1	4650	RPL21	1
33	ABL1	5947	UTP14A	1
33	ABL1	3067	MBD4	1
33	ABL1	442	BAD	1
33	ABL1	2584	IRF7	1
33	ABL1	57	ACSL1	1
33	ABL1	2900	LIPE	1
33	ABL1	3859	PDE4DIP	1
33	ABL1	1315	DBF4	1
33	ABL1	5890	UGT1A7	1
33	ABL1	5253	STAT3	1
33	ABL1	1279	CYP2B6	1
33	ABL1	670	CADM4	1
33	ABL1	1182	CSHL1	1
33	ABL1	1170	CRYBB2	1
33	ABL1	3375	NAE1	1
33	ABL1	1988	FZD8	1
33	ABL1	3906	PGLS	1
33	ABL1	3873	PDLIM5	1
33	ABL1	5119	SNTA1	1
33	ABL1	1051	CLTA	1
33	ABL1	1600	EGFR	1
34	ABL2	3375	NAE1	1
35	ABLIM3	3740	P4HA2	1
35	ABLIM3	3286	MT2A	1
36	ABO	3715	ORM1	1
37	ABR	2411	HRAS	1
37	ABR	2781	KRAS	1
37	ABR	3579	NRAS	1
38	ABRACL	4515	REPS1	1
39	ABRAXAS2	3375	NAE1	1
40	ABT1	2379	HNRNPCL1	1
40	ABT1	3032	MAPK14	1
41	ACAD8	1960	FOXRED1	1
41	ACAD8	3402	NCAPD3	1
41	ACAD8	5466	THYN1	1
42	ACAD9	3375	NAE1	1
43	ACADL	3375	NAE1	1
44	ACADVL	3152	MINK1	1
44	ACADVL	3347	MYO1C	1
45	ACAP1	1383	DEF6	1
45	ACAP1	2066	GIMAP1	1
45	ACAP1	3023	MAP4K1	1
45	ACAP1	4839	SEMA4A	1
46	ACAT1	1355	DDX10	1
47	ACBD5	6096	YME1L1	1
48	ACD	5065	SMARCC2	1
48	ACD	5111	SNRPA	1
49	ACE	3375	NAE1	1
50	ACE2	2411	HRAS	1
50	ACE2	2781	KRAS	1
50	ACE2	3579	NRAS	1
51	ACIN1	1323	DCAF16	1
51	ACIN1	456	BAZ1B	1
51	ACIN1	2058	GGA3	1
51	ACIN1	942	CEP131	1
51	ACIN1	5846	UBE2O	1
51	ACIN1	537	BRF1	1
51	ACIN1	3375	NAE1	1
52	ACKR4	2411	HRAS	1
52	ACKR4	2781	KRAS	1
52	ACKR4	3579	NRAS	1
53	ACO2	2803	L3MBTL2	1
53	ACO2	3148	MIEF1	1
53	ACO2	5910	UQCR10	1
54	ACOT11	2411	HRAS	1
54	ACOT11	2781	KRAS	1
54	ACOT11	3579	NRAS	1
55	ACP1	2832	LARP7	1
55	ACP1	4374	RAB23	1
55	ACP1	6124	ZBTB6	1
55	ACP1	1957	FOXO3	1
55	ACP1	2097	GLUD2	1
55	ACP1	2876	LIG4	1
55	ACP1	3044	MAPRE1	1
55	ACP1	3959	PIK3CA	1
55	ACP1	431	B3GNT2	1
55	ACP1	3949	PIGF	1
55	ACP1	3270	MSH2	1
55	ACP1	4069	PNO1	1
55	ACP1	4834	SELENOT	1
55	ACP1	4847	SENP2	1
55	ACP1	5655	TPRKB	1
56	ACP6	2411	HRAS	1
56	ACP6	2781	KRAS	1
56	ACP6	3579	NRAS	1
56	ACP6	3326	MYC	1
57	ACSL1	167	ALB	1
57	ACSL1	3715	ORM1	1
57	ACSL1	1287	CYP3A4	1
57	ACSL1	1288	CYP3A5	1
57	ACSL1	1289	CYP3A7	1
57	ACSL1	1274	CYP1A2	1
57	ACSL1	1282	CYP2C9	1
57	ACSL1	1283	CYP2D6	1
57	ACSL1	1280	CYP2C19	1
57	ACSL1	4320	PTGS1	1
57	ACSL1	481	BCR	1
57	ACSL1	2733	KIT	1
57	ACSL1	4519	RET	1
57	ACSL1	3607	NTRK1	1
57	ACSL1	1177	CSF1R	1
57	ACSL1	3866	PDGFRA	1
57	ACSL1	1351	DDR1	1
57	ACSL1	3867	PDGFRB	1
57	ACSL1	4975	SLC22A1	1
57	ACSL1	4978	SLC22A2	1
58	ACSL4	2411	HRAS	1
58	ACSL4	2781	KRAS	1
58	ACSL4	3579	NRAS	1
59	ACSM1	3334	MYH2	1
60	ACSM4	2411	HRAS	1
60	ACSM4	2781	KRAS	1
60	ACSM4	3579	NRAS	1
61	ACTB	3898	PFN1	1
62	ACTN1	4234	PROCR	1
62	ACTN1	4862	SERPINB6	1
62	ACTN1	6374	ZYX	1
62	ACTN1	4748	S100A11	1
62	ACTN1	1893	FERMT2	1
63	ACTN4	2682	KDELR3	1
63	ACTN4	228	ANXA2	1
63	ACTN4	589	C15ORF52	1
63	ACTN4	1746	ETHE1	1
63	ACTN4	3409	NCEH1	1
64	ACTR10	2411	HRAS	1
64	ACTR10	2781	KRAS	1
64	ACTR10	3579	NRAS	1
64	ACTR10	3326	MYC	1
65	ACTR1A	307	ARL3	1
65	ACTR1A	2411	HRAS	1
65	ACTR1A	2781	KRAS	1
65	ACTR1A	3579	NRAS	1
66	ACTR1B	3375	NAE1	1
67	ACTR2	2411	HRAS	1
67	ACTR2	2781	KRAS	1
67	ACTR2	3579	NRAS	1
68	ACTR3C	1029	CLDN4	1
69	ACTRT2	3375	NAE1	1
70	ACVR1	676	CALU	1
70	ACVR1	1763	EXT2	1
71	ACVR2B	2411	HRAS	1
71	ACVR2B	2781	KRAS	1
71	ACVR2B	3579	NRAS	1
72	ACVRL1	2411	HRAS	1
72	ACVRL1	2781	KRAS	1
72	ACVRL1	3579	NRAS	1
72	ACVRL1	5970	VHL	1
73	ACYP1	5869	UBR7	1
74	ADA2	2411	HRAS	1
74	ADA2	2781	KRAS	1
74	ADA2	3579	NRAS	1
74	ADA2	1281	CYP2C8	1
74	ADA2	1287	CYP3A4	1
74	ADA2	1288	CYP3A5	1
74	ADA2	1289	CYP3A7	1
74	ADA2	1282	CYP2C9	1
74	ADA2	1273	CYP19A1	1
74	ADA2	1275	CYP1B1	1
74	ADA2	5783	TUBB1	1
74	ADA2	3573	NR1I2	1
74	ADA2	3022	MAP4	1
74	ADA2	3007	MAP2	1
74	ADA2	3045	MAPT	1
74	ADA2	5042	SLCO1B3	1
74	ADA2	468	BCL2	1
75	ADAM10	4272	PSEN1	1
75	ADAM10	401	ATP6V1A	1
76	ADAM21	3375	NAE1	1
77	ADAM22	2411	HRAS	1
77	ADAM22	2781	KRAS	1
77	ADAM22	3579	NRAS	1
77	ADAM22	167	ALB	1
77	ADAM22	3715	ORM1	1
77	ADAM22	1287	CYP3A4	1
77	ADAM22	1288	CYP3A5	1
77	ADAM22	1289	CYP3A7	1
77	ADAM22	1274	CYP1A2	1
77	ADAM22	1282	CYP2C9	1
77	ADAM22	1283	CYP2D6	1
77	ADAM22	1280	CYP2C19	1
77	ADAM22	4320	PTGS1	1
77	ADAM22	481	BCR	1
77	ADAM22	2733	KIT	1
77	ADAM22	4519	RET	1
77	ADAM22	3607	NTRK1	1
77	ADAM22	1177	CSF1R	1
77	ADAM22	3866	PDGFRA	1
77	ADAM22	1351	DDR1	1
77	ADAM22	3867	PDGFRB	1
77	ADAM22	4975	SLC22A1	1
77	ADAM22	4978	SLC22A2	1
78	ADAM8	3375	NAE1	1
79	ADAM9	1493	DOCK1	1
79	ADAM9	231	ANXA4	1
79	ADAM9	3558	NPC2	1
79	ADAM9	424	AVPI1	1
79	ADAM9	3352	MYOF	1
79	ADAM9	4366	RAB11FIP5	1
79	ADAM9	4555	RHOC	1
79	ADAM9	1880	FCHO2	1
79	ADAM9	2294	HEXB	1
79	ADAM9	2596	ITGA2	1
79	ADAM9	2674	KCTD11	1
79	ADAM9	1771	F2RL1	1
79	ADAM9	4031	PLK2	1
79	ADAM9	445	BAG3	1
79	ADAM9	403	ATP6V1C1	1
79	ADAM9	1220	CTSA	1
80	ADAMDEC1	2411	HRAS	1
80	ADAMDEC1	2781	KRAS	1
80	ADAMDEC1	3579	NRAS	1
81	ADAMTS1	2918	LOX	1
82	ADAMTS17	3375	NAE1	1
83	ADAMTS18	2411	HRAS	1
83	ADAMTS18	2781	KRAS	1
83	ADAMTS18	3579	NRAS	1
84	ADAMTS2	870	CDC7	1
85	ADAMTS8	257	APOA2	1
86	ADAMTSL5	2411	HRAS	1
86	ADAMTSL5	2781	KRAS	1
86	ADAMTSL5	3579	NRAS	1
87	ADAP1	2739	KLF5	1
88	ADAR	5366	TARS2	1
89	ADAT1	3326	MYC	1
90	ADAT2	4097	POLR1B	1
90	ADAT2	4640	RPIA	1
90	ADAT2	479	BCLAF1	1
90	ADAT2	5080	SMIM8	1
90	ADAT2	5391	TBP	1
90	ADAT2	5716	TRMT11	1
90	ADAT2	6049	WTAP	1
91	ADAT3	4594	RNF126	1
91	ADAT3	4432	RANBP3	1
92	ADCY8	3335	MYH3	1
92	ADCY8	2411	HRAS	1
92	ADCY8	2781	KRAS	1
92	ADCY8	3579	NRAS	1
93	ADD1	6009	WDR1	1
94	ADGRA2	2411	HRAS	1
94	ADGRA2	2781	KRAS	1
94	ADGRA2	3579	NRAS	1
95	ADGRB1	3375	NAE1	1
96	ADGRD2	3375	NAE1	1
97	ADGRE1	3375	NAE1	1
98	ADGRF2	3375	NAE1	1
99	ADGRG1	3785	PATJ	1
99	ADGRG1	2705	KIAA1522	1
99	ADGRG1	5745	TSPAN1	1
99	ADGRG1	2411	HRAS	1
99	ADGRG1	2781	KRAS	1
99	ADGRG1	3579	NRAS	1
100	ADGRG6	2596	ITGA2	1
100	ADGRG6	295	ARHGEF5	1
101	ADGRL1	3579	NRAS	1
101	ADGRL1	2411	HRAS	1
101	ADGRL1	2781	KRAS	1
102	ADGRL2	3375	NAE1	1
103	ADH1A	2411	HRAS	1
103	ADH1A	2781	KRAS	1
103	ADH1A	3579	NRAS	1
104	ADIPOQ	1945	FOS	1
105	ADIPOR1	272	ARF1	1
105	ADIPOR1	830	CD46	1
105	ADIPOR1	1260	CYB5R1	1
105	ADIPOR1	4814	SDHC	1
106	ADK	4904	SGMS1	1
107	ADM	228	ANXA2	1
107	ADM	1690	EPAS1	1
107	ADM	731	CAVIN1	1
107	ADM	3093	MDM2	1
107	ADM	3177	MMP28	1
107	ADM	5480	TIPARP	1
108	ADNP	695	CAPRIN1	1
108	ADNP	5070	SMC3	1
108	ADNP	1681	ENOPH1	1
108	ADNP	799	CCNT2	1
108	ADNP	1132	CPNE1	1
108	ADNP	1431	DIDO1	1
108	ADNP	4478	RBM39	1
109	ADORA1	3375	NAE1	1
110	ADORA2A	2411	HRAS	1
110	ADORA2A	2781	KRAS	1
110	ADORA2A	3579	NRAS	1
110	ADORA2A	3375	NAE1	1
111	ADORA2B	1675	EMP1	1
112	ADPRHL2	2411	HRAS	1
112	ADPRHL2	2781	KRAS	1
112	ADPRHL2	3579	NRAS	1
112	ADPRHL2	3375	NAE1	1
113	ADPRM	5914	URI1	1
113	ADPRM	802	CCT2	1
113	ADPRM	1444	DLD	1
113	ADPRM	3105	MED17	1
113	ADPRM	3170	MLLT10	1
113	ADPRM	4847	SENP2	1
113	ADPRM	5435	TFB2M	1
113	ADPRM	5507	TMED2	1
113	ADPRM	6213	ZNF227	1
113	ADPRM	6205	ZNF18	1
114	ADRA1A	5339	TACR1	1
114	ADRA1A	5459	THPO	1
114	ADRA1A	3375	NAE1	1
115	ADRA1D	1921	FKBP8	1
116	ADRB1	833	CD52	1
116	ADRB1	2944	LRTM1	1
117	ADSL	5669	TRAIP	1
117	ADSL	1517	DRG1	1
118	ADSS	2453	IARS2	1
118	ADSS	5637	TOR1AIP1	1
118	ADSS	5879	UCHL5	1
119	AEBP2	2411	HRAS	1
119	AEBP2	2781	KRAS	1
119	AEBP2	3579	NRAS	1
119	AEBP2	3375	NAE1	1
120	AFAP1	4731	RTL8C	1
120	AFAP1	5129	SNX21	1
120	AFAP1	3375	NAE1	1
121	AFF4	5507	TMED2	1
122	AGBL5	2411	HRAS	1
122	AGBL5	2781	KRAS	1
122	AGBL5	3579	NRAS	1
123	AGER	5154	SPAG8	1
124	AGFG2	3375	NAE1	1
125	AGGF1	1444	DLD	1
125	AGGF1	5655	TPRKB	1
125	AGGF1	5356	TAF9	1
125	AGGF1	4601	RNF14	1
126	AGMO	3326	MYC	1
127	AGO2	4403	RAD21	1
127	AGO2	4667	RPL8	1
127	AGO2	1264	CYC1	1
128	AGPAT2	2411	HRAS	1
128	AGPAT2	2781	KRAS	1
128	AGPAT2	3579	NRAS	1
129	AGPAT5	2376	HNRNPA3	1
129	AGPAT5	746	CCAR2	1
130	AGR2	1029	CLDN4	1
130	AGR2	2982	MACC1	1
131	AGRN	3352	MYOF	1
131	AGRN	1973	FSTL3	1
131	AGRN	2078	GJB3	1
131	AGRN	4890	SFN	1
132	AGTR1	2411	HRAS	1
132	AGTR1	2781	KRAS	1
132	AGTR1	3579	NRAS	1
133	AGTR2	3375	NAE1	1
134	AHCTF1	2411	HRAS	1
134	AHCTF1	2781	KRAS	1
134	AHCTF1	3579	NRAS	1
134	AHCTF1	3326	MYC	1
135	AHCY	2411	HRAS	1
135	AHCY	2781	KRAS	1
135	AHCY	3579	NRAS	1
136	AHNAK	2600	ITGAV	1
136	AHNAK	229	ANXA2P1	1
136	AHNAK	4555	RHOC	1
136	AHNAK	865	CDC42EP1	1
136	AHNAK	726	CAST	1
136	AHNAK	3375	NAE1	1
137	AHNAK2	4565	RIN2	1
137	AHNAK2	2732	KIRREL	1
137	AHNAK2	4157	PPP1R13L	1
138	AHR	2739	KLF5	1
138	AHR	3375	NAE1	1
139	AHSA1	3375	NAE1	1
140	AIF1	2152	GPR18	1
140	AIF1	2528	IL3RA	1
140	AIF1	1898	FGD2	1
140	AIF1	2225	GUCA1A	1
140	AIF1	2348	HLA-DOA	1
140	AIF1	913	CDSN	1
140	AIF1	2172	GPSM3	1
140	AIF1	2856	LENEP	1
140	AIF1	2969	LY86	1
140	AIF1	5187	SPRR4	1
141	AIFM1	386	ATP5B	1
141	AIFM1	5480	TIPARP	1
141	AIFM1	3375	NAE1	1
142	AIFM2	3375	NAE1	1
143	AIFM3	3375	NAE1	1
144	AIG1	3375	NAE1	1
145	AIM2	3326	MYC	1
146	AIMP1	4602	RNF146	1
146	AIMP1	1752	EXOC5	1
146	AIMP1	5879	UCHL5	1
146	AIMP1	4436	RAP1GDS1	1
146	AIMP1	5210	SRP72	1
147	AIMP2	3252	MRPS17	1
147	AIMP2	3375	NAE1	1
148	AIP	1412	DHPS	1
149	AK1	163	AKT2	1
149	AK1	164	AKT3	1
149	AK1	1600	EGFR	1
149	AK1	3423	NCS1	1
149	AK1	850	CDA	1
149	AK1	1330	DCK	1
149	AK1	4708	RRM1	1
149	AK1	5807	TYMS	1
149	AK1	1058	CMPK1	1
149	AK1	5003	SLC29A1	1
149	AK1	5002	SLC28A1	1
149	AK1	5004	SLC29A2	1
150	AK3	2707	KIAA2026	1
150	AK3	4040	PLPP6	1
151	AK9	2411	HRAS	1
151	AK9	2781	KRAS	1
151	AK9	3579	NRAS	1
152	AKAP11	5302	SUPT20H	1
153	AKAP4	514	BMP8A	1
154	AKAP8	1648	ELL	1
154	AKAP8	2222	GTPBP3	1
154	AKAP8	4389	RAB8A	1
154	AKAP8	987	CHERP	1
154	AKAP8	2385	HNRNPM	1
154	AKAP8	5531	TMEM161A	1
155	AKAP8L	3786	PATZ1	1
155	AKAP8L	5905	UPF1	1
155	AKAP8L	2782	KRI1	1
155	AKAP8L	5061	SMARCA4	1
155	AKAP8L	6230	ZNF317	1
155	AKAP8L	3375	NAE1	1
156	AKAP9	3890	PEX1	1
157	AKR1A1	2411	HRAS	1
157	AKR1A1	2781	KRAS	1
157	AKR1A1	3579	NRAS	1
158	AKR1C2	5890	UGT1A7	1
159	AKR1C3	3326	MYC	1
160	AKR7A2	167	ALB	1
160	AKR7A2	3715	ORM1	1
160	AKR7A2	1287	CYP3A4	1
160	AKR7A2	1288	CYP3A5	1
160	AKR7A2	1289	CYP3A7	1
160	AKR7A2	1274	CYP1A2	1
160	AKR7A2	1282	CYP2C9	1
160	AKR7A2	1283	CYP2D6	1
160	AKR7A2	1280	CYP2C19	1
160	AKR7A2	4320	PTGS1	1
160	AKR7A2	481	BCR	1
160	AKR7A2	2733	KIT	1
160	AKR7A2	4519	RET	1
160	AKR7A2	3607	NTRK1	1
160	AKR7A2	1177	CSF1R	1
160	AKR7A2	3866	PDGFRA	1
160	AKR7A2	1351	DDR1	1
160	AKR7A2	3867	PDGFRB	1
160	AKR7A2	4975	SLC22A1	1
160	AKR7A2	4978	SLC22A2	1
161	AKT1	1837	FASN	1
161	AKT1	270	AR	1
161	AKT1	723	CASP9	1
161	AKT1	4709	RRM2	1
161	AKT1	1710	ERBB2	1
161	AKT1	2984	MAD2L1	1
161	AKT1	721	CASP8	1
161	AKT1	964	CFLAR	1
161	AKT1	1781	FADD	1
161	AKT1	5585	TNFRSF10B	1
161	AKT1	2626	JUN	1
161	AKT1	5959	VAV1	1
161	AKT1	5960	VAV3	1
161	AKT1	364	ATG5	1
161	AKT1	487	BECN1	1
161	AKT1	3004	MAP1LC3A	1
161	AKT1	528	BRAF	1
161	AKT1	1925	FLI1	1
161	AKT1	5180	SPINT2	1
161	AKT1	5234	SSX1	1
161	AKT1	5298	SUMO1	1
161	AKT1	4328	PTPA	1
161	AKT1	4223	PRKDC	1
161	AKT1	4866	SERPINF2	1
161	AKT1	468	BCL2	1
161	AKT1	558	BTG2	1
161	AKT1	3278	MSMP	1
161	AKT1	454	BAX	1
161	AKT1	470	BCL2L1	1
161	AKT1	472	BCL2L11	1
161	AKT1	3077	MCL1	1
161	AKT1	6060	XIAP	1
161	AKT1	716	CASP3	1
161	AKT1	5639	TP53	1
161	AKT1	4136	PPARA	1
161	AKT1	2706	KIAA1524	1
161	AKT1	3774	PARP1	1
161	AKT1	3959	PIK3CA	1
161	AKT1	5804	TXNRD1	1
161	AKT1	1238	CUX1	1
161	AKT1	5056	SMAD4	1
161	AKT1	893	CDK4	1
161	AKT1	896	CDK6	1
161	AKT1	3036	MAPK8	1
161	AKT1	3027	MAPK1	1
161	AKT1	3303	MTOR	1
161	AKT1	2694	KEAP1	1
161	AKT1	1600	EGFR	1
161	AKT1	3375	NAE1	1
162	AKT1S1	242	AP2S1	1
163	AKT2	164	AKT3	1
163	AKT2	3375	NAE1	1
163	AKT2	1600	EGFR	1
164	AKT3	1600	EGFR	1
164	AKT3	2929	LRP12	1
165	AKTIP	2593	ITFG1	1
165	AKTIP	3375	NAE1	1
166	ALAD	3375	NAE1	1
167	ALB	682	CAMK2G	1
167	ALB	1985	FZD2	1
167	ALB	3482	NFATC1	1
167	ALB	3484	NFATC2IP	1
167	ALB	3861	PDE6H	1
167	ALB	4175	PPP3CA	1
167	ALB	4230	PRMT8	1
167	ALB	4494	RCAN1	1
167	ALB	4745	RYK	1
167	ALB	3860	PDE6C	1
167	ALB	4005	PLCB1	1
167	ALB	4176	PPP3CB	1
167	ALB	4495	RCAN2	1
167	ALB	6043	WNT5A	1
167	ALB	2533	IL7	1
167	ALB	5219	SRSF1	1
167	ALB	3029	MAPK11	1
167	ALB	1947	FOSL1	1
167	ALB	4853	SEP-06	1
167	ALB	2059	GGCX	1
167	ALB	2087	GLIPR1	1
167	ALB	174	ALG10B	1
167	ALB	2094	GLT8D1	1
167	ALB	2330	HIST1H3F	1
167	ALB	2351	HLA-DRA	1
167	ALB	2352	HLA-DRB5	1
167	ALB	2602	ITGB1	1
167	ALB	3418	NCOA3	1
167	ALB	3586	NRG2	1
167	ALB	3684	OR2F1	1
167	ALB	4036	PLOD2	1
167	ALB	4357	PYROXD1	1
167	ALB	384	ATP2C2	1
167	ALB	4435	RAP1A	1
167	ALB	4665	RPL5	1
167	ALB	4757	S1PR2	1
167	ALB	400	ATP6V0E1	1
167	ALB	5125	SNX10	1
167	ALB	5139	SORBS1	1
167	ALB	5147	SP100	1
167	ALB	5329	SYT11	1
167	ALB	662	CACNA2D2	1
167	ALB	695	CAPRIN1	1
167	ALB	848	CD93	1
167	ALB	1032	CLEC2D	1
167	ALB	1048	CLPX	1
167	ALB	2563	INTS6L	1
167	ALB	1443	DLAT	1
167	ALB	1586	EDF1	1
167	ALB	1694	EPB42	1
167	ALB	1729	ERMP1	1
167	ALB	1917	FKBP11	1
167	ALB	2029	GBP4	1
167	ALB	208	ANK3	1
167	ALB	2827	LAPTM4B	1
167	ALB	255	API5	1
167	ALB	3192	MORC3	1
167	ALB	3618	NUDT3	1
167	ALB	4023	PLEKHM1	1
167	ALB	4160	PPP1R2	1
167	ALB	4831	SEL1L	1
167	ALB	4876	SETMAR	1
167	ALB	4780	SCAF11	1
167	ALB	4956	SKP1	1
167	ALB	5059	SMARCA1	1
167	ALB	5190	SPTB	1
167	ALB	5204	SRI	1
167	ALB	5313	SV2B	1
167	ALB	5369	TAS2R14	1
167	ALB	5449	THAP1	1
167	ALB	428	AZGP1	1
167	ALB	5595	TNFRSF9	1
167	ALB	5881	UCP2	1
167	ALB	6194	ZNF140	1
167	ALB	2850	LDLRAD4	1
167	ALB	672	CALM1	1
167	ALB	693	CAPN6	1
167	ALB	709	CARS	1
167	ALB	779	CCL23	1
167	ALB	1081	CNR1	1
167	ALB	1137	CPSF1	1
167	ALB	1197	CST4	1
167	ALB	1221	CTSB	1
167	ALB	1238	CUX1	1
167	ALB	1251	CXCR4	1
167	ALB	173	ALDOC	1
167	ALB	3900	PGAP2	1
167	ALB	2012	GAPDH	1
167	ALB	2999	MAML1	1
167	ALB	3136	MGAT2	1
167	ALB	4443	RARA	1
167	ALB	4656	RPL35	1
167	ALB	4736	RTP4	1
167	ALB	405	ATP7A	1
167	ALB	5488	TLE1	1
167	ALB	5512	TMEFF1	1
167	ALB	5690	TRIM24	1
167	ALB	5709	TRIP11	1
167	ALB	5858	UBE3A	1
167	ALB	653	CA2	1
167	ALB	916	CEACAM1	1
167	ALB	1250	CXCR3	1
167	ALB	1610	EHF	1
167	ALB	2592	ITCH	1
167	ALB	2636	KAT6A	1
167	ALB	3510	NKRF	1
167	ALB	4775	SAT1	1
167	ALB	5384	TBCCD1	1
167	ALB	5652	TPM1	1
167	ALB	1151	CRCP	1
167	ALB	1207	CTDSPL	1
167	ALB	1345	DDAH1	1
167	ALB	2213	GTF2H5	1
167	ALB	2934	LRRC37A3	1
167	ALB	4871	SESTD1	1
167	ALB	5148	SP110	1
167	ALB	5818	UBA6	1
167	ALB	6262	ZNF473	1
167	ALB	1028	CLDN3	1
167	ALB	924	CELF2	1
167	ALB	1604	EGR3	1
167	ALB	1932	FLT3LG	1
167	ALB	4659	RPL36A	1
167	ALB	2142	GPC5	1
167	ALB	2303	HIF3A	1
167	ALB	2662	KCNJ13	1
167	ALB	4217	PRKCQ	1
167	ALB	6363	ZP3	1
167	ALB	1096	COL3A1	1
167	ALB	2468	IFI16	1
167	ALB	2523	IL27RA	1
167	ALB	2529	IL4	1
167	ALB	355	ATF5	1
167	ALB	655	CA5A	1
167	ALB	1053	CLTC	1
167	ALB	5481	TJP1	1
167	ALB	5727	TROVE2	1
167	ALB	1882	FCN3	1
167	ALB	5034	SLC50A1	1
167	ALB	5433	TFAP2B	1
167	ALB	680	CAMK2B	1
167	ALB	4650	RPL21	1
167	ALB	5947	UTP14A	1
167	ALB	3067	MBD4	1
167	ALB	442	BAD	1
167	ALB	2584	IRF7	1
167	ALB	2900	LIPE	1
167	ALB	3859	PDE4DIP	1
167	ALB	1315	DBF4	1
167	ALB	5890	UGT1A7	1
167	ALB	1279	CYP2B6	1
167	ALB	670	CADM4	1
167	ALB	1182	CSHL1	1
167	ALB	1170	CRYBB2	1
167	ALB	1988	FZD8	1
167	ALB	3906	PGLS	1
167	ALB	3873	PDLIM5	1
167	ALB	5119	SNTA1	1
167	ALB	1051	CLTA	1
168	ALDH18A1	1468	DNAJB6	1
168	ALDH18A1	5495	TM9SF2	1
168	ALDH18A1	1443	DLAT	1
168	ALDH18A1	802	CCT2	1
168	ALDH18A1	3293	MTFR1	1
168	ALDH18A1	2091	GLRX3	1
169	ALDH1A3	5479	TINAGL1	1
169	ALDH1A3	228	ANXA2	1
170	ALDH3A1	3375	NAE1	1
171	ALDH5A1	3375	NAE1	1
172	ALDOB	3672	OPRPN	1
172	ALDOB	5255	STATH	1
172	ALDOB	2664	KCNJ5	1
173	ALDOC	3715	ORM1	1
173	ALDOC	1287	CYP3A4	1
173	ALDOC	1288	CYP3A5	1
173	ALDOC	1289	CYP3A7	1
173	ALDOC	1274	CYP1A2	1
173	ALDOC	1282	CYP2C9	1
173	ALDOC	1283	CYP2D6	1
173	ALDOC	1280	CYP2C19	1
173	ALDOC	4320	PTGS1	1
173	ALDOC	481	BCR	1
173	ALDOC	2733	KIT	1
173	ALDOC	4519	RET	1
173	ALDOC	3607	NTRK1	1
173	ALDOC	1177	CSF1R	1
173	ALDOC	3866	PDGFRA	1
173	ALDOC	1351	DDR1	1
173	ALDOC	3867	PDGFRB	1
173	ALDOC	4975	SLC22A1	1
173	ALDOC	4978	SLC22A2	1
174	ALG10B	3715	ORM1	1
174	ALG10B	1287	CYP3A4	1
174	ALG10B	1288	CYP3A5	1
174	ALG10B	1289	CYP3A7	1
174	ALG10B	1274	CYP1A2	1
174	ALG10B	1282	CYP2C9	1
174	ALG10B	1283	CYP2D6	1
174	ALG10B	1280	CYP2C19	1
174	ALG10B	4320	PTGS1	1
174	ALG10B	481	BCR	1
174	ALG10B	2733	KIT	1
174	ALG10B	4519	RET	1
174	ALG10B	3607	NTRK1	1
174	ALG10B	1177	CSF1R	1
174	ALG10B	3866	PDGFRA	1
174	ALG10B	1351	DDR1	1
174	ALG10B	3867	PDGFRB	1
174	ALG10B	4975	SLC22A1	1
174	ALG10B	4978	SLC22A2	1
175	ALG2	2411	HRAS	1
175	ALG2	2781	KRAS	1
175	ALG2	3579	NRAS	1
176	ALG3	2411	HRAS	1
176	ALG3	2781	KRAS	1
176	ALG3	3579	NRAS	1
177	ALK	472	BCL2L11	1
177	ALK	2297	HGF	1
177	ALK	3077	MCL1	1
177	ALK	3303	MTOR	1
177	ALK	3774	PARP1	1
177	ALK	5253	STAT3	1
177	ALK	813	CD177	1
177	ALK	1352	DDR2	1
177	ALK	5060	SMARCA2	1
177	ALK	5061	SMARCA4	1
177	ALK	1600	EGFR	1
177	ALK	1904	FGFR1	1
178	ALKBH2	582	C12ORF73	1
178	ALKBH2	3375	NAE1	1
179	ALKBH3	2411	HRAS	1
179	ALKBH3	2781	KRAS	1
179	ALKBH3	3579	NRAS	1
179	ALKBH3	3375	NAE1	1
180	ALKBH4	5734	TRRAP	1
180	ALKBH4	3375	NAE1	1
181	ALKBH5	3375	NAE1	1
182	ALKBH6	3375	NAE1	1
183	ALKBH7	2411	HRAS	1
183	ALKBH7	2781	KRAS	1
183	ALKBH7	3579	NRAS	1
183	ALKBH7	3326	MYC	1
183	ALKBH7	3375	NAE1	1
184	ALLC	2411	HRAS	1
184	ALLC	2781	KRAS	1
184	ALLC	3579	NRAS	1
185	ALMS1	2411	HRAS	1
185	ALMS1	2781	KRAS	1
185	ALMS1	3579	NRAS	1
185	ALMS1	3326	MYC	1
186	ALOX5AP	3326	MYC	1
187	ALPI	6334	ZNF749	1
188	ALPK1	684	CAMKK2	1
188	ALPK1	2664	KCNJ5	1
188	ALPK1	3965	PILRA	1
188	ALPK1	6322	ZNF692	1
188	ALPK1	5783	TUBB1	1
188	ALPK1	3573	NR1I2	1
188	ALPK1	3022	MAP4	1
188	ALPK1	3007	MAP2	1
188	ALPK1	3045	MAPT	1
188	ALPK1	5042	SLCO1B3	1
188	ALPK1	468	BCL2	1
188	ALPK1	1273	CYP19A1	1
188	ALPK1	1275	CYP1B1	1
188	ALPK1	1281	CYP2C8	1
188	ALPK1	1282	CYP2C9	1
188	ALPK1	1287	CYP3A4	1
188	ALPK1	1288	CYP3A5	1
188	ALPK1	1289	CYP3A7	1
189	ALPK3	3375	NAE1	1
190	ALS2CL	5574	TMPRSS4	1
190	ALS2CL	2179	GRB7	1
191	AMDHD2	3199	MPG	1
191	AMDHD2	5278	STUB1	1
191	AMDHD2	5568	TMEM8A	1
191	AMDHD2	466	BCKDK	1
191	AMDHD2	5753	TSR3	1
191	AMDHD2	2052	GFER	1
191	AMDHD2	5358	TAOK2	1
192	AMELY	3375	NAE1	1
193	AMFR	2411	HRAS	1
193	AMFR	2781	KRAS	1
193	AMFR	3579	NRAS	1
194	AMIGO2	697	CARD10	1
194	AMIGO2	1600	EGFR	1
194	AMIGO2	3375	NAE1	1
195	AMOTL2	435	B4GALT4	1
195	AMOTL2	3724	OSMR	1
195	AMOTL2	5493	TM4SF1	1
195	AMOTL2	1941	FNDC3B	1
195	AMOTL2	2924	LPP	1
195	AMOTL2	4169	PPP2R3A	1
196	AMPD2	1281	CYP2C8	1
196	AMPD2	1287	CYP3A4	1
196	AMPD2	1288	CYP3A5	1
196	AMPD2	1289	CYP3A7	1
196	AMPD2	1282	CYP2C9	1
196	AMPD2	1273	CYP19A1	1
196	AMPD2	1275	CYP1B1	1
196	AMPD2	468	BCL2	1
196	AMPD2	5783	TUBB1	1
196	AMPD2	3573	NR1I2	1
196	AMPD2	3022	MAP4	1
196	AMPD2	3007	MAP2	1
196	AMPD2	3045	MAPT	1
196	AMPD2	5042	SLCO1B3	1
197	AMPH	2411	HRAS	1
197	AMPH	2781	KRAS	1
197	AMPH	3579	NRAS	1
198	AMZ2	2432	HSPA8	1
198	AMZ2	4559	RIDA	1
198	AMZ2	2744	KLHL12	1
199	ANAPC1	3375	NAE1	1
199	ANAPC1	2411	HRAS	1
199	ANAPC1	3579	NRAS	1
199	ANAPC1	2781	KRAS	1
200	ANAPC10	787	CCNC	1
200	ANAPC10	5887	UGP2	1
200	ANAPC10	4559	RIDA	1
200	ANAPC10	2259	HBS1L	1
200	ANAPC10	5914	URI1	1
201	ANAPC11	941	CENPX	1
202	ANAPC2	5452	THAP7	1
202	ANAPC2	1405	DGCR8	1
202	ANAPC2	2219	GTF3C5	1
202	ANAPC2	3254	MRPS2	1
202	ANAPC2	2411	HRAS	1
202	ANAPC2	2781	KRAS	1
202	ANAPC2	3579	NRAS	1
203	ANAPC4	2411	HRAS	1
203	ANAPC4	3579	NRAS	1
203	ANAPC4	2781	KRAS	1
204	ANAPC5	1834	FARSA	1
204	ANAPC5	973	CHAF1A	1
205	ANAPC7	5572	TMPO	1
206	ANGEL2	300	ARID4B	1
206	ANGEL2	4076	POGK	1
207	ANK1	3375	NAE1	1
208	ANK3	3715	ORM1	1
208	ANK3	1287	CYP3A4	1
208	ANK3	1288	CYP3A5	1
208	ANK3	1289	CYP3A7	1
208	ANK3	1274	CYP1A2	1
208	ANK3	1282	CYP2C9	1
208	ANK3	1283	CYP2D6	1
208	ANK3	1280	CYP2C19	1
208	ANK3	4320	PTGS1	1
208	ANK3	481	BCR	1
208	ANK3	2733	KIT	1
208	ANK3	4519	RET	1
208	ANK3	3607	NTRK1	1
208	ANK3	1177	CSF1R	1
208	ANK3	3866	PDGFRA	1
208	ANK3	1351	DDR1	1
208	ANK3	3867	PDGFRB	1
208	ANK3	4975	SLC22A1	1
208	ANK3	4978	SLC22A2	1
209	ANKFN1	2411	HRAS	1
209	ANKFN1	2781	KRAS	1
209	ANKFN1	3579	NRAS	1
210	ANKFY1	2908	LMBRD1	1
210	ANKFY1	4813	SDHB	1
210	ANKFY1	3105	MED17	1
210	ANKFY1	3170	MLLT10	1
210	ANKFY1	2432	HSPA8	1
210	ANKFY1	4814	SDHC	1
210	ANKFY1	5439	TFG	1
210	ANKFY1	272	ARF1	1
210	ANKFY1	5914	URI1	1
210	ANKFY1	4696	RPS6KB1	1
211	ANKH	2411	HRAS	1
211	ANKH	2781	KRAS	1
211	ANKH	3579	NRAS	1
212	ANKRD1	427	AXL	1
213	ANKRD13C	2411	HRAS	1
213	ANKRD13C	2781	KRAS	1
213	ANKRD13C	3579	NRAS	1
214	ANKRD16	3619	NUDT5	1
214	ANKRD16	5311	SUV39H2	1
214	ANKRD16	4469	RBM17	1
214	ANKRD16	4671	RPP38	1
215	ANKRD20A1	2411	HRAS	1
215	ANKRD20A1	2781	KRAS	1
215	ANKRD20A1	3579	NRAS	1
215	ANKRD20A1	3326	MYC	1
216	ANKRD22	4861	SERPINB5	1
216	ANKRD22	3031	MAPK13	1
216	ANKRD22	5020	SLC37A1	1
217	ANKRD26	2411	HRAS	1
217	ANKRD26	2781	KRAS	1
217	ANKRD26	3579	NRAS	1
218	ANKRD46	4933	SHPRH	1
219	ANKZF1	3375	NAE1	1
220	ANLN	729	CAV1	1
221	ANO1	689	CAPN1	1
221	ANO1	4750	S100A14	1
221	ANO1	3375	NAE1	1
222	ANOS1	3375	NAE1	1
223	ANP32A	1071	CNOT10	1
223	ANP32A	3625	NUP160	1
223	ANP32A	6189	ZNF124	1
223	ANP32A	3084	MCM7	1
223	ANP32A	1048	CLPX	1
223	ANP32A	3943	PIAS1	1
224	ANP32B	2374	HNRNPA1	1
224	ANP32B	2551	INIP	1
224	ANP32B	4088	POLE3	1
225	ANP32E	5153	SPAG5	1
225	ANP32E	5631	TOP2A	1
225	ANP32E	3181	MND1	1
225	ANP32E	2887	LIN9	1
225	ANP32E	3467	NEK2	1
226	ANTXR1	232	ANXA5	1
226	ANTXR1	1097	COL4A2	1
227	ANXA1	2909	LMNA	1
227	ANXA1	2861	LEPROT	1
227	ANXA1	4447	RASAL2	1
227	ANXA1	4867	SERPINH1	1
227	ANXA1	5379	TBC1D2	1
228	ANXA2	961	CFB	1
228	ANXA2	1656	ELOVL1	1
228	ANXA2	1790	FAM114A1	1
228	ANXA2	2028	GBP3	1
228	ANXA2	1227	CTTNBP2NL	1
228	ANXA2	4925	SHB	1
228	ANXA2	5131	SNX33	1
229	ANXA2P1	4366	RAB11FIP5	1
229	ANXA2P1	1656	ELOVL1	1
229	ANXA2P1	2880	LIMA1	1
230	ANXA2P2	3888	PERP	1
230	ANXA2P2	4006	PLCD3	1
230	ANXA2P2	5447	TGM2	1
231	ANXA4	4918	SH3D19	1
231	ANXA4	2960	LTBR	1
231	ANXA4	5493	TM4SF1	1
232	ANXA5	3393	NAV3	1
232	ANXA5	517	BNC2	1
232	ANXA5	1067	CNN3	1
232	ANXA5	3724	OSMR	1
232	ANXA5	1918	FKBP14	1
232	ANXA5	2411	HRAS	1
232	ANXA5	2781	KRAS	1
232	ANXA5	3579	NRAS	1
232	ANXA5	3326	MYC	1
233	ANXA7	3891	PEX13	1
233	ANXA7	3375	NAE1	1
234	ANXA9	1646	ELF3	1
234	ANXA9	1748	EVPL	1
234	ANXA9	4262	PRSS22	1
234	ANXA9	637	C6ORF132	1
234	ANXA9	1815	FAM83H	1
234	ANXA9	2998	MAL2	1
235	AOAH	3375	NAE1	1
236	AOX1	5967	VEGFC	1
237	AP1G2	4334	PTPN6	1
238	AP1M1	3969	PIN1	1
239	AP2A1	3611	NUCB1	1
240	AP2B1	2411	HRAS	1
240	AP2B1	2781	KRAS	1
240	AP2B1	3579	NRAS	1
241	AP2M1	1261	CYB5R3	1
242	AP2S1	4111	POLR2L	1
243	AP3B1	2906	LMAN1	1
243	AP3B1	2432	HSPA8	1
243	AP3B1	5507	TMED2	1
243	AP3B1	4277	PSMA3	1
243	AP3B1	4635	RPAP3	1
243	AP3B1	2038	GDE1	1
243	AP3B1	2068	GIN1	1
243	AP3B1	5128	SNX2	1
243	AP3B1	5356	TAF9	1
243	AP3B1	4601	RNF14	1
243	AP3B1	6093	YIPF5	1
244	AP3D1	3375	NAE1	1
245	AP3M2	4080	POLB	1
246	AP3S1	3326	MYC	1
247	AP4E1	2411	HRAS	1
247	AP4E1	2781	KRAS	1
247	AP4E1	3579	NRAS	1
248	AP5Z1	3614	NUDCD3	1
249	APAF1	3375	NAE1	1
250	APBB1IP	2060	GH1	1
250	APBB1IP	2450	HVCN1	1
251	APC	3326	MYC	1
251	APC	1723	EREG	1
251	APC	3166	MLH1	1
251	APC	3488	NFKB1	1
251	APC	4321	PTGS2	1
251	APC	454	BAX	1
251	APC	5639	TP53	1
252	APC2	3375	NAE1	1
253	APEX1	369	ATM	1
254	APEX2	3375	NAE1	1
255	API5	1444	DLD	1
255	API5	3062	MATR3	1
255	API5	2068	GIN1	1
255	API5	5689	TRIM23	1
255	API5	5954	VAMP3	1
255	API5	812	CD164	1
255	API5	868	CDC5L	1
255	API5	1991	G3BP2	1
255	API5	6081	YAF2	1
255	API5	6169	ZFYVE21	1
255	API5	6344	ZNF780A	1
255	API5	2044	GDI2	1
255	API5	2535	ILF2	1
255	API5	695	CAPRIN1	1
255	API5	3715	ORM1	1
255	API5	1287	CYP3A4	1
255	API5	1288	CYP3A5	1
255	API5	1289	CYP3A7	1
255	API5	1274	CYP1A2	1
255	API5	1282	CYP2C9	1
255	API5	1283	CYP2D6	1
255	API5	1280	CYP2C19	1
255	API5	4320	PTGS1	1
255	API5	481	BCR	1
255	API5	2733	KIT	1
255	API5	4519	RET	1
255	API5	3607	NTRK1	1
255	API5	1177	CSF1R	1
255	API5	3866	PDGFRA	1
255	API5	1351	DDR1	1
255	API5	3867	PDGFRB	1
255	API5	4975	SLC22A1	1
255	API5	4978	SLC22A2	1
255	API5	3375	NAE1	1
256	APLP1	2411	HRAS	1
256	APLP1	2781	KRAS	1
256	APLP1	3579	NRAS	1
256	APLP1	3375	NAE1	1
258	APOB	3860	PDE6C	1
258	APOB	3375	NAE1	1
259	APOBR	3375	NAE1	1
260	APOC1	2411	HRAS	1
260	APOC1	2781	KRAS	1
260	APOC1	3579	NRAS	1
261	APOC3	3375	NAE1	1
262	APOH	3375	NAE1	1
263	APOL1	961	CFB	1
264	APOL3	3649	OAS2	1
265	APPL2	277	ARFGEF1	1
265	APPL2	4803	SCYL2	1
265	APPL2	1102	COMMD10	1
266	APTX	3443	NDUFB6	1
267	AQP1	3375	NAE1	1
268	AQP2	3375	NAE1	1
269	AQR	566	BUB1B	1
269	AQR	1996	GABPB1	1
269	AQR	2859	LEO1	1
269	AQR	4700	RPUSD2	1
270	AR	3027	MAPK1	1
270	AR	3036	MAPK8	1
270	AR	5959	VAV1	1
270	AR	716	CASP3	1
270	AR	723	CASP9	1
270	AR	2626	JUN	1
270	AR	2411	HRAS	1
270	AR	2781	KRAS	1
270	AR	3579	NRAS	1
270	AR	5960	VAV3	1
271	ARAF	2411	HRAS	1
271	ARAF	2781	KRAS	1
271	ARAF	3579	NRAS	1
272	ARF1	5345	TAF12	1
272	ARF1	695	CAPRIN1	1
272	ARF1	3222	MRPL13	1
272	ARF1	6105	YWHAZ	1
273	ARF4	3077	MCL1	1
273	ARF4	4551	RHEB	1
273	ARF4	403	ATP6V1C1	1
273	ARF4	1108	COPB2	1
273	ARF4	2909	LMNA	1
273	ARF4	4669	RPP14	1
273	ARF4	2411	HRAS	1
273	ARF4	2781	KRAS	1
273	ARF4	3579	NRAS	1
274	ARF6	3774	PARP1	1
275	ARFGAP1	5867	UBR4	1
275	ARFGAP1	5276	STRN4	1
276	ARFGAP2	4880	SF1	1
277	ARFGEF1	1371	DDX5	1
277	ARFGEF1	4483	RBM7	1
277	ARFGEF1	390	ATP5F1	1
277	ARFGEF1	2217	GTF3C3	1
277	ARFGEF1	3617	NUDT21	1
277	ARFGEF1	323	ARPC5	1
277	ARFGEF1	430	AZIN1	1
277	ARFGEF1	3044	MAPRE1	1
277	ARFGEF1	3417	NCOA2	1
277	ARFGEF1	4296	PSMD12	1
277	ARFGEF1	1654	ELOC	1
277	ARFGEF1	1987	FZD6	1
277	ARFGEF1	2535	ILF2	1
278	ARFGEF2	4386	RAB5A	1
278	ARFGEF2	3580	NRBF2	1
278	ARFGEF2	3222	MRPL13	1
279	ARGLU1	1975	FUBP1	1
279	ARGLU1	3877	PDS5B	1
280	ARHGAP1	1600	EGFR	1
280	ARHGAP1	1086	CNTNAP1	1
281	ARHGAP11A	3405	NCAPH	1
281	ARHGAP11A	5071	SMC4	1
281	ARHGAP11A	3664	OIP5	1
281	ARHGAP11A	3078	MCM10	1
282	ARHGAP18	2411	HRAS	1
282	ARHGAP18	2781	KRAS	1
282	ARHGAP18	3579	NRAS	1
283	ARHGAP19	3617	NUDT21	1
283	ARHGAP19	5114	SNRPD1	1
283	ARHGAP19	2536	ILF3	1
283	ARHGAP19	3274	MSL2	1
283	ARHGAP19	1119	CORO1A	1
283	ARHGAP19	4891	SFPQ	1
283	ARHGAP19	2874	LIG1	1
283	ARHGAP19	874	CDCA7	1
284	ARHGAP24	2411	HRAS	1
284	ARHGAP24	2781	KRAS	1
284	ARHGAP24	3579	NRAS	1
285	ARHGAP27	3375	NAE1	1
286	ARHGAP29	1159	CRIM1	1
286	ARHGAP29	5579	TNFAIP1	1
286	ARHGAP29	1600	EGFR	1
286	ARHGAP29	1774	F3	1
286	ARHGAP29	5133	SNX7	1
287	ARHGAP33	2874	LIG1	1
287	ARHGAP33	3990	PKMYT1	1
288	ARHGAP36	2411	HRAS	1
288	ARHGAP36	2781	KRAS	1
288	ARHGAP36	3579	NRAS	1
288	ARHGAP36	3375	NAE1	1
289	ARHGAP6	3326	MYC	1
290	ARHGEF1	5491	TLN1	1
291	ARHGEF16	448	BAIAP2L1	1
291	ARHGEF16	5536	TMEM184A	1
292	ARHGEF2	5639	TP53	1
293	ARHGEF25	3326	MYC	1
294	ARHGEF35	3375	NAE1	1
295	ARHGEF5	3026	MAP7	1
295	ARHGEF5	1651	ELMO3	1
295	ARHGEF5	4237	PROSER2	1
295	ARHGEF5	5527	TMEM139	1
296	ARHGEF6	3375	NAE1	1
297	ARID1A	4880	SF1	1
297	ARID1A	1205	CTCF	1
297	ARID1A	5726	TROAP	1
297	ARID1A	2386	HNRNPR	1
297	ARID1A	3389	NASP	1
297	ARID1A	4195	PRDM2	1
297	ARID1A	5170	SPEN	1
297	ARID1A	1767	EZH2	1
298	ARID1B	527	BPTF	1
298	ARID1B	479	BCLAF1	1
298	ARID1B	1865	FBXO5	1
298	ARID1B	5391	TBP	1
298	ARID1B	2411	HRAS	1
298	ARID1B	2781	KRAS	1
298	ARID1B	3579	NRAS	1
299	ARID2	6119	ZBTB39	1
300	ARID4B	4502	RCOR3	1
300	ARID4B	5727	TROVE2	1
301	ARID5A	2411	HRAS	1
301	ARID5A	2781	KRAS	1
301	ARID5A	3579	NRAS	1
302	ARIH1	5124	SNX1	1
302	ARIH1	6298	ZNF609	1
303	ARIH2	3855	PDE12	1
304	ARL1	2682	KDELR3	1
304	ARL1	2038	GDE1	1
305	ARL13A	2411	HRAS	1
305	ARL13A	2781	KRAS	1
305	ARL13A	3579	NRAS	1
306	ARL14	1771	F2RL1	1
308	ARL4A	2411	HRAS	1
308	ARL4A	2781	KRAS	1
308	ARL4A	3579	NRAS	1
309	ARL6	3326	MYC	1
309	ARL6	3375	NAE1	1
310	ARL6IP4	1921	FKBP8	1
310	ARL6IP4	3661	OGFOD2	1
311	ARL8A	2411	HRAS	1
311	ARL8A	2781	KRAS	1
311	ARL8A	3579	NRAS	1
312	ARL8B	1585	EDEM1	1
313	ARMC1	1752	EXOC5	1
313	ARMC1	3044	MAPRE1	1
313	ARMC1	6105	YWHAZ	1
314	ARMC10	1540	DUS4L	1
315	ARMC6	3501	NHP2	1
315	ARMC6	4239	PRPF19	1
315	ARMC6	375	ATP13A1	1
315	ARMC6	1834	FARSA	1
315	ARMC6	4454	RAVER1	1
316	ARMC8	5132	SNX4	1
317	ARMCX4	2411	HRAS	1
317	ARMCX4	2781	KRAS	1
317	ARMCX4	3579	NRAS	1
318	ARNT	1042	CLK2	1
318	ARNT	1381	DEDD	1
318	ARNT	4077	POGZ	1
318	ARNT	4269	PRUNE1	1
318	ARNT	4674	RPRD2	1
318	ARNT	4875	SETDB1	1
319	ARPC1A	5009	SLC30A5	1
319	ARPC1A	2744	KLHL12	1
319	ARPC1A	1528	DSTN	1
319	ARPC1A	4232	PRNP	1
319	ARPC1A	4373	RAB22A	1
319	ARPC1A	5836	UBE2H	1
320	ARPC2	2411	HRAS	1
320	ARPC2	2781	KRAS	1
320	ARPC2	3579	NRAS	1
321	ARPC3	2411	HRAS	1
321	ARPC3	2781	KRAS	1
321	ARPC3	3579	NRAS	1
321	ARPC3	3326	MYC	1
322	ARPC4	3299	MTMR14	1
322	ARPC4	2411	HRAS	1
322	ARPC4	2781	KRAS	1
322	ARPC4	3579	NRAS	1
322	ARPC4	3326	MYC	1
323	ARPC5	3398	NBR1	1
323	ARPC5	2908	LMBRD1	1
323	ARPC5	4401	RAD17	1
323	ARPC5	1943	FNTA	1
323	ARPC5	573	C11ORF58	1
323	ARPC5	3959	PIK3CA	1
323	ARPC5	4275	PSMA1	1
323	ARPC5	4961	SLBP	1
323	ARPC5	1957	FOXO3	1
323	ARPC5	4696	RPS6KB1	1
323	ARPC5	4027	PLGRKT	1
323	ARPC5	4279	PSMA5	1
323	ARPC5	331	ASAP1	1
323	ARPC5	1112	COPS5	1
323	ARPC5	1386	DEGS1	1
323	ARPC5	2038	GDE1	1
323	ARPC5	3470	NEK7	1
323	ARPC5	3893	PEX2	1
323	ARPC5	4110	POLR2K	1
323	ARPC5	4238	PRPF18	1
323	ARPC5	5637	TOR1AIP1	1
323	ARPC5	6105	YWHAZ	1
324	ARPC5L	2411	HRAS	1
324	ARPC5L	2781	KRAS	1
324	ARPC5L	3579	NRAS	1
325	ARRB2	2196	GSG2	1
326	ARRDC1	548	BSPRY	1
327	ARSB	3738	P3H1	1
328	ARSJ	462	BCAR3	1
328	ARSJ	3758	PALLD	1
329	ART5	2411	HRAS	1
329	ART5	2781	KRAS	1
329	ART5	3579	NRAS	1
330	AS3MT	3375	NAE1	1
331	ASAP1	4703	RRAGB	1
331	ASAP1	5298	SUMO1	1
331	ASAP1	4115	POLR3F	1
331	ASAP1	4369	RAB1A	1
331	ASAP1	1053	CLTC	1
331	ASAP1	4559	RIDA	1
331	ASAP1	3258	MRPS28	1
331	ASAP1	3893	PEX2	1
331	ASAP1	4211	PRKAR1A	1
331	ASAP1	1654	ELOC	1
332	ASAP2	2826	LAPTM4A	1
332	ASAP2	3326	MYC	1
333	ASB10	2411	HRAS	1
333	ASB10	2781	KRAS	1
333	ASB10	3579	NRAS	1
334	ASB16	2411	HRAS	1
334	ASB16	2781	KRAS	1
334	ASB16	3579	NRAS	1
335	ASB17	2411	HRAS	1
335	ASB17	2781	KRAS	1
335	ASB17	3579	NRAS	1
336	ASB7	2411	HRAS	1
336	ASB7	2781	KRAS	1
336	ASB7	3579	NRAS	1
337	ASCC1	3375	NAE1	1
338	ASCC3	2411	HRAS	1
338	ASCC3	2781	KRAS	1
338	ASCC3	3579	NRAS	1
339	ASF1A	3062	MATR3	1
339	ASF1A	2639	KATNA1	1
339	ASF1A	3836	PCMT1	1
339	ASF1A	1957	FOXO3	1
339	ASF1A	2777	KPNA5	1
339	ASF1A	3375	NAE1	1
340	ASF1B	530	BRCA1	1
340	ASF1B	4454	RAVER1	1
340	ASF1B	3375	NAE1	1
341	ASH1L	6107	YY1AP1	1
342	ASH2L	446	BAG4	1
342	ASH2L	2129	GOLGA7	1
343	ASMTL-AS1	2411	HRAS	1
343	ASMTL-AS1	2781	KRAS	1
343	ASMTL-AS1	3579	NRAS	1
344	ASNA1	1655	ELOF1	1
344	ASNA1	1887	FDX2	1
345	ASNS	5789	TUBE1	1
346	ASPH	4838	SEMA3C	1
346	ASPH	4011	PLEC	1
346	ASPH	4752	S100A2	1
346	ASPH	1495	DOCK5	1
346	ASPH	1528	DSTN	1
346	ASPH	2816	LAMC1	1
346	ASPH	4234	PROCR	1
346	ASPH	4378	RAB2A	1
346	ASPH	4490	RBPMS	1
346	ASPH	4565	RIN2	1
346	ASPH	4807	SDC4	1
346	ASPH	2411	HRAS	1
346	ASPH	2781	KRAS	1
346	ASPH	3579	NRAS	1
346	ASPH	2138	GPAT3	1
347	ASPHD2	2411	HRAS	1
347	ASPHD2	2781	KRAS	1
347	ASPHD2	3579	NRAS	1
348	ASPM	3467	NEK2	1
348	ASPM	850	CDA	1
348	ASPM	1330	DCK	1
348	ASPM	4708	RRM1	1
348	ASPM	5807	TYMS	1
348	ASPM	1058	CMPK1	1
348	ASPM	5003	SLC29A1	1
348	ASPM	5002	SLC28A1	1
348	ASPM	5004	SLC29A2	1
349	ASPSCR1	4278	PSMA4	1
349	ASPSCR1	4290	PSMC2	1
349	ASPSCR1	3236	MRPL38	1
349	ASPSCR1	5063	SMARCB1	1
350	ATAD2	791	CCNE2	1
350	ATAD2	868	CDC5L	1
350	ATAD2	2711	KIF14	1
350	ATAD2	3044	MAPRE1	1
350	ATAD2	3080	MCM3	1
350	ATAD2	3081	MCM4	1
350	ATAD2	3838	PCNA	1
350	ATAD2	4528	RFC4	1
350	ATAD2	5631	TOP2A	1
350	ATAD2	5635	TOPBP1	1
350	ATAD2	5380	TBC1D31	1
351	ATAD2B	3389	NASP	1
351	ATAD2B	2411	HRAS	1
351	ATAD2B	2781	KRAS	1
351	ATAD2B	3579	NRAS	1
351	ATAD2B	3375	NAE1	1
352	ATAD3A	3375	NAE1	1
353	ATAD5	3320	MYB	1
353	ATAD5	1830	FANCM	1
353	ATAD5	3323	MYBL2	1
353	ATAD5	3389	NASP	1
353	ATAD5	4068	PNN	1
353	ATAD5	1426	DHX9	1
353	ATAD5	870	CDC7	1
353	ATAD5	1975	FUBP1	1
353	ATAD5	4891	SFPQ	1
353	ATAD5	5218	SRRT	1
353	ATAD5	5635	TOPBP1	1
353	ATAD5	6008	WDHD1	1
353	ATAD5	3774	PARP1	1
353	ATAD5	2887	LIN9	1
353	ATAD5	4528	RFC4	1
353	ATAD5	4087	POLE2	1
353	ATAD5	5068	SMC1A	1
353	ATAD5	5070	SMC3	1
353	ATAD5	3079	MCM2	1
353	ATAD5	931	CENPF	1
353	ATAD5	3181	MND1	1
353	ATAD5	4415	RAD54L	1
353	ATAD5	4529	RFC5	1
354	ATE1	3597	NSMCE4A	1
354	ATE1	4897	SFXN4	1
354	ATE1	3326	MYC	1
355	ATF5	3715	ORM1	1
355	ATF5	1287	CYP3A4	1
355	ATF5	1288	CYP3A5	1
355	ATF5	1289	CYP3A7	1
355	ATF5	1274	CYP1A2	1
355	ATF5	1282	CYP2C9	1
355	ATF5	1283	CYP2D6	1
355	ATF5	1280	CYP2C19	1
355	ATF5	4320	PTGS1	1
355	ATF5	481	BCR	1
355	ATF5	2733	KIT	1
355	ATF5	4519	RET	1
355	ATF5	3607	NTRK1	1
355	ATF5	1177	CSF1R	1
355	ATF5	3866	PDGFRA	1
355	ATF5	1351	DDR1	1
355	ATF5	3867	PDGFRB	1
355	ATF5	4975	SLC22A1	1
355	ATF5	4978	SLC22A2	1
356	ATF6B	5362	TAPBP	1
357	ATG10	3375	NAE1	1
358	ATG12	3375	NAE1	1
359	ATG16L2	2411	HRAS	1
359	ATG16L2	2781	KRAS	1
359	ATG16L2	3579	NRAS	1
360	ATG2A	6136	ZC3H7B	1
360	ATG2A	5390	TBL3	1
360	ATG2A	690	CAPN15	1
360	ATG2A	3015	MAP3K11	1
360	ATG2A	3892	PEX16	1
361	ATG3	2519	IL20RB	1
361	ATG3	4301	PSMD6	1
361	ATG3	4369	RAB1A	1
361	ATG3	3375	NAE1	1
362	ATG4A	2411	HRAS	1
362	ATG4A	2781	KRAS	1
362	ATG4A	3579	NRAS	1
363	ATG4C	4242	PRPF38A	1
363	ATG4C	3375	NAE1	1
364	ATG5	1468	DNAJB6	1
364	ATG5	3173	MMADHC	1
364	ATG5	2593	ITFG1	1
364	ATG5	5836	UBE2H	1
364	ATG5	5822	UBC	1
364	ATG5	1394	DERL1	1
364	ATG5	487	BECN1	1
364	ATG5	716	CASP3	1
364	ATG5	3004	MAP1LC3A	1
364	ATG5	3303	MTOR	1
364	ATG5	2411	HRAS	1
364	ATG5	2781	KRAS	1
364	ATG5	3579	NRAS	1
364	ATG5	3375	NAE1	1
365	ATG7	1664	EMC3	1
365	ATG7	3375	NAE1	1
366	ATG9A	3375	NAE1	1
367	ATG9B	3375	NAE1	1
368	ATL2	2411	HRAS	1
368	ATL2	2781	KRAS	1
368	ATL2	3579	NRAS	1
369	ATM	5480	TIPARP	1
369	ATM	3515	NLRP2	1
369	ATM	4315	PTEN	1
369	ATM	883	CDK1	1
369	ATM	6075	XRCC3	1
369	ATM	4223	PRKDC	1
369	ATM	3959	PIK3CA	1
369	ATM	3326	MYC	1
369	ATM	986	CHEK2	1
369	ATM	2447	HUS1	1
369	ATM	3213	MRE11	1
369	ATM	985	CHEK1	1
369	ATM	4406	RAD50	1
369	ATM	6116	ZBTB32	1
369	ATM	1491	DNTT	1
369	ATM	531	BRCA2	1
369	ATM	4708	RRM1	1
369	ATM	2693	KDR	1
369	ATM	4870	SESN2	1
369	ATM	2315	HIST1H2AE	1
369	ATM	4094	POLM	1
369	ATM	5225	SSBP1	1
369	ATM	3093	MDM2	1
369	ATM	4405	RAD23B	1
369	ATM	4407	RAD51	1
369	ATM	5585	TNFRSF10B	1
369	ATM	495	BID	1
369	ATM	893	CDK4	1
369	ATM	1600	EGFR	1
369	ATM	4417	RAD9A	1
369	ATM	6046	WRAP53	1
369	ATM	2334	HIST1H4A	1
369	ATM	4086	POLE	1
369	ATM	4644	RPL13A	1
369	ATM	4061	PMS2	1
369	ATM	890	CDK2	1
369	ATM	896	CDK6	1
369	ATM	956	CETN2	1
369	ATM	2210	GTF2H1	1
369	ATM	2482	IGF1	1
369	ATM	5903	UNG	1
369	ATM	5918	USP1	1
369	ATM	3501	NHP2	1
369	ATM	4083	POLD4	1
369	ATM	6074	XRCC2	1
369	ATM	3303	MTOR	1
369	ATM	1714	ERCC1	1
369	ATM	2485	IGFBP3	1
369	ATM	2489	IGHMBP2	1
369	ATM	3030	MAPK12	1
369	ATM	3285	MT1X	1
369	ATM	4081	POLD1	1
369	ATM	4099	POLR2A	1
369	ATM	4150	PPM1D	1
369	ATM	4491	RBX1	1
369	ATM	3778	PARP2	1
369	ATM	4511	RELA	1
369	ATM	5639	TP53	1
369	ATM	409	ATR	1
369	ATM	3375	NAE1	1
369	ATM	530	BRCA1	1
369	ATM	3774	PARP1	1
370	ATMIN	3073	MBTPS1	1
370	ATMIN	3375	NAE1	1
371	ATOH1	2411	HRAS	1
371	ATOH1	2781	KRAS	1
371	ATOH1	3579	NRAS	1
372	ATOX1	3375	NAE1	1
373	ATP10A	2411	HRAS	1
373	ATP10A	2781	KRAS	1
373	ATP10A	3579	NRAS	1
374	ATP11B	3326	MYC	1
375	ATP13A1	987	CHERP	1
375	ATP13A1	1322	DCAF15	1
375	ATP13A1	1834	FARSA	1
375	ATP13A1	1921	FKBP8	1
375	ATP13A1	3000	MAN2B1	1
375	ATP13A1	3006	MAP1S	1
375	ATP13A1	3234	MRPL34	1
375	ATP13A1	3238	MRPL4	1
375	ATP13A1	5714	TRMT1	1
375	ATP13A1	5805	TYK2	1
376	ATP13A4	2411	HRAS	1
376	ATP13A4	2781	KRAS	1
376	ATP13A4	3579	NRAS	1
377	ATP1A2	2411	HRAS	1
377	ATP1A2	2781	KRAS	1
377	ATP1A2	3579	NRAS	1
378	ATP1B1	1646	ELF3	1
379	ATP1B1P1	2411	HRAS	1
379	ATP1B1P1	2781	KRAS	1
379	ATP1B1P1	3579	NRAS	1
380	ATP1B3	2411	HRAS	1
380	ATP1B3	2781	KRAS	1
380	ATP1B3	3579	NRAS	1
381	ATP23	3375	NAE1	1
382	ATP2A2	2411	HRAS	1
382	ATP2A2	2781	KRAS	1
382	ATP2A2	3579	NRAS	1
383	ATP2B3	6248	ZNF407	1
384	ATP2C2	5340	TACSTD2	1
384	ATP2C2	5180	SPINT2	1
384	ATP2C2	4324	PTK6	1
384	ATP2C2	3715	ORM1	1
384	ATP2C2	1287	CYP3A4	1
384	ATP2C2	1288	CYP3A5	1
384	ATP2C2	1289	CYP3A7	1
384	ATP2C2	1274	CYP1A2	1
384	ATP2C2	1282	CYP2C9	1
384	ATP2C2	1283	CYP2D6	1
384	ATP2C2	1280	CYP2C19	1
384	ATP2C2	4320	PTGS1	1
384	ATP2C2	481	BCR	1
384	ATP2C2	2733	KIT	1
384	ATP2C2	4519	RET	1
384	ATP2C2	3607	NTRK1	1
384	ATP2C2	1177	CSF1R	1
384	ATP2C2	3866	PDGFRA	1
384	ATP2C2	1351	DDR1	1
384	ATP2C2	3867	PDGFRB	1
384	ATP2C2	4975	SLC22A1	1
384	ATP2C2	4978	SLC22A2	1
385	ATP5A1	2279	HDHD2	1
385	ATP5A1	5802	TXNL1	1
385	ATP5A1	5114	SNRPD1	1
386	ATP5B	3375	NAE1	1
387	ATP5C1	3518	NMD3	1
387	ATP5C1	3619	NUDT5	1
387	ATP5C1	5311	SUV39H2	1
387	ATP5C1	1856	FBXO18	1
387	ATP5C1	6096	YME1L1	1
388	ATP5D	3416	NCLN	1
388	ATP5D	4594	RNF126	1
389	ATP5EP1	3326	MYC	1
390	ATP5F1	3235	MRPL37	1
391	ATP5H	2411	HRAS	1
391	ATP5H	2781	KRAS	1
391	ATP5H	3579	NRAS	1
392	ATP5L	5021	SLC37A4	1
392	ATP5L	568	BUD13	1
392	ATP5L	5477	TIMM8B	1
393	ATP5O	3326	MYC	1
394	ATP5SL	465	BCKDHA	1
395	ATP6AP2	1338	DCTN4	1
395	ATP6AP2	2038	GDE1	1
395	ATP6AP2	2504	IL13RA1	1
395	ATP6AP2	5887	UGP2	1
395	ATP6AP2	2820	LAMP2	1
396	ATP6V0A2	1643	ELAVL1	1
396	ATP6V0A2	6109	ZBED4	1
397	ATP6V0C	398	ATP6V0D1	1
399	ATP6V0D2	3375	NAE1	1
400	ATP6V0E1	2082	GLB1	1
400	ATP6V0E1	1199	CSTB	1
400	ATP6V0E1	3137	MGAT4B	1
400	ATP6V0E1	3715	ORM1	1
400	ATP6V0E1	1287	CYP3A4	1
400	ATP6V0E1	1288	CYP3A5	1
400	ATP6V0E1	1289	CYP3A7	1
400	ATP6V0E1	1274	CYP1A2	1
400	ATP6V0E1	1282	CYP2C9	1
400	ATP6V0E1	1283	CYP2D6	1
400	ATP6V0E1	1280	CYP2C19	1
400	ATP6V0E1	4320	PTGS1	1
400	ATP6V0E1	481	BCR	1
400	ATP6V0E1	2733	KIT	1
400	ATP6V0E1	4519	RET	1
400	ATP6V0E1	3607	NTRK1	1
400	ATP6V0E1	1177	CSF1R	1
400	ATP6V0E1	3866	PDGFRA	1
400	ATP6V0E1	1351	DDR1	1
400	ATP6V0E1	3867	PDGFRB	1
400	ATP6V0E1	4975	SLC22A1	1
400	ATP6V0E1	4978	SLC22A2	1
401	ATP6V1A	4552	RHOA	1
401	ATP6V1A	1443	DLAT	1
401	ATP6V1A	3027	MAPK1	1
402	ATP6V1B2	2862	LEPROTL1	1
402	ATP6V1B2	6070	XPO7	1
403	ATP6V1C1	5093	SNAP23	1
403	ATP6V1C1	5335	TAB2	1
403	ATP6V1C1	5836	UBE2H	1
403	ATP6V1C1	1234	CUL4B	1
403	ATP6V1C1	4814	SDHC	1
403	ATP6V1C1	2453	IARS2	1
403	ATP6V1C1	1112	COPS5	1
403	ATP6V1C1	1510	DPY19L4	1
403	ATP6V1C1	2127	GNS	1
403	ATP6V1C1	3107	MED21	1
403	ATP6V1C1	4232	PRNP	1
404	ATP6V1H	3375	NAE1	1
405	ATP7A	2638	KAT8	1
405	ATP7A	986	CHEK2	1
405	ATP7A	3715	ORM1	1
405	ATP7A	1287	CYP3A4	1
405	ATP7A	1288	CYP3A5	1
405	ATP7A	1289	CYP3A7	1
405	ATP7A	1274	CYP1A2	1
405	ATP7A	1282	CYP2C9	1
405	ATP7A	1283	CYP2D6	1
405	ATP7A	1280	CYP2C19	1
405	ATP7A	4320	PTGS1	1
405	ATP7A	481	BCR	1
405	ATP7A	2733	KIT	1
405	ATP7A	4519	RET	1
405	ATP7A	3607	NTRK1	1
405	ATP7A	1177	CSF1R	1
405	ATP7A	3866	PDGFRA	1
405	ATP7A	1351	DDR1	1
405	ATP7A	3867	PDGFRB	1
405	ATP7A	4975	SLC22A1	1
405	ATP7A	4978	SLC22A2	1
406	ATP8B1	6169	ZFYVE21	1
406	ATP8B1	3888	PERP	1
406	ATP8B1	4157	PPP1R13L	1
407	ATP8B2	5329	SYT11	1
408	ATP9A	2411	HRAS	1
408	ATP9A	2781	KRAS	1
408	ATP9A	3579	NRAS	1
409	ATR	5480	TIPARP	1
409	ATR	4223	PRKDC	1
409	ATR	3326	MYC	1
409	ATR	883	CDK1	1
409	ATR	6075	XRCC3	1
409	ATR	530	BRCA1	1
409	ATR	986	CHEK2	1
409	ATR	531	BRCA2	1
409	ATR	3959	PIK3CA	1
409	ATR	985	CHEK1	1
409	ATR	3774	PARP1	1
409	ATR	2447	HUS1	1
409	ATR	1714	ERCC1	1
409	ATR	5641	TP53BP1	1
409	ATR	6073	XRCC1	1
409	ATR	5639	TP53	1
409	ATR	3303	MTOR	1
409	ATR	850	CDA	1
409	ATR	1330	DCK	1
409	ATR	4708	RRM1	1
409	ATR	5807	TYMS	1
409	ATR	1058	CMPK1	1
409	ATR	5003	SLC29A1	1
409	ATR	5002	SLC28A1	1
409	ATR	5004	SLC29A2	1
409	ATR	3375	NAE1	1
409	ATR	2781	KRAS	1
410	ATRAID	3870	PDIA6	1
410	ATRAID	3375	NAE1	1
411	ATRIP	3855	PDE12	1
412	ATRN	4115	POLR3F	1
413	ATRX	3312	MUS81	1
413	ATRX	4401	RAD17	1
413	ATRX	4407	RAD51	1
413	ATRX	4413	RAD52	1
413	ATRX	1830	FANCM	1
413	ATRX	4417	RAD9A	1
413	ATRX	5137	SOD1	1
414	ATXN1L	3579	NRAS	1
414	ATXN1L	2411	HRAS	1
414	ATXN1L	2781	KRAS	1
415	ATXN2L	4252	PRR14	1
415	ATXN2L	6306	ZNF646	1
416	ATXN3	4243	PRPF39	1
416	ATXN3	4172	PPP2R5C	1
417	ATXN7	5815	UBA3	1
418	AUNIP	3323	MYBL2	1
418	AUNIP	3990	PKMYT1	1
419	AURKA	2723	KIF2C	1
419	AURKA	1581	ECT2	1
419	AURKA	501	BIRC5	1
419	AURKA	3405	NCAPH	1
419	AURKA	566	BUB1B	1
419	AURKA	5310	SUV39H1	1
419	AURKA	5337	TACC3	1
419	AURKA	1281	CYP2C8	1
419	AURKA	1287	CYP3A4	1
419	AURKA	1288	CYP3A5	1
419	AURKA	1289	CYP3A7	1
419	AURKA	1282	CYP2C9	1
419	AURKA	1273	CYP19A1	1
419	AURKA	1275	CYP1B1	1
419	AURKA	468	BCL2	1
419	AURKA	5783	TUBB1	1
419	AURKA	3573	NR1I2	1
419	AURKA	3022	MAP4	1
419	AURKA	3007	MAP2	1
419	AURKA	3045	MAPT	1
419	AURKA	5042	SLCO1B3	1
419	AURKA	5253	STAT3	1
419	AURKA	850	CDA	1
419	AURKA	1330	DCK	1
419	AURKA	4708	RRM1	1
419	AURKA	5807	TYMS	1
419	AURKA	1058	CMPK1	1
419	AURKA	5003	SLC29A1	1
419	AURKA	5002	SLC28A1	1
419	AURKA	5004	SLC29A2	1
419	AURKA	3375	NAE1	1
419	AURKA	1600	EGFR	1
420	AURKAIP1	3772	PARK7	1
420	AURKAIP1	4516	RER1	1
420	AURKAIP1	850	CDA	1
420	AURKAIP1	1330	DCK	1
420	AURKAIP1	4708	RRM1	1
420	AURKAIP1	5807	TYMS	1
420	AURKAIP1	1058	CMPK1	1
420	AURKAIP1	5003	SLC29A1	1
420	AURKAIP1	5002	SLC28A1	1
420	AURKAIP1	5004	SLC29A2	1
421	AURKB	2723	KIF2C	1
421	AURKB	1016	CKS1B	1
421	AURKB	5111	SNRPA	1
421	AURKB	1720	ERCC6L	1
421	AURKB	1392	DEPDC1	1
421	AURKB	5483	TK1	1
421	AURKB	3375	NAE1	1
421	AURKB	3326	MYC	1
422	AVEN	3375	NAE1	1
423	AVL9	5392	TBRG4	1
424	AVPI1	1196	CST3	1
424	AVPI1	1221	CTSB	1
424	AVPI1	4905	SGMS2	1
424	AVPI1	4574	RIPK4	1
424	AVPI1	445	BAG3	1
424	AVPI1	3375	NAE1	1
425	AVPR2	3375	NAE1	1
426	AXIN1	1167	CRTC1	1
426	AXIN1	2676	KCTD13	1
427	AXL	3352	MYOF	1
427	AXL	2176	GPX8	1
428	AZGP1	3715	ORM1	1
428	AZGP1	1287	CYP3A4	1
428	AZGP1	1288	CYP3A5	1
428	AZGP1	1289	CYP3A7	1
428	AZGP1	1274	CYP1A2	1
428	AZGP1	1282	CYP2C9	1
428	AZGP1	1283	CYP2D6	1
428	AZGP1	1280	CYP2C19	1
428	AZGP1	4320	PTGS1	1
428	AZGP1	481	BCR	1
428	AZGP1	2733	KIT	1
428	AZGP1	4519	RET	1
428	AZGP1	3607	NTRK1	1
428	AZGP1	1177	CSF1R	1
428	AZGP1	3866	PDGFRA	1
428	AZGP1	1351	DDR1	1
428	AZGP1	3867	PDGFRB	1
428	AZGP1	4975	SLC22A1	1
428	AZGP1	4978	SLC22A2	1
429	AZI2	1557	DYNC1LI1	1
430	AZIN1	695	CAPRIN1	1
430	AZIN1	5495	TM9SF2	1
430	AZIN1	3743	PABPC3	1
430	AZIN1	4559	RIDA	1
430	AZIN1	1654	ELOC	1
431	B3GNT2	793	CCNG2	1
431	B3GNT2	4434	RANBP9	1
431	B3GNT2	4272	PSEN1	1
431	B3GNT2	5550	TMEM230	1
431	B3GNT2	3721	OSGEPL1	1
431	B3GNT2	4834	SELENOT	1
431	B3GNT2	4180	PPP4R3B	1
431	B3GNT2	5489	TLK1	1
432	B4GALNT3	5575	TMPRSS6	1
432	B4GALNT3	1385	DEFB118	1
433	B4GALT1	1690	EPAS1	1
433	B4GALT1	4916	SH2D4A	1
434	B4GALT3	5923	USP21	1
435	B4GALT4	1108	COPB2	1
436	B4GALT5	2411	HRAS	1
436	B4GALT5	2781	KRAS	1
436	B4GALT5	3579	NRAS	1
437	B4GAT1	4832	SELENOF	1
437	B4GAT1	1313	DAZAP2	1
437	B4GAT1	1991	G3BP2	1
437	B4GAT1	5887	UGP2	1
437	B4GAT1	1679	ENO1	1
438	BABAM1	3375	NAE1	1
439	BABAM2	3375	NAE1	1
440	BACH1	1061	CNBP	1
440	BACH1	5023	SLC38A2	1
440	BACH1	4232	PRNP	1
441	BACH2	2411	HRAS	1
441	BACH2	2781	KRAS	1
441	BACH2	3579	NRAS	1
442	BAD	3715	ORM1	1
442	BAD	1287	CYP3A4	1
442	BAD	1288	CYP3A5	1
442	BAD	1289	CYP3A7	1
442	BAD	1274	CYP1A2	1
442	BAD	1282	CYP2C9	1
442	BAD	1283	CYP2D6	1
442	BAD	1280	CYP2C19	1
442	BAD	4320	PTGS1	1
442	BAD	481	BCR	1
442	BAD	2733	KIT	1
442	BAD	4519	RET	1
442	BAD	3607	NTRK1	1
442	BAD	1177	CSF1R	1
442	BAD	3866	PDGFRA	1
442	BAD	1351	DDR1	1
442	BAD	3867	PDGFRB	1
442	BAD	4975	SLC22A1	1
442	BAD	4978	SLC22A2	1
443	BAG1	3326	MYC	1
443	BAG1	3375	NAE1	1
444	BAG2	4847	SENP2	1
444	BAG2	3375	NAE1	1
445	BAG3	2831	LARP6	1
445	BAG3	2909	LMNA	1
445	BAG3	1129	CPA4	1
445	BAG3	1600	EGFR	1
445	BAG3	5590	TNFRSF1A	1
445	BAG3	4748	S100A11	1
445	BAG3	1449	DLG5	1
445	BAG3	3940	PI4K2A	1
445	BAG3	5870	UBTD1	1
445	BAG3	3375	NAE1	1
446	BAG4	3375	NAE1	1
447	BAG5	3375	NAE1	1
448	BAIAP2L1	1966	FRK	1
448	BAIAP2L1	4574	RIPK4	1
448	BAIAP2L1	3326	MYC	1
449	BAIAP2L2	2411	HRAS	1
449	BAIAP2L2	2781	KRAS	1
449	BAIAP2L2	3579	NRAS	1
450	BAK1	472	BCL2L11	1
450	BAK1	1600	EGFR	1
450	BAK1	1710	ERBB2	1
450	BAK1	3027	MAPK1	1
450	BAK1	3959	PIK3CA	1
450	BAK1	896	CDK6	1
450	BAK1	1112	COPS5	1
450	BAK1	2602	ITGB1	1
450	BAK1	3326	MYC	1
450	BAK1	4302	PSMD9	1
450	BAK1	4957	SKP2	1
450	BAK1	5639	TP53	1
450	BAK1	530	BRCA1	1
450	BAK1	3774	PARP1	1
450	BAK1	468	BCL2	1
450	BAK1	454	BAX	1
450	BAK1	3375	NAE1	1
451	BAP1	3375	NAE1	1
452	BARD1	3425	NDC80	1
452	BARD1	5111	SNRPA	1
452	BARD1	5807	TYMS	1
452	BARD1	3405	NCAPH	1
452	BARD1	3326	MYC	1
452	BARD1	3375	NAE1	1
453	BASP1	2411	HRAS	1
453	BASP1	2781	KRAS	1
453	BASP1	3579	NRAS	1
454	BAX	1600	EGFR	1
454	BAX	1710	ERBB2	1
454	BAX	3959	PIK3CA	1
454	BAX	472	BCL2L11	1
454	BAX	3027	MAPK1	1
454	BAX	3326	MYC	1
454	BAX	3488	NFKB1	1
454	BAX	4321	PTGS2	1
454	BAX	5639	TP53	1
454	BAX	893	CDK4	1
454	BAX	723	CASP9	1
454	BAX	1265	CYCS	1
454	BAX	4456	RB1	1
454	BAX	5798	TWSG1	1
454	BAX	530	BRCA1	1
454	BAX	3774	PARP1	1
454	BAX	470	BCL2L1	1
454	BAX	3077	MCL1	1
454	BAX	6060	XIAP	1
454	BAX	823	CD34	1
454	BAX	904	CDKN1A	1
454	BAX	4302	PSMD9	1
454	BAX	5476	TIMM8A	1
454	BAX	716	CASP3	1
454	BAX	468	BCL2	1
454	BAX	3375	NAE1	1
455	BAZ1A	4243	PRPF39	1
455	BAZ1A	3375	NAE1	1
456	BAZ1B	1565	E2F1	1
456	BAZ1B	2235	H1FX	1
456	BAZ1B	3288	MTA1	1
456	BAZ1B	4432	RANBP3	1
457	BBC3	3375	NAE1	1
458	BBS9	1890	FEN1	1
458	BBS9	3761	PAM16	1
458	BBS9	5085	SMPD2	1
459	BCAP29	3375	NAE1	1
460	BCAP31	3375	NAE1	1
461	BCAR1	1600	EGFR	1
462	BCAR3	2596	ITGA2	1
462	BCAR3	1420	DHX32	1
462	BCAR3	2176	GPX8	1
462	BCAR3	2831	LARP6	1
462	BCAR3	4752	S100A2	1
462	BCAR3	5055	SMAD3	1
462	BCAR3	5579	TNFAIP1	1
462	BCAR3	2861	LEPROT	1
462	BCAR3	2028	GBP3	1
462	BCAR3	5005	SLC2A1	1
463	BCAS2	2535	ILF2	1
463	BCAS2	4637	RPF1	1
464	BCCIP	468	BCL2	1
464	BCCIP	788	CCND1	1
464	BCCIP	904	CDKN1A	1
464	BCCIP	1169	CRY2	1
464	BCCIP	2000	GADD45A	1
464	BCCIP	2292	HERC5	1
464	BCCIP	3082	MCM5	1
464	BCCIP	5298	SUMO1	1
464	BCCIP	5813	UBA1	1
464	BCCIP	3375	NAE1	1
466	BCKDK	5278	STUB1	1
466	BCKDK	5974	VKORC1	1
466	BCKDK	3139	MGRN1	1
466	BCKDK	1281	CYP2C8	1
466	BCKDK	1287	CYP3A4	1
466	BCKDK	1288	CYP3A5	1
466	BCKDK	1289	CYP3A7	1
466	BCKDK	1282	CYP2C9	1
466	BCKDK	1273	CYP19A1	1
466	BCKDK	1275	CYP1B1	1
466	BCKDK	468	BCL2	1
466	BCKDK	5783	TUBB1	1
466	BCKDK	3573	NR1I2	1
466	BCKDK	3022	MAP4	1
466	BCKDK	3007	MAP2	1
466	BCKDK	3045	MAPT	1
466	BCKDK	5042	SLCO1B3	1
467	BCL10	3375	NAE1	1
468	BCL2	788	CCND1	1
468	BCL2	1169	CRY2	1
468	BCL2	1710	ERBB2	1
468	BCL2	2000	GADD45A	1
468	BCL2	3082	MCM5	1
468	BCL2	5298	SUMO1	1
468	BCL2	5813	UBA1	1
468	BCL2	6038	WEE1	1
468	BCL2	723	CASP9	1
468	BCL2	2134	GORASP1	1
468	BCL2	3326	MYC	1
468	BCL2	499	BIRC2	1
468	BCL2	1632	EIF4E	1
468	BCL2	1900	FGF2	1
468	BCL2	896	CDK6	1
468	BCL2	1112	COPS5	1
468	BCL2	2602	ITGB1	1
468	BCL2	4957	SKP2	1
468	BCL2	893	CDK4	1
468	BCL2	512	BMF	1
468	BCL2	3579	NRAS	1
468	BCL2	5249	STARD13	1
468	BCL2	530	BRCA1	1
468	BCL2	1238	CUX1	1
468	BCL2	3959	PIK3CA	1
468	BCL2	823	CD34	1
468	BCL2	5476	TIMM8A	1
468	BCL2	5639	TP53	1
468	BCL2	716	CASP3	1
468	BCL2	904	CDKN1A	1
468	BCL2	4302	PSMD9	1
468	BCL2	5650	TPCN1	1
468	BCL2	1556	DYM	1
468	BCL2	2891	LINC00909	1
468	BCL2	528	BRAF	1
468	BCL2	3774	PARP1	1
468	BCL2	3077	MCL1	1
468	BCL2	472	BCL2L11	1
468	BCL2	4030	PLK1	1
468	BCL2	565	BUB1	1
468	BCL2	4608	RNF213	1
468	BCL2	620	C1S	1
468	BCL2	709	CARS	1
468	BCL2	739	CBR1	1
468	BCL2	847	CD9	1
468	BCL2	1063	CNGA3	1
468	BCL2	2921	LPAR1	1
468	BCL2	1826	FANCF	1
468	BCL2	1848	FBXL14	1
468	BCL2	2287	HECTD3	1
468	BCL2	6078	XRCC6	1
468	BCL2	2224	GTSE1	1
468	BCL2	2243	HACE1	1
468	BCL2	2262	HCFC1	1
468	BCL2	2409	HPS1	1
468	BCL2	2537	ILK	1
468	BCL2	2668	KCNQ4	1
468	BCL2	1592	EEPD1	1
468	BCL2	2725	KIF5A	1
468	BCL2	3857	PDE3A	1
468	BCL2	3890	PEX1	1
468	BCL2	4175	PPP3CA	1
468	BCL2	4337	PTPRD	1
468	BCL2	4338	PTPRF	1
468	BCL2	4417	RAD9A	1
468	BCL2	3189	MOK	1
468	BCL2	4529	RFC5	1
468	BCL2	4846	SENP1	1
468	BCL2	5083	SMO	1
468	BCL2	5138	SOD2	1
468	BCL2	5361	TAP2	1
468	BCL2	2292	HERC5	1
468	BCL2	500	BIRC3	1
469	BCL2A1	3375	NAE1	1
470	BCL2L1	985	CHEK1	1
470	BCL2L1	3774	PARP1	1
470	BCL2L1	720	CASP7	1
470	BCL2L1	721	CASP8	1
470	BCL2L1	2494	IKBKB	1
470	BCL2L1	5584	TNFRSF10A	1
470	BCL2L1	5585	TNFRSF10B	1
470	BCL2L1	716	CASP3	1
470	BCL2L1	1602	EGR1	1
470	BCL2L1	2041	GDF15	1
470	BCL2L1	5639	TP53	1
470	BCL2L1	472	BCL2L11	1
470	BCL2L1	3027	MAPK1	1
470	BCL2L1	3077	MCL1	1
470	BCL2L1	2794	KRT8	1
470	BCL2L1	5198	SRC	1
470	BCL2L1	2451	IAPP	1
470	BCL2L1	6060	XIAP	1
470	BCL2L1	2411	HRAS	1
470	BCL2L1	2781	KRAS	1
470	BCL2L1	3579	NRAS	1
470	BCL2L1	1507	DPP4	1
470	BCL2L1	3375	NAE1	1
471	BCL2L10	3375	NAE1	1
472	BCL2L11	2297	HGF	1
472	BCL2L11	3303	MTOR	1
472	BCL2L11	890	CDK2	1
472	BCL2L11	3959	PIK3CA	1
472	BCL2L11	3027	MAPK1	1
472	BCL2L11	2626	JUN	1
472	BCL2L11	3036	MAPK8	1
472	BCL2L11	3774	PARP1	1
472	BCL2L11	5055	SMAD3	1
472	BCL2L11	528	BRAF	1
472	BCL2L11	3579	NRAS	1
472	BCL2L11	5249	STARD13	1
472	BCL2L11	6060	XIAP	1
472	BCL2L11	3326	MYC	1
472	BCL2L11	1710	ERBB2	1
472	BCL2L11	512	BMF	1
472	BCL2L11	883	CDK1	1
472	BCL2L11	1600	EGFR	1
472	BCL2L11	3077	MCL1	1
472	BCL2L11	3375	NAE1	1
473	BCL2L12	599	C19ORF48	1
473	BCL2L12	2050	GEMIN7	1
473	BCL2L12	4760	SAE1	1
473	BCL2L12	5110	SNRNP70	1
473	BCL2L12	3375	NAE1	1
474	BCL2L13	2411	HRAS	1
474	BCL2L13	2781	KRAS	1
474	BCL2L13	3579	NRAS	1
475	BCL2L14	3375	NAE1	1
476	BCL2L2	5325	SYNJ2BP	1
476	BCL2L2	5494	TM9SF1	1
476	BCL2L2	3375	NAE1	1
477	BCL6	3326	MYC	1
478	BCL9L	2486	IGFBP6	1
478	BCL9L	5487	TLDC1	1
478	BCL9L	5445	TGFBI	1
478	BCL9L	4748	S100A11	1
479	BCLAF1	2376	HNRNPA3	1
479	BCLAF1	2363	HMGB2	1
479	BCLAF1	4933	SHPRH	1
479	BCLAF1	5413	TCP1	1
480	BCORL1	2411	HRAS	1
480	BCORL1	2781	KRAS	1
480	BCORL1	3579	NRAS	1
481	BCR	682	CAMK2G	1
481	BCR	1985	FZD2	1
481	BCR	3482	NFATC1	1
481	BCR	3484	NFATC2IP	1
481	BCR	3861	PDE6H	1
481	BCR	4175	PPP3CA	1
481	BCR	4230	PRMT8	1
481	BCR	4494	RCAN1	1
481	BCR	4745	RYK	1
481	BCR	3860	PDE6C	1
481	BCR	4005	PLCB1	1
481	BCR	4176	PPP3CB	1
481	BCR	4495	RCAN2	1
481	BCR	6043	WNT5A	1
481	BCR	2533	IL7	1
481	BCR	5219	SRSF1	1
481	BCR	3029	MAPK11	1
481	BCR	1947	FOSL1	1
481	BCR	4853	SEP-06	1
481	BCR	2059	GGCX	1
481	BCR	2087	GLIPR1	1
481	BCR	2094	GLT8D1	1
481	BCR	2330	HIST1H3F	1
481	BCR	2351	HLA-DRA	1
481	BCR	2352	HLA-DRB5	1
481	BCR	2602	ITGB1	1
481	BCR	3418	NCOA3	1
481	BCR	3586	NRG2	1
481	BCR	3684	OR2F1	1
481	BCR	4036	PLOD2	1
481	BCR	4357	PYROXD1	1
481	BCR	4435	RAP1A	1
481	BCR	4665	RPL5	1
481	BCR	4757	S1PR2	1
481	BCR	5125	SNX10	1
481	BCR	5139	SORBS1	1
481	BCR	5147	SP100	1
481	BCR	5329	SYT11	1
481	BCR	662	CACNA2D2	1
481	BCR	695	CAPRIN1	1
481	BCR	848	CD93	1
481	BCR	1032	CLEC2D	1
481	BCR	1048	CLPX	1
481	BCR	2563	INTS6L	1
481	BCR	1443	DLAT	1
481	BCR	1586	EDF1	1
481	BCR	1694	EPB42	1
481	BCR	1729	ERMP1	1
481	BCR	1917	FKBP11	1
481	BCR	2029	GBP4	1
481	BCR	2827	LAPTM4B	1
481	BCR	3192	MORC3	1
481	BCR	3618	NUDT3	1
481	BCR	4023	PLEKHM1	1
481	BCR	4160	PPP1R2	1
481	BCR	4831	SEL1L	1
481	BCR	4876	SETMAR	1
481	BCR	4780	SCAF11	1
481	BCR	4956	SKP1	1
481	BCR	5059	SMARCA1	1
481	BCR	5190	SPTB	1
481	BCR	5204	SRI	1
481	BCR	5313	SV2B	1
481	BCR	5369	TAS2R14	1
481	BCR	5449	THAP1	1
481	BCR	5595	TNFRSF9	1
481	BCR	5881	UCP2	1
481	BCR	6194	ZNF140	1
481	BCR	2850	LDLRAD4	1
481	BCR	672	CALM1	1
481	BCR	693	CAPN6	1
481	BCR	709	CARS	1
481	BCR	779	CCL23	1
481	BCR	1081	CNR1	1
481	BCR	1137	CPSF1	1
481	BCR	1197	CST4	1
481	BCR	1221	CTSB	1
481	BCR	1238	CUX1	1
481	BCR	1251	CXCR4	1
481	BCR	3900	PGAP2	1
481	BCR	2012	GAPDH	1
481	BCR	2999	MAML1	1
481	BCR	3136	MGAT2	1
481	BCR	4443	RARA	1
481	BCR	4656	RPL35	1
481	BCR	4736	RTP4	1
481	BCR	5488	TLE1	1
481	BCR	5512	TMEFF1	1
481	BCR	5690	TRIM24	1
481	BCR	5709	TRIP11	1
481	BCR	5858	UBE3A	1
481	BCR	653	CA2	1
481	BCR	916	CEACAM1	1
481	BCR	1250	CXCR3	1
481	BCR	1610	EHF	1
481	BCR	2592	ITCH	1
481	BCR	2636	KAT6A	1
481	BCR	3510	NKRF	1
481	BCR	4775	SAT1	1
481	BCR	5384	TBCCD1	1
481	BCR	5652	TPM1	1
481	BCR	1151	CRCP	1
481	BCR	1207	CTDSPL	1
481	BCR	1345	DDAH1	1
481	BCR	2213	GTF2H5	1
481	BCR	2934	LRRC37A3	1
481	BCR	4871	SESTD1	1
481	BCR	5148	SP110	1
481	BCR	5818	UBA6	1
481	BCR	6262	ZNF473	1
481	BCR	1028	CLDN3	1
481	BCR	924	CELF2	1
481	BCR	1604	EGR3	1
481	BCR	1932	FLT3LG	1
481	BCR	4659	RPL36A	1
481	BCR	2142	GPC5	1
481	BCR	2303	HIF3A	1
481	BCR	2662	KCNJ13	1
481	BCR	4217	PRKCQ	1
481	BCR	6363	ZP3	1
481	BCR	1096	COL3A1	1
481	BCR	2468	IFI16	1
481	BCR	2523	IL27RA	1
481	BCR	2529	IL4	1
481	BCR	655	CA5A	1
481	BCR	1053	CLTC	1
481	BCR	5481	TJP1	1
481	BCR	5727	TROVE2	1
481	BCR	1882	FCN3	1
481	BCR	5034	SLC50A1	1
481	BCR	5433	TFAP2B	1
481	BCR	680	CAMK2B	1
481	BCR	4650	RPL21	1
481	BCR	5947	UTP14A	1
481	BCR	3067	MBD4	1
481	BCR	2584	IRF7	1
481	BCR	2900	LIPE	1
481	BCR	3859	PDE4DIP	1
481	BCR	1315	DBF4	1
481	BCR	5890	UGT1A7	1
481	BCR	1279	CYP2B6	1
481	BCR	670	CADM4	1
481	BCR	1182	CSHL1	1
481	BCR	1170	CRYBB2	1
481	BCR	1988	FZD8	1
481	BCR	3906	PGLS	1
481	BCR	3873	PDLIM5	1
481	BCR	5119	SNTA1	1
481	BCR	1051	CLTA	1
482	BCS1L	3054	MARS2	1
483	BDKRB1	2411	HRAS	1
483	BDKRB1	2781	KRAS	1
483	BDKRB1	3579	NRAS	1
484	BDKRB2	3375	NAE1	1
485	BDNF	2116	GNG11	1
486	BDP1	980	CHD1	1
487	BECN1	716	CASP3	1
487	BECN1	3004	MAP1LC3A	1
487	BECN1	3303	MTOR	1
487	BECN1	3375	NAE1	1
488	BEGAIN	3375	NAE1	1
489	BEND3	2839	LBR	1
490	BET1	3326	MYC	1
491	BET1L	3375	NAE1	1
492	BEX3	5401	TCEAL9	1
492	BEX3	1897	FGD1	1
493	BFAR	2411	HRAS	1
493	BFAR	2781	KRAS	1
493	BFAR	3579	NRAS	1
493	BFAR	3375	NAE1	1
494	BFSP1	2411	HRAS	1
494	BFSP1	2781	KRAS	1
494	BFSP1	3579	NRAS	1
495	BID	4407	RAD51	1
495	BID	3326	MYC	1
495	BID	4644	RPL13A	1
495	BID	5918	USP1	1
495	BID	530	BRCA1	1
495	BID	2210	GTF2H1	1
495	BID	4083	POLD4	1
495	BID	3093	MDM2	1
495	BID	4099	POLR2A	1
495	BID	1600	EGFR	1
495	BID	4086	POLE	1
495	BID	4417	RAD9A	1
495	BID	2482	IGF1	1
495	BID	5225	SSBP1	1
495	BID	956	CETN2	1
495	BID	3303	MTOR	1
495	BID	896	CDK6	1
495	BID	2315	HIST1H2AE	1
495	BID	2334	HIST1H4A	1
495	BID	4081	POLD1	1
495	BID	4094	POLM	1
495	BID	2485	IGFBP3	1
495	BID	3501	NHP2	1
495	BID	4491	RBX1	1
495	BID	4708	RRM1	1
495	BID	5903	UNG	1
495	BID	1714	ERCC1	1
495	BID	4870	SESN2	1
495	BID	3774	PARP1	1
495	BID	1491	DNTT	1
495	BID	2489	IGHMBP2	1
495	BID	2693	KDR	1
495	BID	6046	WRAP53	1
495	BID	3778	PARP2	1
495	BID	893	CDK4	1
495	BID	3030	MAPK12	1
495	BID	3285	MT1X	1
495	BID	4061	PMS2	1
495	BID	4150	PPM1D	1
495	BID	4405	RAD23B	1
495	BID	4511	RELA	1
495	BID	5585	TNFRSF10B	1
495	BID	6074	XRCC2	1
495	BID	890	CDK2	1
495	BID	6116	ZBTB32	1
495	BID	3375	NAE1	1
496	BIK	3375	NAE1	1
497	BIN2	3965	PILRA	1
498	BIN3	1660	ELP3	1
498	BIN3	5696	TRIM35	1
499	BIRC2	1900	FGF2	1
499	BIRC2	500	BIRC3	1
499	BIRC2	1632	EIF4E	1
499	BIRC2	3326	MYC	1
499	BIRC2	6082	YAP1	1
499	BIRC2	3375	NAE1	1
500	BIRC3	1900	FGF2	1
500	BIRC3	1632	EIF4E	1
500	BIRC3	3326	MYC	1
500	BIRC3	1281	CYP2C8	1
500	BIRC3	1287	CYP3A4	1
500	BIRC3	1288	CYP3A5	1
500	BIRC3	1289	CYP3A7	1
500	BIRC3	1282	CYP2C9	1
500	BIRC3	1273	CYP19A1	1
500	BIRC3	1275	CYP1B1	1
500	BIRC3	5783	TUBB1	1
500	BIRC3	3573	NR1I2	1
500	BIRC3	3022	MAP4	1
500	BIRC3	3007	MAP2	1
500	BIRC3	3045	MAPT	1
500	BIRC3	5042	SLCO1B3	1
500	BIRC3	3375	NAE1	1
501	BIRC5	1865	FBXO5	1
501	BIRC5	4709	RRM2	1
501	BIRC5	1521	DSCC1	1
501	BIRC5	2874	LIG1	1
501	BIRC5	5270	STMN1	1
501	BIRC5	3375	NAE1	1
501	BIRC5	2411	HRAS	1
502	BIRC6	3375	NAE1	1
503	BIRC7	3375	NAE1	1
504	BIRC8	3375	NAE1	1
505	BIVM	3375	NAE1	1
506	BLK	2497	IKZF1	1
507	BLM	531	BRCA2	1
507	BLM	2237	H2AFX	1
507	BLM	5639	TP53	1
507	BLM	6077	XRCC5	1
507	BLM	4199	PRDX2	1
507	BLM	755	CCDC138	1
507	BLM	3639	NUSAP1	1
507	BLM	4528	RFC4	1
507	BLM	5635	TOPBP1	1
507	BLM	5471	TIMELESS	1
507	BLM	3079	MCM2	1
507	BLM	3083	MCM6	1
507	BLM	2019	GATA3	1
507	BLM	5137	SOD1	1
507	BLM	3375	NAE1	1
508	BLMH	6077	XRCC5	1
509	BLVRA	3326	MYC	1
510	BLVRB	5228	SSH3	1
510	BLVRB	2924	LPP	1
511	BLZF1	3326	MYC	1
512	BMF	528	BRAF	1
512	BMF	3579	NRAS	1
512	BMF	5249	STARD13	1
512	BMF	3375	NAE1	1
513	BMP1	2117	GNG12	1
513	BMP1	4867	SERPINH1	1
514	BMP8A	3995	PLA2G1B	1
514	BMP8A	2659	KCNH6	1
515	BMPR1A	2411	HRAS	1
515	BMPR1A	2781	KRAS	1
515	BMPR1A	3579	NRAS	1
516	BMS1P1	4828	SEC24C	1
518	BNIP1	3375	NAE1	1
519	BNIP2	3375	NAE1	1
520	BNIP3	3375	NAE1	1
521	BNIP3L	3375	NAE1	1
522	BOD1L1	3326	MYC	1
523	BOK	3375	NAE1	1
524	BORCS6	3375	NAE1	1
525	BORCS7	3375	NAE1	1
526	BPIFA2	2411	HRAS	1
526	BPIFA2	2781	KRAS	1
526	BPIFA2	3579	NRAS	1
527	BPTF	1091	COIL	1
527	BPTF	3101	MED13	1
527	BPTF	6307	ZNF652	1
527	BPTF	1366	DDX42	1
527	BPTF	3537	NOL11	1
527	BPTF	3929	PHIP	1
527	BPTF	4090	POLG2	1
527	BPTF	4150	PPM1D	1
527	BPTF	4662	RPL38	1
528	BRAF	716	CASP3	1
528	BRAF	3995	PLA2G1B	1
528	BRAF	6172	ZHX2	1
528	BRAF	5249	STARD13	1
528	BRAF	1925	FLI1	1
528	BRAF	5180	SPINT2	1
528	BRAF	5234	SSX1	1
528	BRAF	5298	SUMO1	1
528	BRAF	3077	MCL1	1
528	BRAF	5650	TPCN1	1
528	BRAF	3375	NAE1	1
528	BRAF	3326	MYC	1
528	BRAF	3579	NRAS	1
528	BRAF	2411	HRAS	1
528	BRAF	2781	KRAS	1
529	BRAP	3042	MAPKAPK5	1
529	BRAP	6146	ZCCHC8	1
530	BRCA1	4087	POLE2	1
530	BRCA1	914	CDT1	1
530	BRCA1	2276	HDAC9	1
530	BRCA1	4460	RBBP8	1
530	BRCA1	4413	RAD52	1
530	BRCA1	5630	TOP1	1
530	BRCA1	1346	DDB1	1
530	BRCA1	6057	XAB2	1
530	BRCA1	3577	NR4A1	1
530	BRCA1	5053	SLX4	1
530	BRCA1	3326	MYC	1
530	BRCA1	4410	RAD51B	1
530	BRCA1	4411	RAD51C	1
530	BRCA1	6076	XRCC4	1
530	BRCA1	858	CDC25C	1
530	BRCA1	1565	E2F1	1
530	BRCA1	3094	MDM4	1
530	BRCA1	4056	PML	1
530	BRCA1	4328	PTPA	1
530	BRCA1	5920	USP11	1
530	BRCA1	4406	RAD50	1
530	BRCA1	3515	NLRP2	1
530	BRCA1	4315	PTEN	1
530	BRCA1	1822	FANCA	1
530	BRCA1	2712	KIF15	1
530	BRCA1	4586	RNASEH2A	1
530	BRCA1	1890	FEN1	1
530	BRCA1	1750	EXO1	1
530	BRCA1	985	CHEK1	1
530	BRCA1	986	CHEK2	1
530	BRCA1	4223	PRKDC	1
530	BRCA1	4188	PRAM1	1
530	BRCA1	5641	TP53BP1	1
530	BRCA1	5480	TIPARP	1
530	BRCA1	5918	USP1	1
530	BRCA1	4708	RRM1	1
530	BRCA1	3093	MDM2	1
530	BRCA1	4099	POLR2A	1
530	BRCA1	4644	RPL13A	1
530	BRCA1	2315	HIST1H2AE	1
530	BRCA1	5225	SSBP1	1
530	BRCA1	6116	ZBTB32	1
530	BRCA1	4083	POLD4	1
530	BRCA1	4094	POLM	1
530	BRCA1	5903	UNG	1
530	BRCA1	956	CETN2	1
530	BRCA1	2482	IGF1	1
530	BRCA1	4086	POLE	1
530	BRCA1	893	CDK4	1
530	BRCA1	2210	GTF2H1	1
530	BRCA1	4491	RBX1	1
530	BRCA1	4511	RELA	1
530	BRCA1	3501	NHP2	1
530	BRCA1	4870	SESN2	1
530	BRCA1	890	CDK2	1
530	BRCA1	1714	ERCC1	1
530	BRCA1	2334	HIST1H4A	1
530	BRCA1	5585	TNFRSF10B	1
530	BRCA1	6046	WRAP53	1
530	BRCA1	2485	IGFBP3	1
530	BRCA1	2693	KDR	1
530	BRCA1	4417	RAD9A	1
530	BRCA1	896	CDK6	1
530	BRCA1	1491	DNTT	1
530	BRCA1	3030	MAPK12	1
530	BRCA1	3303	MTOR	1
530	BRCA1	4081	POLD1	1
530	BRCA1	4150	PPM1D	1
530	BRCA1	4061	PMS2	1
530	BRCA1	4405	RAD23B	1
530	BRCA1	2489	IGHMBP2	1
530	BRCA1	3285	MT1X	1
530	BRCA1	887	CDK12	1
530	BRCA1	790	CCNE1	1
530	BRCA1	3375	NAE1	1
530	BRCA1	6074	XRCC2	1
530	BRCA1	1600	EGFR	1
530	BRCA1	4407	RAD51	1
530	BRCA1	3778	PARP2	1
530	BRCA1	3774	PARP1	1
530	BRCA1	5639	TP53	1
531	BRCA2	4413	RAD52	1
531	BRCA2	2237	H2AFX	1
531	BRCA2	4199	PRDX2	1
531	BRCA2	4836	SEM1	1
531	BRCA2	6077	XRCC5	1
531	BRCA2	1346	DDB1	1
531	BRCA2	6057	XAB2	1
531	BRCA2	3326	MYC	1
531	BRCA2	4410	RAD51B	1
531	BRCA2	4411	RAD51C	1
531	BRCA2	6074	XRCC2	1
531	BRCA2	6076	XRCC4	1
531	BRCA2	6078	XRCC6	1
531	BRCA2	986	CHEK2	1
531	BRCA2	5641	TP53BP1	1
531	BRCA2	5920	USP11	1
531	BRCA2	4406	RAD50	1
531	BRCA2	3515	NLRP2	1
531	BRCA2	4315	PTEN	1
531	BRCA2	883	CDK1	1
531	BRCA2	6075	XRCC3	1
531	BRCA2	1452	DLGAP5	1
531	BRCA2	5259	STIL	1
531	BRCA2	1012	CKAP2	1
531	BRCA2	4609	RNF219	1
531	BRCA2	5790	TUBGCP3	1
531	BRCA2	4223	PRKDC	1
531	BRCA2	985	CHEK1	1
531	BRCA2	4188	PRAM1	1
531	BRCA2	5480	TIPARP	1
531	BRCA2	2411	HRAS	1
531	BRCA2	2781	KRAS	1
531	BRCA2	3579	NRAS	1
531	BRCA2	4407	RAD51	1
531	BRCA2	3375	NAE1	1
531	BRCA2	5639	TP53	1
531	BRCA2	3774	PARP1	1
531	BRCA2	3778	PARP2	1
532	BRD2	6300	ZNF611	1
532	BRD2	545	BRPF1	1
532	BRD2	1612	EHMT2	1
532	BRD2	3796	PBX2	1
533	BRD3	3375	NAE1	1
534	BRD4	2058	GGA3	1
534	BRD4	5603	TNK2	1
534	BRD4	798	CCNT1	1
534	BRD4	4218	PRKCSH	1
534	BRD4	4946	SIN3B	1
534	BRD4	3375	NAE1	1
534	BRD4	3326	MYC	1
535	BRD7	4533	RFWD3	1
536	BRD9	2556	INTS1	1
537	BRF1	4252	PRR14	1
537	BRF1	1481	DNASE1L2	1
537	BRF1	5357	TAOK1	1
537	BRF1	5358	TAOK2	1
537	BRF1	4973	SLC19A1	1
537	BRF1	1686	ENTPD5	1
537	BRF1	4155	PPP1R10	1
537	BRF1	3326	MYC	1
538	BRF2	2129	GOLGA7	1
539	BRI3	5519	TMEM120A	1
540	BRICD5	1569	E4F1	1
541	BRIP1	2037	GDAP1	1
541	BRIP1	1910	FH	1
541	BRIP1	4078	POLA1	1
541	BRIP1	1531	DTL	1
541	BRIP1	4291	PSMC3	1
541	BRIP1	3375	NAE1	1
542	BRIX1	2015	GART	1
542	BRIX1	4400	RAD1	1
542	BRIX1	5711	TRIP13	1
542	BRIX1	2535	ILF2	1
542	BRIX1	2411	HRAS	1
542	BRIX1	2781	KRAS	1
542	BRIX1	3579	NRAS	1
543	BRMS1	4370	RAB1B	1
543	BRMS1	689	CAPN1	1
544	BROX	3375	NAE1	1
545	BRPF1	2686	KDM2B	1
545	BRPF1	4906	SGO1	1
546	BRWD1	3375	NAE1	1
547	BSG	716	CASP3	1
547	BSG	1940	FN1	1
548	BSPRY	628	C2ORF15	1
548	BSPRY	1775	FA2H	1
548	BSPRY	2180	GRHL1	1
548	BSPRY	2787	KRT19	1
548	BSPRY	1685	ENTPD2	1
549	BST2	3375	NAE1	1
550	BTBD1	2411	HRAS	1
550	BTBD1	2781	KRAS	1
550	BTBD1	3579	NRAS	1
551	BTBD11	2411	HRAS	1
551	BTBD11	2781	KRAS	1
551	BTBD11	3579	NRAS	1
552	BTBD2	1486	DNM2	1
552	BTBD2	3066	MBD3	1
552	BTBD2	3375	NAE1	1
553	BTBD7	4091	POLH	1
554	BTBD9	2411	HRAS	1
554	BTBD9	2781	KRAS	1
554	BTBD9	3579	NRAS	1
555	BTC	912	CDS1	1
556	BTF3	980	CHD1	1
556	BTF3	5356	TAF9	1
557	BTG1	3375	NAE1	1
558	BTG2	4869	SESN1	1
558	BTG2	3036	MAPK8	1
558	BTG2	2626	JUN	1
558	BTG2	3278	MSMP	1
558	BTG2	3959	PIK3CA	1
558	BTG2	4543	RGS16	1
558	BTG2	5644	TP53INP1	1
559	BTK	2582	IRF4	1
559	BTK	3375	NAE1	1
560	BTN2A1	561	BTN2A2	1
561	BTN2A2	2411	HRAS	1
561	BTN2A2	2781	KRAS	1
561	BTN2A2	3579	NRAS	1
562	BTN3A1	563	BTN3A2	1
562	BTN3A1	2354	HLA-F	1
564	BTRC	3375	NAE1	1
565	BUB1	867	CDC45	1
565	BUB1	2069	GINS1	1
565	BUB1	3323	MYBL2	1
565	BUB1	5071	SMC4	1
565	BUB1	1828	FANCI	1
565	BUB1	1281	CYP2C8	1
565	BUB1	1287	CYP3A4	1
565	BUB1	1288	CYP3A5	1
565	BUB1	1289	CYP3A7	1
565	BUB1	1282	CYP2C9	1
565	BUB1	1273	CYP19A1	1
565	BUB1	1275	CYP1B1	1
565	BUB1	5783	TUBB1	1
565	BUB1	3573	NR1I2	1
565	BUB1	3022	MAP4	1
565	BUB1	3007	MAP2	1
565	BUB1	3045	MAPT	1
565	BUB1	5042	SLCO1B3	1
566	BUB1B	3090	MDC1	1
566	BUB1B	1014	CKAP5	1
566	BUB1B	933	CENPI	1
566	BUB1B	1521	DSCC1	1
566	BUB1B	2774	KNSTRN	1
566	BUB1B	4957	SKP2	1
566	BUB1B	985	CHEK1	1
567	BUB3	2720	KIF20B	1
567	BUB3	3597	NSMCE4A	1
567	BUB3	2411	HRAS	1
567	BUB3	2781	KRAS	1
567	BUB3	3579	NRAS	1
568	BUD13	3081	MCM4	1
568	BUD13	2306	HINFP	1
568	BUD13	2766	KMT2A	1
568	BUD13	734	CBL	1
568	BUD13	950	CEP57	1
568	BUD13	1355	DDX10	1
568	BUD13	1443	DLAT	1
568	BUD13	1810	FAM76B	1
568	BUD13	4194	PRDM10	1
569	BYSL	1539	DUS3L	1
569	BYSL	802	CCT2	1
570	C10ORF111	3326	MYC	1
571	C10ORF35	2703	KIAA0895	1
572	C11ORF57	1235	CUL5	1
573	C11ORF58	4160	PPP1R2	1
573	C11ORF58	4908	SGPP1	1
573	C11ORF58	5655	TPRKB	1
573	C11ORF58	1444	DLD	1
573	C11ORF58	868	CDC5L	1
573	C11ORF58	1470	DNAJC10	1
573	C11ORF58	3270	MSH2	1
573	C11ORF58	3617	NUDT21	1
573	C11ORF58	4069	PNO1	1
573	C11ORF58	4110	POLR2K	1
573	C11ORF58	5887	UGP2	1
573	C11ORF58	6344	ZNF780A	1
573	C11ORF58	4559	RIDA	1
573	C11ORF58	3273	MSH6	1
573	C11ORF58	830	CD46	1
573	C11ORF58	3850	PDCD5	1
573	C11ORF58	4296	PSMD12	1
573	C11ORF58	3060	MAT2A	1
574	C11ORF65	3375	NAE1	1
575	C11ORF68	835	CD59	1
576	C11ORF72	2411	HRAS	1
576	C11ORF72	2781	KRAS	1
576	C11ORF72	3579	NRAS	1
577	C12ORF29	767	CCDC59	1
578	C12ORF4	3375	NAE1	1
579	C12ORF43	3326	MYC	1
580	C12ORF56	2411	HRAS	1
580	C12ORF56	2781	KRAS	1
580	C12ORF56	3579	NRAS	1
581	C12ORF65	3203	MPHOSPH9	1
581	C12ORF65	3375	NAE1	1
583	C14ORF1	5772	TTLL5	1
584	C14ORF119	2928	LRP10	1
585	C14ORF159	2411	HRAS	1
585	C14ORF159	2781	KRAS	1
585	C14ORF159	3579	NRAS	1
586	C14ORF166	4602	RNF146	1
586	C14ORF166	909	CDKN3	1
586	C14ORF166	1752	EXOC5	1
586	C14ORF166	3180	MNAT1	1
586	C14ORF166	2378	HNRNPC	1
586	C14ORF166	3114	MED6	1
586	C14ORF166	3768	PAPOLA	1
586	C14ORF166	4243	PRPF39	1
587	C14ORF2	3768	PAPOLA	1
587	C14ORF2	3375	NAE1	1
588	C14ORF93	785	CCNB1IP1	1
588	C14ORF93	2253	HAUS4	1
590	C17ORF62	2099	GMIP	1
590	C17ORF62	1937	FMNL1	1
590	C17ORF62	2411	HRAS	1
590	C17ORF62	2781	KRAS	1
590	C17ORF62	3579	NRAS	1
591	C17ORF64	2411	HRAS	1
591	C17ORF64	2781	KRAS	1
591	C17ORF64	3579	NRAS	1
592	C17ORF77	3375	NAE1	1
593	C17ORF80	1366	DDX42	1
593	C17ORF80	4411	RAD51C	1
594	C18ORF21	5802	TXNL1	1
595	C18ORF54	2411	HRAS	1
595	C18ORF54	2781	KRAS	1
595	C18ORF54	3579	NRAS	1
596	C19ORF24	4594	RNF126	1
597	C19ORF33	1707	EPS8L1	1
598	C19ORF43	1834	FARSA	1
598	C19ORF43	2782	KRI1	1
598	C19ORF43	3375	NAE1	1
599	C19ORF48	2874	LIG1	1
599	C19ORF48	4644	RPL13A	1
599	C19ORF48	6289	ZNF581	1
600	C19ORF53	3444	NDUFB7	1
600	C19ORF53	3375	NAE1	1
601	C19ORF54	3375	NAE1	1
602	C19ORF60	2411	HRAS	1
602	C19ORF60	2781	KRAS	1
602	C19ORF60	3579	NRAS	1
603	C19ORF66	2353	HLA-E	1
604	C1D	3375	NAE1	1
605	C1ORF109	3375	NAE1	1
606	C1ORF112	858	CDC25C	1
606	C1ORF112	931	CENPF	1
606	C1ORF112	4528	RFC4	1
606	C1ORF112	4957	SKP2	1
606	C1ORF112	5635	TOPBP1	1
606	C1ORF112	3375	NAE1	1
607	C1ORF116	1703	EPN3	1
608	C1ORF123	2411	HRAS	1
608	C1ORF123	2781	KRAS	1
608	C1ORF123	3579	NRAS	1
608	C1ORF123	3375	NAE1	1
609	C1ORF159	3375	NAE1	1
610	C1ORF21	3375	NAE1	1
611	C1ORF210	3785	PATJ	1
611	C1ORF210	5340	TACSTD2	1
612	C1ORF229	3375	NAE1	1
613	C1ORF27	4559	RIDA	1
613	C1ORF27	2744	KLHL12	1
613	C1ORF27	3293	MTFR1	1
613	C1ORF27	3326	MYC	1
614	C1ORF43	1301	DAP3	1
614	C1ORF43	3447	NDUFS2	1
615	C1ORF54	3326	MYC	1
616	C1ORF56	694	CAPN7	1
616	C1ORF56	695	CAPRIN1	1
616	C1ORF56	5192	SPTLC1	1
617	C1QBP	2196	GSG2	1
618	C1QTNF1	3375	NAE1	1
619	C1R	2486	IGFBP6	1
620	C1S	1281	CYP2C8	1
620	C1S	1287	CYP3A4	1
620	C1S	1288	CYP3A5	1
620	C1S	1289	CYP3A7	1
620	C1S	1282	CYP2C9	1
620	C1S	1273	CYP19A1	1
620	C1S	1275	CYP1B1	1
620	C1S	5783	TUBB1	1
620	C1S	3573	NR1I2	1
620	C1S	3022	MAP4	1
620	C1S	3007	MAP2	1
620	C1S	3045	MAPT	1
620	C1S	5042	SLCO1B3	1
621	C20ORF202	1385	DEFB118	1
622	C20ORF24	3492	NFS1	1
622	C20ORF24	4373	RAB22A	1
623	C21ORF2	1433	DIP2A	1
624	C21ORF59	4350	PWP2	1
625	C2CD2	2411	HRAS	1
625	C2CD2	2781	KRAS	1
625	C2CD2	3579	NRAS	1
626	C2CD2L	2359	HMBS	1
627	C2CD4B	3375	NAE1	1
629	C2ORF16	2411	HRAS	1
629	C2ORF16	2781	KRAS	1
629	C2ORF16	3579	NRAS	1
630	C3ORF33	2411	HRAS	1
630	C3ORF33	2781	KRAS	1
630	C3ORF33	3579	NRAS	1
630	C3ORF33	3375	NAE1	1
631	C3ORF35	2411	HRAS	1
631	C3ORF35	2781	KRAS	1
631	C3ORF35	3579	NRAS	1
632	C3ORF58	3375	NAE1	1
633	C4ORF46	2383	HNRNPH1	1
633	C4ORF46	3579	NRAS	1
633	C4ORF46	2411	HRAS	1
633	C4ORF46	2781	KRAS	1
634	C5ORF22	4400	RAD1	1
635	C5ORF30	2411	HRAS	1
635	C5ORF30	2781	KRAS	1
635	C5ORF30	3579	NRAS	1
636	C6	1894	FETUB	1
636	C6	2411	HRAS	1
636	C6	2781	KRAS	1
636	C6	3579	NRAS	1
637	C6ORF132	4750	S100A14	1
637	C6ORF132	5422	TEAD3	1
638	C6ORF163	2411	HRAS	1
638	C6ORF163	2781	KRAS	1
638	C6ORF163	3579	NRAS	1
639	C6ORF48	2411	HRAS	1
639	C6ORF48	2781	KRAS	1
639	C6ORF48	3579	NRAS	1
640	C7	2411	HRAS	1
640	C7	2781	KRAS	1
640	C7	3579	NRAS	1
641	C7ORF26	4119	POM121	1
642	C7ORF50	4396	RAC1	1
643	C8A	5193	SPTLC3	1
643	C8A	2411	HRAS	1
643	C8A	2781	KRAS	1
643	C8A	3579	NRAS	1
644	C8ORF33	3445	NDUFB9	1
645	C8ORF46	3322	MYBL1	1
646	C8ORF76	1521	DSCC1	1
646	C8ORF76	5380	TBC1D31	1
647	C9ORF43	3375	NAE1	1
648	C9ORF57	2411	HRAS	1
648	C9ORF57	2781	KRAS	1
648	C9ORF57	3579	NRAS	1
649	C9ORF78	4088	POLE3	1
650	C9ORF84	2411	HRAS	1
650	C9ORF84	2781	KRAS	1
650	C9ORF84	3579	NRAS	1
651	CA1	5611	TNR	1
652	CA12	2411	HRAS	1
652	CA12	2781	KRAS	1
652	CA12	3579	NRAS	1
653	CA2	3715	ORM1	1
653	CA2	1287	CYP3A4	1
653	CA2	1288	CYP3A5	1
653	CA2	1289	CYP3A7	1
653	CA2	1274	CYP1A2	1
653	CA2	1282	CYP2C9	1
653	CA2	1283	CYP2D6	1
653	CA2	1280	CYP2C19	1
653	CA2	4320	PTGS1	1
653	CA2	2733	KIT	1
653	CA2	4519	RET	1
653	CA2	3607	NTRK1	1
653	CA2	1177	CSF1R	1
653	CA2	3866	PDGFRA	1
653	CA2	1351	DDR1	1
653	CA2	3867	PDGFRB	1
653	CA2	4975	SLC22A1	1
653	CA2	4978	SLC22A2	1
654	CA4	2659	KCNH6	1
655	CA5A	3715	ORM1	1
655	CA5A	1287	CYP3A4	1
655	CA5A	1288	CYP3A5	1
655	CA5A	1289	CYP3A7	1
655	CA5A	1274	CYP1A2	1
655	CA5A	1282	CYP2C9	1
655	CA5A	1283	CYP2D6	1
655	CA5A	1280	CYP2C19	1
655	CA5A	4320	PTGS1	1
655	CA5A	2733	KIT	1
655	CA5A	4519	RET	1
655	CA5A	3607	NTRK1	1
655	CA5A	1177	CSF1R	1
655	CA5A	3866	PDGFRA	1
655	CA5A	1351	DDR1	1
655	CA5A	3867	PDGFRB	1
655	CA5A	4975	SLC22A1	1
655	CA5A	4978	SLC22A2	1
656	CA6	836	CD6	1
657	CAB39	2411	HRAS	1
657	CAB39	2781	KRAS	1
657	CAB39	3579	NRAS	1
658	CABIN1	4443	RARA	1
658	CABIN1	3421	NCOR2	1
658	CABIN1	4155	PPP1R10	1
658	CABIN1	5603	TNK2	1
658	CABIN1	2056	GGA1	1
658	CABIN1	3998	PLA2G6	1
659	CABP1	1921	FKBP8	1
660	CACNA1G	1189	CSNK1G2	1
660	CACNA1G	3326	MYC	1
661	CACNA1S	3326	MYC	1
662	CACNA2D2	2411	HRAS	1
662	CACNA2D2	2781	KRAS	1
662	CACNA2D2	3579	NRAS	1
662	CACNA2D2	3715	ORM1	1
662	CACNA2D2	1287	CYP3A4	1
662	CACNA2D2	1288	CYP3A5	1
662	CACNA2D2	1289	CYP3A7	1
662	CACNA2D2	1274	CYP1A2	1
662	CACNA2D2	1282	CYP2C9	1
662	CACNA2D2	1283	CYP2D6	1
662	CACNA2D2	1280	CYP2C19	1
662	CACNA2D2	4320	PTGS1	1
662	CACNA2D2	2733	KIT	1
662	CACNA2D2	4519	RET	1
662	CACNA2D2	3607	NTRK1	1
662	CACNA2D2	1177	CSF1R	1
662	CACNA2D2	3866	PDGFRA	1
662	CACNA2D2	1351	DDR1	1
662	CACNA2D2	3867	PDGFRB	1
662	CACNA2D2	4975	SLC22A1	1
662	CACNA2D2	4978	SLC22A2	1
663	CACNB3	2411	HRAS	1
663	CACNB3	2781	KRAS	1
663	CACNB3	3579	NRAS	1
664	CACNB4	2411	HRAS	1
664	CACNB4	2781	KRAS	1
664	CACNB4	3579	NRAS	1
665	CACNG6	1385	DEFB118	1
665	CACNG6	3375	NAE1	1
666	CACNG7	2411	HRAS	1
666	CACNG7	2781	KRAS	1
666	CACNG7	3579	NRAS	1
667	CACNG8	2411	HRAS	1
667	CACNG8	2781	KRAS	1
667	CACNG8	3579	NRAS	1
668	CACTIN	4594	RNF126	1
669	CAD	4882	SF3A2	1
670	CADM4	3715	ORM1	1
670	CADM4	1287	CYP3A4	1
670	CADM4	1288	CYP3A5	1
670	CADM4	1289	CYP3A7	1
670	CADM4	1274	CYP1A2	1
670	CADM4	1282	CYP2C9	1
670	CADM4	1283	CYP2D6	1
670	CADM4	1280	CYP2C19	1
670	CADM4	4320	PTGS1	1
670	CADM4	2733	KIT	1
670	CADM4	4519	RET	1
670	CADM4	3607	NTRK1	1
670	CADM4	1177	CSF1R	1
670	CADM4	3866	PDGFRA	1
670	CADM4	1351	DDR1	1
670	CADM4	3867	PDGFRB	1
670	CADM4	4975	SLC22A1	1
670	CADM4	4978	SLC22A2	1
671	CALD1	6142	ZCCHC24	1
672	CALM1	850	CDA	1
672	CALM1	1330	DCK	1
672	CALM1	4708	RRM1	1
672	CALM1	5807	TYMS	1
672	CALM1	1058	CMPK1	1
672	CALM1	5003	SLC29A1	1
672	CALM1	5002	SLC28A1	1
672	CALM1	5004	SLC29A2	1
672	CALM1	3715	ORM1	1
672	CALM1	1287	CYP3A4	1
672	CALM1	1288	CYP3A5	1
672	CALM1	1289	CYP3A7	1
672	CALM1	1274	CYP1A2	1
672	CALM1	1282	CYP2C9	1
672	CALM1	1283	CYP2D6	1
672	CALM1	1280	CYP2C19	1
672	CALM1	4320	PTGS1	1
672	CALM1	2733	KIT	1
672	CALM1	4519	RET	1
672	CALM1	3607	NTRK1	1
672	CALM1	1177	CSF1R	1
672	CALM1	3866	PDGFRA	1
672	CALM1	1351	DDR1	1
672	CALM1	3867	PDGFRB	1
672	CALM1	4975	SLC22A1	1
672	CALM1	4978	SLC22A2	1
672	CALM1	1600	EGFR	1
673	CALML4	2411	HRAS	1
673	CALML4	2781	KRAS	1
673	CALML4	3579	NRAS	1
674	CALR	2411	HRAS	1
674	CALR	2781	KRAS	1
674	CALR	3579	NRAS	1
675	CALR3	3375	NAE1	1
676	CALU	3005	MAP1LC3B	1
676	CALU	4847	SENP2	1
676	CALU	6142	ZCCHC24	1
676	CALU	2493	IKBIP	1
676	CALU	3073	MBTPS1	1
676	CALU	5214	SRPX	1
676	CALU	818	CD276	1
676	CALU	837	CD63	1
676	CALU	1941	FNDC3B	1
676	CALU	1752	EXOC5	1
676	CALU	4035	PLOD1	1
676	CALU	5009	SLC30A5	1
676	CALU	1154	CREB3L2	1
676	CALU	1468	DNAJB6	1
676	CALU	2681	KDELR2	1
676	CALU	2812	LAMB1	1
676	CALU	4037	PLOD3	1
676	CALU	4706	RRBP1	1
676	CALU	5320	SYDE1	1
677	CALY	1677	EMX1	1
678	CAMK1	850	CDA	1
678	CAMK1	1330	DCK	1
678	CAMK1	4708	RRM1	1
678	CAMK1	5807	TYMS	1
678	CAMK1	1058	CMPK1	1
678	CAMK1	5003	SLC29A1	1
678	CAMK1	5002	SLC28A1	1
678	CAMK1	5004	SLC29A2	1
679	CAMK1D	850	CDA	1
679	CAMK1D	1330	DCK	1
679	CAMK1D	4708	RRM1	1
679	CAMK1D	5807	TYMS	1
679	CAMK1D	1058	CMPK1	1
679	CAMK1D	5003	SLC29A1	1
679	CAMK1D	5002	SLC28A1	1
679	CAMK1D	5004	SLC29A2	1
680	CAMK2B	3715	ORM1	1
680	CAMK2B	1287	CYP3A4	1
680	CAMK2B	1288	CYP3A5	1
680	CAMK2B	1289	CYP3A7	1
680	CAMK2B	1274	CYP1A2	1
680	CAMK2B	1282	CYP2C9	1
680	CAMK2B	1283	CYP2D6	1
680	CAMK2B	1280	CYP2C19	1
680	CAMK2B	4320	PTGS1	1
680	CAMK2B	2733	KIT	1
680	CAMK2B	4519	RET	1
680	CAMK2B	3607	NTRK1	1
680	CAMK2B	1177	CSF1R	1
680	CAMK2B	3866	PDGFRA	1
680	CAMK2B	1351	DDR1	1
680	CAMK2B	3867	PDGFRB	1
680	CAMK2B	4975	SLC22A1	1
680	CAMK2B	4978	SLC22A2	1
681	CAMK2D	2411	HRAS	1
681	CAMK2D	2781	KRAS	1
681	CAMK2D	3579	NRAS	1
682	CAMK2G	3715	ORM1	1
682	CAMK2G	1287	CYP3A4	1
682	CAMK2G	1288	CYP3A5	1
682	CAMK2G	1289	CYP3A7	1
682	CAMK2G	1274	CYP1A2	1
682	CAMK2G	1282	CYP2C9	1
682	CAMK2G	1283	CYP2D6	1
682	CAMK2G	1280	CYP2C19	1
682	CAMK2G	4320	PTGS1	1
682	CAMK2G	2733	KIT	1
682	CAMK2G	4519	RET	1
682	CAMK2G	3607	NTRK1	1
682	CAMK2G	1177	CSF1R	1
682	CAMK2G	3866	PDGFRA	1
682	CAMK2G	1351	DDR1	1
682	CAMK2G	3867	PDGFRB	1
682	CAMK2G	4975	SLC22A1	1
682	CAMK2G	4978	SLC22A2	1
683	CAMK2N1	4338	PTPRF	1
684	CAMKK2	3375	NAE1	1
685	CAMKV	2411	HRAS	1
685	CAMKV	2781	KRAS	1
685	CAMKV	3579	NRAS	1
686	CAND1	5056	SMAD4	1
686	CAND1	3472	NEMP1	1
686	CAND1	3375	NAE1	1
687	CANX	695	CAPRIN1	1
687	CANX	2382	HNRNPF	1
687	CANX	3038	MAPK9	1
687	CANX	4164	PPP2CA	1
688	CAP2	2813	LAMB2	1
688	CAP2	4740	RUSC2	1
688	CAP2	963	CFL2	1
689	CAPN1	1771	F2RL1	1
689	CAPN1	1198	CST6	1
689	CAPN1	3015	MAP3K11	1
689	CAPN1	3374	NADSYN1	1
689	CAPN1	3727	OTUB1	1
689	CAPN1	1606	EHBP1L1	1
689	CAPN1	1607	EHD1	1
689	CAPN1	3737	P2RY2	1
689	CAPN1	4694	RPS6KA4	1
690	CAPN15	1055	CLUH	1
690	CAPN15	1569	E4F1	1
691	CAPN2	4141	PPIC	1
691	CAPN2	1290	CYR61	1
691	CAPN2	2176	GPX8	1
691	CAPN2	5967	VEGFC	1
691	CAPN2	726	CAST	1
692	CAPN3	2411	HRAS	1
692	CAPN3	2781	KRAS	1
692	CAPN3	3579	NRAS	1
692	CAPN3	3375	NAE1	1
693	CAPN6	3715	ORM1	1
693	CAPN6	1287	CYP3A4	1
693	CAPN6	1288	CYP3A5	1
693	CAPN6	1289	CYP3A7	1
693	CAPN6	1274	CYP1A2	1
693	CAPN6	1282	CYP2C9	1
693	CAPN6	1283	CYP2D6	1
693	CAPN6	1280	CYP2C19	1
693	CAPN6	4320	PTGS1	1
693	CAPN6	2733	KIT	1
693	CAPN6	4519	RET	1
693	CAPN6	3607	NTRK1	1
693	CAPN6	1177	CSF1R	1
693	CAPN6	3866	PDGFRA	1
693	CAPN6	1351	DDR1	1
693	CAPN6	3867	PDGFRB	1
693	CAPN6	4975	SLC22A1	1
693	CAPN6	4978	SLC22A2	1
694	CAPN7	3486	NFE2L2	1
694	CAPN7	2240	H3F3C	1
694	CAPN7	5211	SRP9	1
694	CAPN7	3973	PIP5K1A	1
694	CAPN7	3273	MSH6	1
694	CAPN7	4076	POGK	1
694	CAPN7	1857	FBXO28	1
694	CAPN7	2950	LSM3	1
695	CAPRIN1	4200	PRDX3	1
695	CAPRIN1	2096	GLUD1	1
695	CAPRIN1	1444	DLD	1
695	CAPRIN1	3486	NFE2L2	1
695	CAPRIN1	4160	PPP1R2	1
695	CAPRIN1	5211	SRP9	1
695	CAPRIN1	6169	ZFYVE21	1
695	CAPRIN1	1234	CUL4B	1
695	CAPRIN1	1910	FH	1
695	CAPRIN1	2091	GLRX3	1
695	CAPRIN1	2097	GLUD2	1
695	CAPRIN1	4318	PTGES3	1
695	CAPRIN1	5887	UGP2	1
695	CAPRIN1	6081	YAF2	1
695	CAPRIN1	6344	ZNF780A	1
695	CAPRIN1	1591	EEF1E1	1
695	CAPRIN1	3250	MRPS15	1
695	CAPRIN1	802	CCT2	1
695	CAPRIN1	4559	RIDA	1
695	CAPRIN1	1014	CKAP5	1
695	CAPRIN1	2210	GTF2H1	1
695	CAPRIN1	4275	PSMA1	1
695	CAPRIN1	3715	ORM1	1
695	CAPRIN1	1287	CYP3A4	1
695	CAPRIN1	1288	CYP3A5	1
695	CAPRIN1	1289	CYP3A7	1
695	CAPRIN1	1274	CYP1A2	1
695	CAPRIN1	1282	CYP2C9	1
695	CAPRIN1	1283	CYP2D6	1
695	CAPRIN1	1280	CYP2C19	1
695	CAPRIN1	4320	PTGS1	1
695	CAPRIN1	2733	KIT	1
695	CAPRIN1	4519	RET	1
695	CAPRIN1	3607	NTRK1	1
695	CAPRIN1	1177	CSF1R	1
695	CAPRIN1	3866	PDGFRA	1
695	CAPRIN1	1351	DDR1	1
695	CAPRIN1	3867	PDGFRB	1
695	CAPRIN1	4975	SLC22A1	1
695	CAPRIN1	4978	SLC22A2	1
696	CAPZB	2411	HRAS	1
696	CAPZB	2781	KRAS	1
696	CAPZB	3579	NRAS	1
697	CARD10	5745	TSPAN1	1
697	CARD10	1290	CYR61	1
697	CARD10	5590	TNFRSF1A	1
697	CARD10	1413	DHRS3	1
697	CARD10	2165	GPRC5A	1
697	CARD10	3375	NAE1	1
698	CARD11	3375	NAE1	1
699	CARD14	3375	NAE1	1
700	CARD16	3375	NAE1	1
701	CARD18	3375	NAE1	1
702	CARD6	3375	NAE1	1
703	CARD8	3375	NAE1	1
704	CARD9	3375	NAE1	1
705	CARF	906	CDKN2A	1
706	CARHSP1	2411	HRAS	1
706	CARHSP1	2781	KRAS	1
706	CARHSP1	3579	NRAS	1
707	CARM1	3889	PES1	1
707	CARM1	2058	GGA3	1
707	CARM1	1864	FBXO46	1
707	CARM1	4946	SIN3B	1
707	CARM1	5610	TNPO2	1
707	CARM1	2411	HRAS	1
707	CARM1	2781	KRAS	1
707	CARM1	3579	NRAS	1
708	CARMIL1	1351	DDR1	1
709	CARS	971	CHAC1	1
709	CARS	850	CDA	1
709	CARS	1330	DCK	1
709	CARS	4708	RRM1	1
709	CARS	5807	TYMS	1
709	CARS	1058	CMPK1	1
709	CARS	5003	SLC29A1	1
709	CARS	5002	SLC28A1	1
709	CARS	5004	SLC29A2	1
709	CARS	1281	CYP2C8	1
709	CARS	1273	CYP19A1	1
709	CARS	1275	CYP1B1	1
709	CARS	5783	TUBB1	1
709	CARS	3573	NR1I2	1
709	CARS	3022	MAP4	1
709	CARS	3007	MAP2	1
709	CARS	3045	MAPT	1
709	CARS	5042	SLCO1B3	1
709	CARS	3715	ORM1	1
709	CARS	1274	CYP1A2	1
709	CARS	1283	CYP2D6	1
709	CARS	1280	CYP2C19	1
709	CARS	4320	PTGS1	1
709	CARS	2733	KIT	1
709	CARS	4519	RET	1
709	CARS	3607	NTRK1	1
709	CARS	1177	CSF1R	1
709	CARS	3866	PDGFRA	1
709	CARS	1351	DDR1	1
709	CARS	3867	PDGFRB	1
709	CARS	4975	SLC22A1	1
709	CARS	4978	SLC22A2	1
709	CARS	1287	CYP3A4	1
709	CARS	1288	CYP3A5	1
709	CARS	1289	CYP3A7	1
709	CARS	1282	CYP2C9	1
710	CARS2	5438	TFDP1	1
711	CASC1	3375	NAE1	1
712	CASC3	3509	NKIRAS2	1
713	CASP1	3375	NAE1	1
714	CASP14	3375	NAE1	1
715	CASP2	1767	EZH2	1
715	CASP2	2963	LUC7L2	1
715	CASP2	6211	ZNF212	1
715	CASP2	6227	ZNF282	1
715	CASP2	3084	MCM7	1
715	CASP2	4998	SLC25A40	1
716	CASP3	2494	IKBKB	1
716	CASP3	5198	SRC	1
716	CASP3	5584	TNFRSF10A	1
716	CASP3	5585	TNFRSF10B	1
716	CASP3	720	CASP7	1
716	CASP3	2134	GORASP1	1
716	CASP3	2626	JUN	1
716	CASP3	3027	MAPK1	1
716	CASP3	3036	MAPK8	1
716	CASP3	5959	VAV1	1
716	CASP3	5960	VAV3	1
716	CASP3	3004	MAP1LC3A	1
716	CASP3	3665	OLFM4	1
716	CASP3	1602	EGR1	1
716	CASP3	2041	GDF15	1
716	CASP3	2451	IAPP	1
716	CASP3	3959	PIK3CA	1
716	CASP3	4136	PPARA	1
716	CASP3	4056	PML	1
716	CASP3	2781	KRAS	1
716	CASP3	1767	EZH2	1
716	CASP3	4696	RPS6KB1	1
716	CASP3	4456	RB1	1
716	CASP3	5798	TWSG1	1
716	CASP3	823	CD34	1
716	CASP3	904	CDKN1A	1
716	CASP3	4302	PSMD9	1
716	CASP3	5476	TIMM8A	1
716	CASP3	3303	MTOR	1
716	CASP3	5639	TP53	1
716	CASP3	1265	CYCS	1
716	CASP3	723	CASP9	1
716	CASP3	3774	PARP1	1
716	CASP3	721	CASP8	1
716	CASP3	5480	TIPARP	1
716	CASP3	6060	XIAP	1
716	CASP3	5578	TNF	1
716	CASP3	3375	NAE1	1
717	CASP4	3375	NAE1	1
718	CASP5	3375	NAE1	1
719	CASP6	3375	NAE1	1
720	CASP7	2494	IKBKB	1
720	CASP7	5198	SRC	1
720	CASP7	5584	TNFRSF10A	1
720	CASP7	5585	TNFRSF10B	1
720	CASP7	721	CASP8	1
720	CASP7	3375	NAE1	1
721	CASP8	1709	ERAP1	1
721	CASP8	4287	PSMB8	1
721	CASP8	1427	DIABLO	1
721	CASP8	6060	XIAP	1
721	CASP8	2494	IKBKB	1
721	CASP8	5198	SRC	1
721	CASP8	5584	TNFRSF10A	1
721	CASP8	5585	TNFRSF10B	1
721	CASP8	877	CDH1	1
721	CASP8	1781	FADD	1
721	CASP8	3027	MAPK1	1
721	CASP8	4613	RNF34	1
721	CASP8	1011	CITED2	1
721	CASP8	2261	HCCS	1
721	CASP8	3519	NME1	1
721	CASP8	4136	PPARA	1
721	CASP8	5578	TNF	1
721	CASP8	2781	KRAS	1
721	CASP8	854	CDC20	1
721	CASP8	3774	PARP1	1
721	CASP8	964	CFLAR	1
721	CASP8	3375	NAE1	1
721	CASP8	3326	MYC	1
721	CASP8	1842	FAT1	1
722	CASP8AP2	2272	HDAC2	1
722	CASP8AP2	4849	SENP6	1
722	CASP8AP2	3375	NAE1	1
723	CASP9	3774	PARP1	1
723	CASP9	2134	GORASP1	1
723	CASP9	2626	JUN	1
723	CASP9	3027	MAPK1	1
723	CASP9	3036	MAPK8	1
723	CASP9	5959	VAV1	1
723	CASP9	5960	VAV3	1
723	CASP9	4456	RB1	1
723	CASP9	5798	TWSG1	1
723	CASP9	1265	CYCS	1
723	CASP9	5639	TP53	1
723	CASP9	3375	NAE1	1
724	CASQ1	3677	OR10J1	1
724	CASQ1	2411	HRAS	1
724	CASQ1	2781	KRAS	1
724	CASQ1	3579	NRAS	1
725	CASS4	5411	TCL6	1
725	CASS4	2411	HRAS	1
725	CASS4	2781	KRAS	1
725	CASS4	3579	NRAS	1
726	CAST	2814	LAMB3	1
726	CAST	4749	S100A13	1
726	CAST	3888	PERP	1
727	CATSPER1	2411	HRAS	1
727	CATSPER1	2781	KRAS	1
727	CATSPER1	3579	NRAS	1
728	CATSPERG	4227	PRM2	1
729	CAV1	1221	CTSB	1
729	CAV1	1798	FAM20C	1
729	CAV1	5257	STEAP1	1
730	CAV2	1442	DKK3	1
730	CAV2	3340	MYL12A	1
730	CAV2	2176	GPX8	1
730	CAV2	5315	SVIL	1
730	CAV2	2550	INHBA	1
731	CAVIN1	4555	RHOC	1
731	CAVIN1	4917	SH3BGRL3	1
731	CAVIN1	4380	RAB34	1
731	CAVIN1	963	CFL2	1
731	CAVIN1	1166	CRTAP	1
731	CAVIN1	1290	CYR61	1
731	CAVIN1	1467	DNAJB4	1
731	CAVIN1	1515	DRAP1	1
731	CAVIN1	1542	DUSP14	1
731	CAVIN1	1698	EPHA2	1
731	CAVIN1	2027	GBP1	1
731	CAVIN1	2117	GNG12	1
731	CAVIN1	2176	GPX8	1
731	CAVIN1	2199	GSN	1
731	CAVIN1	2241	HACD1	1
731	CAVIN1	2361	HMGA2	1
731	CAVIN1	2597	ITGA3	1
731	CAVIN1	2816	LAMC1	1
731	CAVIN1	3175	MMP14	1
731	CAVIN1	3970	PINK1	1
732	CAVIN3	4754	S100A6	1
732	CAVIN3	3286	MT2A	1
733	CBFB	4891	SFPQ	1
733	CBFB	5426	TERF2	1
734	CBL	2411	HRAS	1
734	CBL	2781	KRAS	1
734	CBL	3579	NRAS	1
735	CBLC	2390	HOOK2	1
735	CBLC	5228	SSH3	1
735	CBLC	3332	MYH14	1
736	CBLL1	4998	SLC25A40	1
736	CBLL1	2963	LUC7L2	1
737	CBLN1	3375	NAE1	1
738	CBLN4	2411	HRAS	1
738	CBLN4	2781	KRAS	1
738	CBLN4	3579	NRAS	1
739	CBR1	1281	CYP2C8	1
739	CBR1	1287	CYP3A4	1
739	CBR1	1288	CYP3A5	1
739	CBR1	1289	CYP3A7	1
739	CBR1	1282	CYP2C9	1
739	CBR1	1273	CYP19A1	1
739	CBR1	1275	CYP1B1	1
739	CBR1	5783	TUBB1	1
739	CBR1	3573	NR1I2	1
739	CBR1	3022	MAP4	1
739	CBR1	3007	MAP2	1
739	CBR1	3045	MAPT	1
739	CBR1	5042	SLCO1B3	1
740	CBR3	2411	HRAS	1
740	CBR3	2781	KRAS	1
740	CBR3	3579	NRAS	1
741	CBS	2411	HRAS	1
741	CBS	2781	KRAS	1
741	CBS	3579	NRAS	1
742	CBX4	3375	NAE1	1
743	CBX5	5778	TUBA1A	1
744	CC2D1A	2659	KCNH6	1
744	CC2D1A	4893	SFTPB	1
744	CC2D1A	2248	HAMP	1
744	CC2D1A	4404	RAD23A	1
744	CC2D1A	6347	ZNF787	1
744	CC2D1A	754	CCDC130	1
745	CCAR1	4884	SF3B1	1
745	CCAR1	4473	RBM26	1
745	CCAR1	4560	RIF1	1
745	CCAR1	5635	TOPBP1	1
745	CCAR1	6244	ZNF37A	1
746	CCAR2	2781	KRAS	1
746	CCAR2	3579	NRAS	1
746	CCAR2	1077	CNOT7	1
746	CCAR2	2411	HRAS	1
747	CCBE1	4865	SERPINE1	1
747	CCBE1	3375	NAE1	1
748	CCDC112	2411	HRAS	1
748	CCDC112	2781	KRAS	1
748	CCDC112	3579	NRAS	1
749	CCDC115	3375	NAE1	1
750	CCDC117	3274	MSL2	1
751	CCDC12	3166	MLH1	1
751	CCDC12	3256	MRPS25	1
751	CCDC12	5223	SS18L2	1
751	CCDC12	6260	ZNF445	1
752	CCDC120	2411	HRAS	1
752	CCDC120	2781	KRAS	1
752	CCDC120	3579	NRAS	1
753	CCDC124	1834	FARSA	1
754	CCDC130	5065	SMARCC2	1
754	CCDC130	4316	PTGDR2	1
754	CCDC130	5276	STRN4	1
755	CCDC138	3375	NAE1	1
755	CCDC138	4154	PPP1CC	1
755	CCDC138	1521	DSCC1	1
755	CCDC138	2250	HAT1	1
756	CCDC14	2411	HRAS	1
756	CCDC14	2781	KRAS	1
756	CCDC14	3579	NRAS	1
757	CCDC144NL	3375	NAE1	1
758	CCDC170	2411	HRAS	1
758	CCDC170	2781	KRAS	1
758	CCDC170	3579	NRAS	1
759	CCDC171	2411	HRAS	1
759	CCDC171	2781	KRAS	1
759	CCDC171	3579	NRAS	1
760	CCDC174	5381	TBC1D5	1
761	CCDC188	3375	NAE1	1
762	CCDC190	3375	NAE1	1
763	CCDC22	4185	PQBP1	1
764	CCDC28A	3375	NAE1	1
765	CCDC51	2411	HRAS	1
765	CCDC51	2781	KRAS	1
765	CCDC51	3579	NRAS	1
766	CCDC58	3537	NOL11	1
767	CCDC59	2148	GPN3	1
767	CCDC59	4154	PPP1CC	1
767	CCDC59	3375	NAE1	1
768	CCDC66	3375	NAE1	1
769	CCDC77	3375	NAE1	1
770	CCDC82	2411	HRAS	1
770	CCDC82	2781	KRAS	1
770	CCDC82	3579	NRAS	1
771	CCDC85B	3375	NAE1	1
772	CCDC88A	5015	SLC35B4	1
773	CCDC88C	1691	EPB41	1
773	CCDC88C	3871	PDIK1L	1
773	CCDC88C	4477	RBM38	1
774	CCDC94	5639	TP53	1
774	CCDC94	3066	MBD3	1
774	CCDC94	4239	PRPF19	1
775	CCHCR1	2411	HRAS	1
775	CCHCR1	2781	KRAS	1
775	CCHCR1	3579	NRAS	1
776	CCIN	2411	HRAS	1
776	CCIN	2781	KRAS	1
776	CCIN	3579	NRAS	1
777	CCL1	3326	MYC	1
778	CCL19	5741	TSKS	1
779	CCL23	3715	ORM1	1
779	CCL23	1287	CYP3A4	1
779	CCL23	1288	CYP3A5	1
779	CCL23	1289	CYP3A7	1
779	CCL23	1274	CYP1A2	1
779	CCL23	1282	CYP2C9	1
779	CCL23	1283	CYP2D6	1
779	CCL23	1280	CYP2C19	1
779	CCL23	4320	PTGS1	1
779	CCL23	2733	KIT	1
779	CCL23	4519	RET	1
779	CCL23	3607	NTRK1	1
779	CCL23	1177	CSF1R	1
779	CCL23	3866	PDGFRA	1
779	CCL23	1351	DDR1	1
779	CCL23	3867	PDGFRB	1
779	CCL23	4975	SLC22A1	1
779	CCL23	4978	SLC22A2	1
780	CCL24	3331	MYH13	1
781	CCL3L1	3375	NAE1	1
782	CCNA1	3375	NAE1	1
783	CCNA2	3323	MYBL2	1
783	CCNA2	930	CENPE	1
783	CCNA2	2984	MAD2L1	1
783	CCNA2	3404	NCAPG2	1
783	CCNA2	5635	TOPBP1	1
783	CCNA2	858	CDC25C	1
783	CCNA2	3079	MCM2	1
783	CCNA2	4079	POLA2	1
783	CCNA2	2411	HRAS	1
783	CCNA2	3579	NRAS	1
783	CCNA2	2781	KRAS	1
784	CCNB1	2101	GMNN	1
784	CCNB1	858	CDC25C	1
784	CCNB1	909	CDKN3	1
784	CCNB1	3375	NAE1	1
785	CCNB1IP1	3326	MYC	1
786	CCNB2	3078	MCM10	1
786	CCNB2	1828	FANCI	1
786	CCNB2	3664	OIP5	1
786	CCNB2	3947	PIF1	1
786	CCNB2	6372	ZWILCH	1
786	CCNB2	5270	STMN1	1
786	CCNB2	1392	DEPDC1	1
786	CCNB2	3375	NAE1	1
787	CCNC	6153	ZFAND1	1
787	CCNC	4559	RIDA	1
787	CCNC	3231	MRPL3	1
787	CCNC	4803	SCYL2	1
787	CCNC	3360	NAA15	1
788	CCND1	1698	EPHA2	1
788	CCND1	904	CDKN1A	1
788	CCND1	1169	CRY2	1
788	CCND1	2000	GADD45A	1
788	CCND1	2292	HERC5	1
788	CCND1	3082	MCM5	1
788	CCND1	5298	SUMO1	1
788	CCND1	5813	UBA1	1
788	CCND1	1225	CTTN	1
789	CCND2	2411	HRAS	1
789	CCND2	2781	KRAS	1
789	CCND2	3579	NRAS	1
790	CCNE1	5639	TP53	1
790	CCNE1	3375	NAE1	1
791	CCNE2	869	CDC6	1
791	CCNE2	2101	GMNN	1
791	CCNE2	3080	MCM3	1
791	CCNE2	5404	TCF19	1
791	CCNE2	5631	TOP2A	1
791	CCNE2	1531	DTL	1
791	CCNE2	1750	EXO1	1
791	CCNE2	2069	GINS1	1
791	CCNE2	4403	RAD21	1
791	CCNE2	5438	TFDP1	1
791	CCNE2	5852	UBE2T	1
791	CCNE2	3375	NAE1	1
791	CCNE2	3439	NDUFAF6	1
792	CCNF	5217	SRRM1	1
792	CCNF	4309	PSRC1	1
792	CCNF	3402	NCAPD3	1
792	CCNF	870	CDC7	1
792	CCNF	2237	H2AFX	1
792	CCNF	5723	TRMU	1
792	CCNF	1612	EHMT2	1
792	CCNF	5063	SMARCB1	1
792	CCNF	4709	RRM2	1
792	CCNF	1569	E4F1	1
792	CCNF	3262	MRPS34	1
792	CCNF	5807	TYMS	1
793	CCNG2	4434	RANBP9	1
793	CCNG2	3959	PIK3CA	1
793	CCNG2	2832	LARP7	1
794	CCNH	4312	PTCD2	1
794	CCNH	4444	RARS	1
794	CCNH	5128	SNX2	1
794	CCNH	5356	TAF9	1
794	CCNH	3375	NAE1	1
795	CCNJ	3375	NAE1	1
796	CCNL1	1078	CNOT8	1
796	CCNL1	3067	MBD4	1
796	CCNL1	5389	TBL1XR1	1
796	CCNL1	4478	RBM39	1
797	CCNL2	4726	RSRP1	1
798	CCNT1	5217	SRRM1	1
798	CCNT1	4912	SGTA	1
798	CCNT1	6122	ZBTB48	1
798	CCNT1	1073	CNOT3	1
799	CCNT2	5051	SLTM	1
799	CCNT2	6180	ZMYM2	1
799	CCNT2	3495	NFYB	1
800	CCR7	833	CD52	1
800	CCR7	5411	TCL6	1
801	CCS	3375	NAE1	1
802	CCT2	1986	FZD3	1
802	CCT2	5624	TOMM22	1
802	CCT2	1681	ENOPH1	1
802	CCT2	1241	CWF19L1	1
802	CCT2	3360	NAA15	1
802	CCT2	5436	TFCP2	1
802	CCT2	2905	LLPH	1
802	CCT2	4411	RAD51C	1
802	CCT2	2411	HRAS	1
802	CCT2	2781	KRAS	1
802	CCT2	3579	NRAS	1
802	CCT2	5718	TRMT13	1
803	CCT3	5923	USP21	1
803	CCT3	2411	HRAS	1
803	CCT3	2781	KRAS	1
803	CCT3	3579	NRAS	1
804	CCT4	4225	PRKRA	1
804	CCT4	5224	SSB	1
805	CCT5	4636	RPE	1
805	CCT5	4296	PSMD12	1
805	CCT5	2535	ILF2	1
805	CCT5	3044	MAPRE1	1
805	CCT5	3222	MRPL13	1
806	CCT6A	2411	HRAS	1
806	CCT6A	2781	KRAS	1
806	CCT6A	3579	NRAS	1
807	CCT8	4097	POLR1B	1
807	CCT8	2411	HRAS	1
807	CCT8	2781	KRAS	1
807	CCT8	3579	NRAS	1
807	CCT8	3375	NAE1	1
808	CD109	4753	S100A3	1
808	CD109	2487	IGFBP7	1
809	CD14	2411	HRAS	1
809	CD14	2781	KRAS	1
809	CD14	3579	NRAS	1
809	CD14	3375	NAE1	1
810	CD151	6150	ZDHHC7	1
810	CD151	3286	MT2A	1
810	CD151	1097	COL4A2	1
810	CD151	5027	SLC39A13	1
811	CD163	2062	GHRHR	1
811	CD163	1896	FEZF2	1
812	CD164	4831	SEL1L	1
812	CD164	6093	YIPF5	1
813	CD177	3774	PARP1	1
813	CD177	5253	STAT3	1
814	CD1C	4958	SLA	1
815	CD2	3375	NAE1	1
816	CD226	5459	THPO	1
816	CD226	2411	HRAS	1
816	CD226	2781	KRAS	1
816	CD226	3579	NRAS	1
817	CD27	3375	NAE1	1
818	CD276	4867	SERPINH1	1
819	CD28	3375	NAE1	1
820	CD2AP	1768	F11R	1
821	CD2BP2	6319	ZNF688	1
821	CD2BP2	2411	HRAS	1
821	CD2BP2	2781	KRAS	1
821	CD2BP2	3579	NRAS	1
821	CD2BP2	5753	TSR3	1
822	CD302	2411	HRAS	1
822	CD302	2781	KRAS	1
822	CD302	3579	NRAS	1
823	CD34	904	CDKN1A	1
823	CD34	4302	PSMD9	1
823	CD34	5476	TIMM8A	1
823	CD34	5639	TP53	1
824	CD38	3375	NAE1	1
825	CD3E	3375	NAE1	1
826	CD3EAP	2411	HRAS	1
826	CD3EAP	2781	KRAS	1
826	CD3EAP	3579	NRAS	1
827	CD3G	3375	NAE1	1
828	CD40	3375	NAE1	1
829	CD40LG	3375	NAE1	1
830	CD46	4205	PRKAA1	1
830	CD46	1443	DLAT	1
830	CD46	1463	DNAJA2	1
830	CD46	2083	GLE1	1
830	CD46	2218	GTF3C4	1
830	CD46	2908	LMBRD1	1
830	CD46	3365	NAA50	1
830	CD46	4291	PSMC3	1
830	CD46	4405	RAD23B	1
830	CD46	5032	SLC44A3	1
830	CD46	5192	SPTLC1	1
830	CD46	5495	TM9SF2	1
830	CD46	5504	TMCO3	1
830	CD46	5554	TMEM30A	1
830	CD46	1679	ENO1	1
830	CD46	1646	ELF3	1
830	CD46	1987	FZD6	1
830	CD46	4323	PTK2	1
830	CD46	5211	SRP9	1
830	CD46	3293	MTFR1	1
831	CD47	850	CDA	1
831	CD47	1330	DCK	1
831	CD47	4708	RRM1	1
831	CD47	5807	TYMS	1
831	CD47	1058	CMPK1	1
831	CD47	5003	SLC29A1	1
831	CD47	5002	SLC28A1	1
831	CD47	5004	SLC29A2	1
832	CD48	1909	FGR	1
832	CD48	5583	TNFAIP8L2	1
833	CD52	1874	FCER2	1
834	CD58	2355	HLA-G	1
835	CD59	3603	NT5E	1
835	CD59	1225	CTTN	1
835	CD59	1515	DRAP1	1
835	CD59	1947	FOSL1	1
835	CD59	1600	EGFR	1
836	CD6	5575	TMPRSS6	1
836	CD6	5611	TNR	1
837	CD63	2041	GDF15	1
837	CD63	3396	NBL1	1
837	CD63	5025	SLC38A6	1
837	CD63	2082	GLB1	1
837	CD63	4002	PLAT	1
837	CD63	4035	PLOD1	1
837	CD63	5084	SMPD1	1
837	CD63	1196	CST3	1
837	CD63	1294	DAB2	1
837	CD63	2924	LPP	1
838	CD7	2111	GNAT1	1
839	CD70	3375	NAE1	1
840	CD72	3375	NAE1	1
841	CD79A	3782	PARVG	1
842	CD79B	3338	MYH7	1
843	CD80	3326	MYC	1
844	CD81	2411	HRAS	1
844	CD81	2781	KRAS	1
844	CD81	3579	NRAS	1
845	CD82	2411	HRAS	1
845	CD82	2781	KRAS	1
845	CD82	3579	NRAS	1
846	CD84	2505	IL16	1
846	CD84	1182	CSHL1	1
847	CD9	2738	KLF4	1
847	CD9	4807	SDC4	1
847	CD9	1281	CYP2C8	1
847	CD9	1287	CYP3A4	1
847	CD9	1288	CYP3A5	1
847	CD9	1289	CYP3A7	1
847	CD9	1282	CYP2C9	1
847	CD9	1273	CYP19A1	1
847	CD9	1275	CYP1B1	1
847	CD9	5783	TUBB1	1
847	CD9	3573	NR1I2	1
847	CD9	3022	MAP4	1
847	CD9	3007	MAP2	1
847	CD9	3045	MAPT	1
847	CD9	5042	SLCO1B3	1
848	CD93	3715	ORM1	1
848	CD93	1287	CYP3A4	1
848	CD93	1288	CYP3A5	1
848	CD93	1289	CYP3A7	1
848	CD93	1274	CYP1A2	1
848	CD93	1282	CYP2C9	1
848	CD93	1283	CYP2D6	1
848	CD93	1280	CYP2C19	1
848	CD93	4320	PTGS1	1
848	CD93	2733	KIT	1
848	CD93	4519	RET	1
848	CD93	3607	NTRK1	1
848	CD93	1177	CSF1R	1
848	CD93	3866	PDGFRA	1
848	CD93	1351	DDR1	1
848	CD93	3867	PDGFRB	1
848	CD93	4975	SLC22A1	1
848	CD93	4978	SLC22A2	1
849	CD96	2411	HRAS	1
849	CD96	2781	KRAS	1
849	CD96	3579	NRAS	1
850	CDA	2814	LAMB3	1
850	CDA	906	CDKN2A	1
850	CDA	5484	TK2	1
850	CDA	5287	STYXL1	1
850	CDA	5808	TYRO3	1
850	CDA	4573	RIPK2	1
850	CDA	3025	MAP4K5	1
850	CDA	1017	CKS2	1
850	CDA	3039	MAPKAP1	1
850	CDA	3040	MAPKAPK2	1
850	CDA	5606	TNNI3K	1
850	CDA	2699	KHK	1
850	CDA	3469	NEK6	1
850	CDA	3752	PAK1	1
850	CDA	2612	ITPKC	1
850	CDA	2915	LMTK2	1
850	CDA	3012	MAP2K7	1
850	CDA	4221	PRKD2	1
850	CDA	5268	STK33	1
850	CDA	5991	VRK3	1
850	CDA	3875	PDPK1	1
850	CDA	903	CDKL5	1
850	CDA	1183	CSK	1
850	CDA	1891	FER	1
850	CDA	2693	KDR	1
850	CDA	3041	MAPKAPK3	1
850	CDA	5171	SPHK1	1
850	CDA	4572	RIPK1	1
850	CDA	863	CDC42BPA	1
850	CDA	3020	MAP3K7	1
850	CDA	5105	SNRK	1
850	CDA	1187	CSNK1E	1
850	CDA	1930	FLT1	1
850	CDA	5264	STK17A	1
850	CDA	2309	HIPK1	1
850	CDA	3940	PI4K2A	1
850	CDA	4210	PRKAG3	1
850	CDA	1303	DAPK2	1
850	CDA	2189	GRK6	1
850	CDA	4032	PLK3	1
850	CDA	964	CFLAR	1
850	CDA	1176	CSE1L	1
850	CDA	1451	DLGAP4	1
850	CDA	1553	DVL2	1
850	CDA	1697	EPHA1	1
850	CDA	1976	FURIN	1
850	CDA	2653	KCND1	1
850	CDA	3013	MAP3K1	1
850	CDA	3028	MAPK10	1
850	CDA	3991	PKN2	1
850	CDA	4282	PSMB10	1
850	CDA	4284	PSMB4	1
850	CDA	4465	RBM12	1
850	CDA	4589	RNASEL	1
850	CDA	4708	RRM1	1
850	CDA	5007	SLC30A2	1
850	CDA	5056	SMAD4	1
850	CDA	5254	STAT4	1
850	CDA	5602	TNK1	1
850	CDA	4222	PRKD3	1
850	CDA	5359	TAOK3	1
850	CDA	1699	EPHB1	1
850	CDA	3990	PKMYT1	1
850	CDA	2265	HCK	1
850	CDA	6042	WNK4	1
850	CDA	4698	RPS6KL1	1
850	CDA	1406	DGKA	1
850	CDA	5335	TAB2	1
850	CDA	2995	MAGI3	1
850	CDA	3765	PANK2	1
850	CDA	3050	MARK1	1
850	CDA	5880	UCK1	1
850	CDA	3988	PKIA	1
850	CDA	1186	CSNK1D	1
850	CDA	985	CHEK1	1
850	CDA	4574	RIPK4	1
851	CDADC1	1877	FCGR3A	1
851	CDADC1	3375	NAE1	1
852	CDC14B	3375	NAE1	1
853	CDC16	2411	HRAS	1
853	CDC16	2781	KRAS	1
853	CDC16	3579	NRAS	1
854	CDC20	949	CEP55	1
854	CDC20	2711	KIF14	1
854	CDC20	4613	RNF34	1
854	CDC20	877	CDH1	1
854	CDC20	4415	RAD54L	1
854	CDC20	5259	STIL	1
854	CDC20	943	CEP152	1
854	CDC20	5483	TK1	1
854	CDC20	3990	PKMYT1	1
854	CDC20	5471	TIMELESS	1
855	CDC20B	3375	NAE1	1
856	CDC25A	5639	TP53	1
856	CDC25A	858	CDC25C	1
856	CDC25A	985	CHEK1	1
856	CDC25A	986	CHEK2	1
856	CDC25A	3565	NPRL2	1
856	CDC25A	4325	PTMA	1
856	CDC25A	4581	RMND5A	1
856	CDC25A	2839	LBR	1
856	CDC25A	3273	MSH6	1
856	CDC25A	1411	DHFR	1
856	CDC25A	1141	CPSF6	1
856	CDC25A	936	CENPM	1
856	CDC25A	3375	NAE1	1
857	CDC25B	2411	HRAS	1
857	CDC25B	2781	KRAS	1
857	CDC25B	3579	NRAS	1
858	CDC25C	1565	E2F1	1
858	CDC25C	3094	MDM4	1
858	CDC25C	4056	PML	1
858	CDC25C	4328	PTPA	1
858	CDC25C	5639	TP53	1
858	CDC25C	985	CHEK1	1
858	CDC25C	3565	NPRL2	1
858	CDC25C	4087	POLE2	1
858	CDC25C	2369	HMMR	1
858	CDC25C	2719	KIF20A	1
858	CDC25C	3084	MCM7	1
858	CDC25C	3425	NDC80	1
858	CDC25C	4033	PLK4	1
858	CDC25C	986	CHEK2	1
858	CDC25C	3375	NAE1	1
859	CDC27	5949	UTP18	1
859	CDC27	2411	HRAS	1
859	CDC27	3579	NRAS	1
859	CDC27	2781	KRAS	1
860	CDC34	3066	MBD3	1
860	CDC34	3104	MED16	1
860	CDC34	3150	MIER2	1
860	CDC34	4103	POLR2E	1
860	CDC34	3375	NAE1	1
861	CDC37	1834	FARSA	1
862	CDC37L1	2620	JAK2	1
862	CDC37L1	2411	HRAS	1
862	CDC37L1	2781	KRAS	1
862	CDC37L1	3579	NRAS	1
863	CDC42BPA	1330	DCK	1
863	CDC42BPA	4708	RRM1	1
863	CDC42BPA	5807	TYMS	1
863	CDC42BPA	1058	CMPK1	1
863	CDC42BPA	5003	SLC29A1	1
863	CDC42BPA	5002	SLC28A1	1
863	CDC42BPA	5004	SLC29A2	1
864	CDC42BPB	6243	ZNF358	1
864	CDC42BPB	2813	LAMB2	1
864	CDC42BPB	1602	EGR1	1
864	CDC42BPB	2017	GAS2L1	1
864	CDC42BPB	2073	GIPC1	1
865	CDC42EP1	4263	PRSS23	1
865	CDC42EP1	5493	TM4SF1	1
865	CDC42EP1	1290	CYR61	1
865	CDC42EP1	3375	NAE1	1
866	CDC42EP2	1022	CLCF1	1
866	CDC42EP2	3375	NAE1	1
867	CDC45	2069	GINS1	1
867	CDC45	2071	GINS3	1
867	CDC45	2072	GINS4	1
867	CDC45	5361	TAP2	1
867	CDC45	2312	HIRIP3	1
867	CDC45	3323	MYBL2	1
867	CDC45	5903	UNG	1
867	CDC45	4096	POLQ	1
867	CDC45	5069	SMC2	1
867	CDC45	5711	TRIP13	1
867	CDC45	2411	HRAS	1
867	CDC45	2781	KRAS	1
867	CDC45	3579	NRAS	1
867	CDC45	3375	NAE1	1
868	CDC5L	1132	CPNE1	1
868	CDC5L	2383	HNRNPH1	1
868	CDC5L	4291	PSMC3	1
868	CDC5L	3518	NMD3	1
868	CDC5L	2411	HRAS	1
868	CDC5L	2781	KRAS	1
868	CDC5L	3579	NRAS	1
869	CDC6	3838	PCNA	1
869	CDC6	973	CHAF1A	1
869	CDC6	875	CDCA8	1
869	CDC6	2723	KIF2C	1
869	CDC6	5259	STIL	1
869	CDC6	5153	SPAG5	1
869	CDC6	3375	NAE1	1
869	CDC6	2781	KRAS	1
870	CDC7	2374	HNRNPA1	1
870	CDC7	3323	MYBL2	1
870	CDC7	2362	HMGB1	1
870	CDC7	4846	SENP1	1
870	CDC7	4082	POLD3	1
870	CDC7	4526	RFC2	1
870	CDC7	1822	FANCA	1
870	CDC7	1141	CPSF6	1
870	CDC7	5635	TOPBP1	1
870	CDC7	4408	RAD51AP1	1
870	CDC7	940	CENPU	1
870	CDC7	4311	PTBP2	1
870	CDC7	5259	STIL	1
870	CDC7	875	CDCA8	1
870	CDC7	1217	CTPS1	1
870	CDC7	1566	E2F2	1
870	CDC7	2604	ITGB3BP	1
870	CDC7	4637	RPF1	1
870	CDC7	927	CENPA	1
870	CDC7	3181	MND1	1
870	CDC7	931	CENPF	1
870	CDC7	6171	ZGRF1	1
871	CDC73	2411	HRAS	1
871	CDC73	2781	KRAS	1
871	CDC73	3579	NRAS	1
872	CDCA2	5153	SPAG5	1
872	CDCA2	2545	INCENP	1
873	CDCA3	3591	NSD2	1
873	CDCA3	5572	TMPO	1
873	CDCA3	4407	RAD51	1
873	CDCA3	3403	NCAPG	1
873	CDCA3	2411	HRAS	1
873	CDCA3	2781	KRAS	1
873	CDCA3	3579	NRAS	1
874	CDCA7	2775	KNTC1	1
875	CDCA8	1783	FAF1	1
875	CDCA8	2604	ITGB3BP	1
875	CDCA8	4096	POLQ	1
875	CDCA8	4143	PPIH	1
875	CDCA8	1334	DCLRE1B	1
875	CDCA8	3615	NUDT1	1
875	CDCA8	4309	PSRC1	1
875	CDCA8	3968	PIMREG	1
875	CDCA8	3990	PKMYT1	1
875	CDCA8	2411	HRAS	1
875	CDCA8	3579	NRAS	1
875	CDCA8	2781	KRAS	1
876	CDCP2	3375	NAE1	1
877	CDH1	967	CGN	1
877	CDH1	1738	ESPN	1
877	CDH1	4048	PLXNB1	1
877	CDH1	1149	CRB3	1
877	CDH1	1761	EXPH5	1
877	CDH1	4914	SH2D3A	1
877	CDH1	5142	SOX13	1
877	CDH1	4613	RNF34	1
877	CDH1	2982	MACC1	1
877	CDH1	3326	MYC	1
877	CDH1	3217	MRGPRX4	1
878	CDH11	3375	NAE1	1
879	CDH2	1513	DPYSL3	1
880	CDH20	3375	NAE1	1
881	CDH3	967	CGN	1
881	CDH3	1742	ESRP2	1
882	CDH5	2411	HRAS	1
882	CDH5	2781	KRAS	1
882	CDH5	3579	NRAS	1
883	CDK1	953	CEP78	1
883	CDK1	899	CDK9	1
883	CDK1	5639	TP53	1
883	CDK1	985	CHEK1	1
883	CDK1	6075	XRCC3	1
883	CDK1	2984	MAD2L1	1
883	CDK1	5112	SNRPA1	1
883	CDK1	2382	HNRNPF	1
883	CDK1	5259	STIL	1
883	CDK1	3375	NAE1	1
883	CDK1	3326	MYC	1
884	CDK10	3375	NAE1	1
885	CDK11A	3375	NAE1	1
886	CDK11B	3375	NAE1	1
888	CDK13	3326	MYC	1
888	CDK13	2411	HRAS	1
888	CDK13	2781	KRAS	1
888	CDK13	3579	NRAS	1
889	CDK17	4803	SCYL2	1
890	CDK2	5639	TP53	1
890	CDK2	904	CDKN1A	1
890	CDK2	899	CDK9	1
890	CDK2	2781	KRAS	1
890	CDK2	4408	RAD51AP1	1
890	CDK2	2315	HIST1H2AE	1
890	CDK2	4099	POLR2A	1
890	CDK2	5225	SSBP1	1
890	CDK2	5918	USP1	1
890	CDK2	1491	DNTT	1
890	CDK2	2210	GTF2H1	1
890	CDK2	3285	MT1X	1
890	CDK2	3501	NHP2	1
890	CDK2	4644	RPL13A	1
890	CDK2	4094	POLM	1
890	CDK2	2334	HIST1H4A	1
890	CDK2	2485	IGFBP3	1
890	CDK2	2693	KDR	1
890	CDK2	3093	MDM2	1
890	CDK2	4150	PPM1D	1
890	CDK2	4405	RAD23B	1
890	CDK2	4407	RAD51	1
890	CDK2	4417	RAD9A	1
890	CDK2	4708	RRM1	1
890	CDK2	4081	POLD1	1
890	CDK2	4083	POLD4	1
890	CDK2	4511	RELA	1
890	CDK2	1600	EGFR	1
890	CDK2	2482	IGF1	1
890	CDK2	2489	IGHMBP2	1
890	CDK2	3030	MAPK12	1
890	CDK2	3303	MTOR	1
890	CDK2	3774	PARP1	1
890	CDK2	4061	PMS2	1
890	CDK2	4086	POLE	1
890	CDK2	4491	RBX1	1
890	CDK2	4870	SESN2	1
890	CDK2	5585	TNFRSF10B	1
890	CDK2	5903	UNG	1
890	CDK2	6046	WRAP53	1
890	CDK2	956	CETN2	1
890	CDK2	1714	ERCC1	1
890	CDK2	6116	ZBTB32	1
890	CDK2	6074	XRCC2	1
890	CDK2	3328	MYCN	1
890	CDK2	893	CDK4	1
890	CDK2	896	CDK6	1
890	CDK2	3375	NAE1	1
890	CDK2	3326	MYC	1
891	CDK2AP2	2685	KDM2A	1
892	CDK3	3375	NAE1	1
893	CDK4	5364	TARBP2	1
893	CDK4	4644	RPL13A	1
893	CDK4	4407	RAD51	1
893	CDK4	4099	POLR2A	1
893	CDK4	5225	SSBP1	1
893	CDK4	4708	RRM1	1
893	CDK4	4086	POLE	1
893	CDK4	2482	IGF1	1
893	CDK4	3093	MDM2	1
893	CDK4	2210	GTF2H1	1
893	CDK4	956	CETN2	1
893	CDK4	3030	MAPK12	1
893	CDK4	4094	POLM	1
893	CDK4	3501	NHP2	1
893	CDK4	4081	POLD1	1
893	CDK4	4405	RAD23B	1
893	CDK4	4511	RELA	1
893	CDK4	5903	UNG	1
893	CDK4	1600	EGFR	1
893	CDK4	4083	POLD4	1
893	CDK4	5585	TNFRSF10B	1
893	CDK4	1491	DNTT	1
893	CDK4	1714	ERCC1	1
893	CDK4	2315	HIST1H2AE	1
893	CDK4	3285	MT1X	1
893	CDK4	4417	RAD9A	1
893	CDK4	5918	USP1	1
893	CDK4	6046	WRAP53	1
893	CDK4	6116	ZBTB32	1
893	CDK4	2693	KDR	1
893	CDK4	4870	SESN2	1
893	CDK4	3778	PARP2	1
893	CDK4	4150	PPM1D	1
893	CDK4	2334	HIST1H4A	1
893	CDK4	2485	IGFBP3	1
893	CDK4	3303	MTOR	1
893	CDK4	4061	PMS2	1
893	CDK4	4491	RBX1	1
893	CDK4	6074	XRCC2	1
893	CDK4	3959	PIK3CA	1
893	CDK4	896	CDK6	1
893	CDK4	3774	PARP1	1
893	CDK4	2781	KRAS	1
894	CDK5	5480	TIPARP	1
894	CDK5	3774	PARP1	1
895	CDK5RAP1	1422	DHX35	1
896	CDK6	1112	COPS5	1
896	CDK6	2602	ITGB1	1
896	CDK6	3326	MYC	1
896	CDK6	4302	PSMD9	1
896	CDK6	4957	SKP2	1
896	CDK6	5639	TP53	1
896	CDK6	2781	KRAS	1
896	CDK6	3008	MAP2K1	1
896	CDK6	4644	RPL13A	1
896	CDK6	5918	USP1	1
896	CDK6	4708	RRM1	1
896	CDK6	3285	MT1X	1
896	CDK6	4099	POLR2A	1
896	CDK6	4407	RAD51	1
896	CDK6	5225	SSBP1	1
896	CDK6	956	CETN2	1
896	CDK6	4083	POLD4	1
896	CDK6	4491	RBX1	1
896	CDK6	6046	WRAP53	1
896	CDK6	5903	UNG	1
896	CDK6	2210	GTF2H1	1
896	CDK6	3030	MAPK12	1
896	CDK6	3303	MTOR	1
896	CDK6	4086	POLE	1
896	CDK6	2334	HIST1H4A	1
896	CDK6	1714	ERCC1	1
896	CDK6	2315	HIST1H2AE	1
896	CDK6	3501	NHP2	1
896	CDK6	4405	RAD23B	1
896	CDK6	2489	IGHMBP2	1
896	CDK6	1600	EGFR	1
896	CDK6	4061	PMS2	1
896	CDK6	4081	POLD1	1
896	CDK6	6116	ZBTB32	1
896	CDK6	2485	IGFBP3	1
896	CDK6	4094	POLM	1
896	CDK6	4870	SESN2	1
896	CDK6	1491	DNTT	1
896	CDK6	2482	IGF1	1
896	CDK6	2693	KDR	1
896	CDK6	4150	PPM1D	1
896	CDK6	3093	MDM2	1
896	CDK6	3774	PARP1	1
896	CDK6	4417	RAD9A	1
896	CDK6	5585	TNFRSF10B	1
896	CDK6	4511	RELA	1
896	CDK6	6074	XRCC2	1
896	CDK6	3959	PIK3CA	1
896	CDK6	1436	DIRC2	1
896	CDK6	5970	VHL	1
897	CDK7	2592	ITCH	1
897	CDK7	2038	GDE1	1
897	CDK7	4444	RARS	1
897	CDK7	5356	TAF9	1
897	CDK7	6076	XRCC4	1
897	CDK7	3375	NAE1	1
898	CDK8	4620	RNF6	1
898	CDK8	6068	XPO4	1
899	CDK9	5639	TP53	1
899	CDK9	1962	FPGS	1
899	CDK9	2411	HRAS	1
899	CDK9	2781	KRAS	1
899	CDK9	3579	NRAS	1
900	CDKAL1	3090	MDC1	1
901	CDKL1	2411	HRAS	1
901	CDKL1	2781	KRAS	1
901	CDKL1	3579	NRAS	1
902	CDKL3	2411	HRAS	1
902	CDKL3	2781	KRAS	1
902	CDKL3	3579	NRAS	1
903	CDKL5	1330	DCK	1
903	CDKL5	4708	RRM1	1
903	CDKL5	5807	TYMS	1
903	CDKL5	1058	CMPK1	1
903	CDKL5	5003	SLC29A1	1
903	CDKL5	5002	SLC28A1	1
903	CDKL5	5004	SLC29A2	1
904	CDKN1A	1021	CLCA2	1
904	CDKN1A	1169	CRY2	1
904	CDKN1A	2000	GADD45A	1
904	CDKN1A	2292	HERC5	1
904	CDKN1A	3082	MCM5	1
904	CDKN1A	5298	SUMO1	1
904	CDKN1A	5813	UBA1	1
904	CDKN1A	5476	TIMM8A	1
904	CDKN1A	4302	PSMD9	1
904	CDKN1A	5639	TP53	1
904	CDKN1A	3774	PARP1	1
904	CDKN1A	2781	KRAS	1
904	CDKN1A	3326	MYC	1
904	CDKN1A	3959	PIK3CA	1
904	CDKN1A	5970	VHL	1
904	CDKN1A	985	CHEK1	1
904	CDKN1A	3375	NAE1	1
905	CDKN1B	3375	NAE1	1
906	CDKN2A	985	CHEK1	1
906	CDKN2A	986	CHEK2	1
906	CDKN2A	5639	TP53	1
906	CDKN2A	1330	DCK	1
906	CDKN2A	4708	RRM1	1
906	CDKN2A	5807	TYMS	1
906	CDKN2A	1058	CMPK1	1
906	CDKN2A	5003	SLC29A1	1
906	CDKN2A	5002	SLC28A1	1
906	CDKN2A	5004	SLC29A2	1
906	CDKN2A	3375	NAE1	1
907	CDKN2AIP	3630	NUP54	1
908	CDKN2D	1412	DHPS	1
909	CDKN3	5721	TRMT5	1
909	CDKN3	5989	VRK1	1
910	CDR2	3375	NAE1	1
911	CDR2L	3375	NAE1	1
912	CDS1	1454	DMKN	1
912	CDS1	3207	MPP7	1
912	CDS1	1984	FXYD3	1
912	CDS1	3031	MAPK13	1
912	CDS1	4041	PLS1	1
912	CDS1	5286	STYK1	1
912	CDS1	2165	GPRC5A	1
912	CDS1	4324	PTK6	1
912	CDS1	4805	SDC1	1
912	CDS1	4934	SHROOM3	1
912	CDS1	1903	FGFBP1	1
913	CDSN	3908	PGLYRP4	1
914	CDT1	985	CHEK1	1
914	CDT1	2276	HDAC9	1
914	CDT1	4460	RBBP8	1
914	CDT1	5639	TP53	1
914	CDT1	1758	EXOSC5	1
914	CDT1	1073	CNOT3	1
914	CDT1	3375	NAE1	1
915	CDX1	5141	SOX10	1
916	CEACAM1	3715	ORM1	1
916	CEACAM1	1287	CYP3A4	1
916	CEACAM1	1288	CYP3A5	1
916	CEACAM1	1289	CYP3A7	1
916	CEACAM1	1274	CYP1A2	1
916	CEACAM1	1282	CYP2C9	1
916	CEACAM1	1283	CYP2D6	1
916	CEACAM1	1280	CYP2C19	1
916	CEACAM1	4320	PTGS1	1
916	CEACAM1	2733	KIT	1
916	CEACAM1	4519	RET	1
916	CEACAM1	3607	NTRK1	1
916	CEACAM1	1177	CSF1R	1
916	CEACAM1	3866	PDGFRA	1
916	CEACAM1	1351	DDR1	1
916	CEACAM1	3867	PDGFRB	1
916	CEACAM1	4975	SLC22A1	1
916	CEACAM1	4978	SLC22A2	1
917	CEACAM3	5755	TSSK3	1
917	CEACAM3	3375	NAE1	1
918	CEACAM6	5235	ST14	1
919	CEBPB	4158	PPP1R15A	1
920	CEBPD	2531	IL6	1
920	CEBPD	3326	MYC	1
921	CEBPZ	2411	HRAS	1
921	CEBPZ	2781	KRAS	1
921	CEBPZ	3579	NRAS	1
922	CELA2B	2156	GPR32	1
923	CELF1	3585	NRF1	1
923	CELF1	1014	CKAP5	1
924	CELF2	3715	ORM1	1
924	CELF2	1287	CYP3A4	1
924	CELF2	1288	CYP3A5	1
924	CELF2	1289	CYP3A7	1
924	CELF2	1274	CYP1A2	1
924	CELF2	1282	CYP2C9	1
924	CELF2	1283	CYP2D6	1
924	CELF2	1280	CYP2C19	1
924	CELF2	4320	PTGS1	1
924	CELF2	2733	KIT	1
924	CELF2	4519	RET	1
924	CELF2	3607	NTRK1	1
924	CELF2	3866	PDGFRA	1
924	CELF2	1351	DDR1	1
924	CELF2	3867	PDGFRB	1
924	CELF2	4975	SLC22A1	1
924	CELF2	4978	SLC22A2	1
924	CELF2	1177	CSF1R	1
925	CELF3	1272	CYP11B2	1
925	CELF3	2413	HRH3	1
926	CELF5	2411	HRAS	1
926	CELF5	2781	KRAS	1
926	CELF5	3579	NRAS	1
927	CENPA	3838	PCNA	1
927	CENPA	938	CENPO	1
927	CENPA	1581	ECT2	1
927	CENPA	3425	NDC80	1
927	CENPA	4529	RFC5	1
927	CENPA	2713	KIF18A	1
927	CENPA	2775	KNTC1	1
927	CENPA	5270	STMN1	1
927	CENPA	2910	LMNB1	1
927	CENPA	1890	FEN1	1
928	CENPB	1353	DDRGK1	1
929	CENPC	1645	ELF2	1
929	CENPC	2832	LARP7	1
929	CENPC	2951	LSM6	1
929	CENPC	2984	MAD2L1	1
930	CENPE	3033	MAPK3	1
930	CENPE	1710	ERBB2	1
930	CENPE	3912	PGR	1
930	CENPE	1760	EXOSC9	1
930	CENPE	2380	HNRNPD	1
930	CENPE	3465	NEIL3	1
930	CENPE	4408	RAD51AP1	1
930	CENPE	5635	TOPBP1	1
930	CENPE	2411	HRAS	1
930	CENPE	2781	KRAS	1
930	CENPE	3579	NRAS	1
931	CENPF	3090	MDC1	1
931	CENPF	943	CEP152	1
931	CENPF	3425	NDC80	1
931	CENPF	5270	STMN1	1
931	CENPF	5631	TOP2A	1
931	CENPF	1452	DLGAP5	1
931	CENPF	3403	NCAPG	1
932	CENPH	3620	NUF2	1
933	CENPI	3403	NCAPG	1
933	CENPI	3639	NUSAP1	1
933	CENPI	3375	NAE1	1
934	CENPJ	4096	POLQ	1
935	CENPL	4033	PLK4	1
936	CENPM	3323	MYBL2	1
936	CENPM	3838	PCNA	1
936	CENPM	5669	TRAIP	1
936	CENPM	3626	NUP188	1
936	CENPM	2803	L3MBTL2	1
936	CENPM	5259	STIL	1
937	CENPN	4033	PLK4	1
937	CENPN	1057	CMC2	1
938	CENPO	953	CEP78	1
938	CENPO	1865	FBXO5	1
938	CENPO	1890	FEN1	1
938	CENPO	2411	HRAS	1
938	CENPO	2781	KRAS	1
938	CENPO	3579	NRAS	1
939	CENPT	5348	TAF1C	1
940	CENPU	3292	MTF2	1
940	CENPU	4709	RRM2	1
940	CENPU	4957	SKP2	1
940	CENPU	3079	MCM2	1
941	CENPX	3375	NAE1	1
941	CENPX	3519	NME1	1
942	CEP131	1612	EHMT2	1
942	CEP131	1237	CUL9	1
942	CEP131	3633	NUP85	1
943	CEP152	6313	ZNF669	1
943	CEP152	4363	R3HDM1	1
943	CEP152	1531	DTL	1
943	CEP152	5635	TOPBP1	1
943	CEP152	4468	RBM15	1
943	CEP152	2457	ICE2	1
943	CEP152	4079	POLA2	1
944	CEP170B	2073	GIPC1	1
945	CEP192	5454	THOC1	1
946	CEP250	3375	NAE1	1
947	CEP295	4142	PPIG	1
948	CEP350	3094	MDM4	1
949	CEP55	2720	KIF20B	1
949	CEP55	5153	SPAG5	1
949	CEP55	1581	ECT2	1
950	CEP57	985	CHEK1	1
951	CEP70	3326	MYC	1
952	CEP76	3270	MSH2	1
953	CEP78	2727	KIFC1	1
954	CERNA2	3579	NRAS	1
954	CERNA2	2411	HRAS	1
954	CERNA2	2781	KRAS	1
955	CES2	5484	TK2	1
956	CETN2	2826	LAPTM4A	1
956	CETN2	5401	TCEAL9	1
956	CETN2	2210	GTF2H1	1
956	CETN2	5918	USP1	1
956	CETN2	4708	RRM1	1
956	CETN2	4407	RAD51	1
956	CETN2	5585	TNFRSF10B	1
956	CETN2	4086	POLE	1
956	CETN2	1600	EGFR	1
956	CETN2	3093	MDM2	1
956	CETN2	2315	HIST1H2AE	1
956	CETN2	4099	POLR2A	1
956	CETN2	5225	SSBP1	1
956	CETN2	6046	WRAP53	1
956	CETN2	4094	POLM	1
956	CETN2	2482	IGF1	1
956	CETN2	4083	POLD4	1
956	CETN2	4491	RBX1	1
956	CETN2	4644	RPL13A	1
956	CETN2	2485	IGFBP3	1
956	CETN2	3501	NHP2	1
956	CETN2	1491	DNTT	1
956	CETN2	1714	ERCC1	1
956	CETN2	2334	HIST1H4A	1
956	CETN2	3303	MTOR	1
956	CETN2	3774	PARP1	1
956	CETN2	4061	PMS2	1
956	CETN2	6116	ZBTB32	1
956	CETN2	2693	KDR	1
956	CETN2	4405	RAD23B	1
956	CETN2	4417	RAD9A	1
956	CETN2	4511	RELA	1
956	CETN2	3030	MAPK12	1
956	CETN2	3778	PARP2	1
956	CETN2	5903	UNG	1
956	CETN2	2489	IGHMBP2	1
956	CETN2	3285	MT1X	1
956	CETN2	4081	POLD1	1
956	CETN2	4150	PPM1D	1
956	CETN2	4870	SESN2	1
956	CETN2	6074	XRCC2	1
956	CETN2	3375	NAE1	1
957	CETN3	1030	CLDND1	1
957	CETN3	5356	TAF9	1
957	CETN3	6099	YTHDC2	1
958	CFAP20	1005	CIAPIN1	1
959	CFAP74	3375	NAE1	1
960	CFAP99	3579	NRAS	1
960	CFAP99	2411	HRAS	1
960	CFAP99	2781	KRAS	1
961	CFB	3606	NTN4	1
962	CFL1	1817	FAM89B	1
962	CFL1	2411	HRAS	1
962	CFL1	2781	KRAS	1
962	CFL1	3579	NRAS	1
963	CFL2	1563	DZIP1	1
963	CFL2	4220	PRKD1	1
963	CFL2	4331	PTPN21	1
963	CFL2	5095	SNAPC1	1
964	CFLAR	1427	DIABLO	1
964	CFLAR	6060	XIAP	1
964	CFLAR	3326	MYC	1
964	CFLAR	1781	FADD	1
964	CFLAR	3027	MAPK1	1
964	CFLAR	5585	TNFRSF10B	1
964	CFLAR	1330	DCK	1
964	CFLAR	4708	RRM1	1
964	CFLAR	5807	TYMS	1
964	CFLAR	1058	CMPK1	1
964	CFLAR	5003	SLC29A1	1
964	CFLAR	5002	SLC28A1	1
964	CFLAR	5004	SLC29A2	1
964	CFLAR	3375	NAE1	1
965	CFTR	3375	NAE1	1
966	CGGBP1	3575	NR2C2	1
967	CGN	3350	MYO6	1
967	CGN	1949	FOXA1	1
967	CGN	5602	TNK1	1
967	CGN	2192	GRTP1	1
967	CGN	3026	MAP7	1
967	CGN	1984	FXYD3	1
967	CGN	1651	ELMO3	1
967	CGN	5485	TLCD1	1
967	CGN	5560	TMEM45B	1
967	CGN	1646	ELF3	1
967	CGN	1596	EFNA1	1
967	CGN	1815	FAM83H	1
968	CGREF1	3375	NAE1	1
969	CGRRF1	4296	PSMD12	1
970	CH25H	3375	NAE1	1
971	CHAC1	6083	YARS	1
972	CHAC2	3899	PGAM5	1
972	CHAC2	4529	RFC5	1
973	CHAF1A	5721	TRMT5	1
973	CHAF1A	5217	SRRM1	1
973	CHAF1A	4087	POLE2	1
973	CHAF1A	4467	RBM14	1
973	CHAF1A	1141	CPSF6	1
973	CHAF1A	4408	RAD51AP1	1
973	CHAF1A	3969	PIN1	1
973	CHAF1A	5028	SLC39A3	1
973	CHAF1A	2385	HNRNPM	1
973	CHAF1A	2411	HRAS	1
973	CHAF1A	2781	KRAS	1
973	CHAF1A	3579	NRAS	1
973	CHAF1A	3375	NAE1	1
974	CHAF1B	6008	WDHD1	1
974	CHAF1B	5069	SMC2	1
974	CHAF1B	5071	SMC4	1
974	CHAF1B	2545	INCENP	1
974	CHAF1B	1890	FEN1	1
974	CHAF1B	5658	TPX2	1
974	CHAF1B	3375	NAE1	1
975	CHAT	3375	NAE1	1
976	CHCHD1	2430	HSPA14	1
977	CHCHD2	4276	PSMA2	1
977	CHCHD2	4632	RPA3	1
978	CHCHD3	3792	PAXIP1	1
979	CHCHD6	3375	NAE1	1
980	CHD1	4184	PPWD1	1
980	CHD1	4955	SKIV2L2	1
980	CHD1	6016	WDR36	1
980	CHD1	3326	MYC	1
981	CHD1L	3375	NAE1	1
982	CHD4	4129	POU2F1	1
983	CHD7	2411	HRAS	1
983	CHD7	2781	KRAS	1
983	CHD7	3579	NRAS	1
984	CHDH	1696	EPCAM	1
984	CHDH	3056	MARVELD3	1
985	CHEK1	3537	NOL11	1
985	CHEK1	2276	HDAC9	1
985	CHEK1	4460	RBBP8	1
985	CHEK1	5480	TIPARP	1
985	CHEK1	5630	TOP1	1
985	CHEK1	3959	PIK3CA	1
985	CHEK1	3565	NPRL2	1
985	CHEK1	3480	NF1	1
985	CHEK1	6075	XRCC3	1
985	CHEK1	2775	KNTC1	1
985	CHEK1	3472	NEMP1	1
985	CHEK1	5069	SMC2	1
985	CHEK1	3557	NPAT	1
985	CHEK1	3500	NHEJ1	1
985	CHEK1	986	CHEK2	1
985	CHEK1	4406	RAD50	1
985	CHEK1	3141	MIA	1
985	CHEK1	3166	MLH1	1
985	CHEK1	3326	MYC	1
985	CHEK1	3774	PARP1	1
985	CHEK1	3375	NAE1	1
985	CHEK1	1330	DCK	1
985	CHEK1	4708	RRM1	1
985	CHEK1	5807	TYMS	1
985	CHEK1	1058	CMPK1	1
985	CHEK1	5003	SLC29A1	1
985	CHEK1	5002	SLC28A1	1
985	CHEK1	5004	SLC29A2	1
985	CHEK1	3213	MRE11	1
985	CHEK1	5639	TP53	1
986	CHEK2	1565	E2F1	1
986	CHEK2	3094	MDM4	1
986	CHEK2	4056	PML	1
986	CHEK2	4328	PTPA	1
986	CHEK2	3774	PARP1	1
986	CHEK2	3326	MYC	1
986	CHEK2	3959	PIK3CA	1
986	CHEK2	3565	NPRL2	1
986	CHEK2	2638	KAT8	1
986	CHEK2	3141	MIA	1
986	CHEK2	5137	SOD1	1
986	CHEK2	3375	NAE1	1
986	CHEK2	5639	TP53	1
987	CHERP	5217	SRRM1	1
987	CHERP	1073	CNOT3	1
987	CHERP	1834	FARSA	1
987	CHERP	2222	GTPBP3	1
987	CHERP	5610	TNPO2	1
987	CHERP	5905	UPF1	1
988	CHMP1A	1120	CORO1B	1
988	CHMP1A	3375	NAE1	1
989	CHMP1B	5836	UBE2H	1
990	CHMP2B	2411	HRAS	1
990	CHMP2B	2781	KRAS	1
990	CHMP2B	3579	NRAS	1
991	CHMP4A	3375	NAE1	1
992	CHMP4C	1524	DSG2	1
992	CHMP4C	2583	IRF6	1
993	CHMP5	3518	NMD3	1
993	CHMP5	4847	SENP2	1
993	CHMP5	3375	NAE1	1
994	CHMP7	1077	CNOT7	1
994	CHMP7	1660	ELP3	1
995	CHN1	2411	HRAS	1
995	CHN1	2781	KRAS	1
995	CHN1	3579	NRAS	1
996	CHPT1	3326	MYC	1
997	CHRNA1	3375	NAE1	1
998	CHRNA4	1182	CSHL1	1
999	CHRNA5	2242	HACD3	1
1000	CHRNB4	2411	HRAS	1
1000	CHRNB4	2781	KRAS	1
1000	CHRNB4	3579	NRAS	1
1001	CHST14	3326	MYC	1
1002	CHST8	2411	HRAS	1
1002	CHST8	2781	KRAS	1
1002	CHST8	3579	NRAS	1
1003	CHSY3	2411	HRAS	1
1003	CHSY3	2781	KRAS	1
1003	CHSY3	3579	NRAS	1
1004	CHUK	3015	MAP3K11	1
1004	CHUK	3488	NFKB1	1
1004	CHUK	3774	PARP1	1
1004	CHUK	3375	NAE1	1
1005	CIAPIN1	1667	EMC8	1
1006	CIC	2580	IRF2BP1	1
1006	CIC	3053	MARK4	1
1006	CIC	3375	NAE1	1
1007	CIDEA	3375	NAE1	1
1008	CIDEB	3375	NAE1	1
1009	CIR1	2411	HRAS	1
1009	CIR1	2781	KRAS	1
1009	CIR1	3579	NRAS	1
1010	CIT	2727	KIFC1	1
1010	CIT	2411	HRAS	1
1010	CIT	2781	KRAS	1
1010	CIT	3579	NRAS	1
1011	CITED2	2261	HCCS	1
1011	CITED2	3519	NME1	1
1011	CITED2	4136	PPARA	1
1011	CITED2	5578	TNF	1
1012	CKAP2	1387	DEK	1
1012	CKAP2	1452	DLGAP5	1
1013	CKAP4	4561	RILPL1	1
1014	CKAP5	3585	NRF1	1
1014	CKAP5	3403	NCAPG	1
1014	CKAP5	2411	HRAS	1
1014	CKAP5	2781	KRAS	1
1014	CKAP5	3579	NRAS	1
1015	CKMT1B	2411	HRAS	1
1015	CKMT1B	2781	KRAS	1
1015	CKMT1B	3579	NRAS	1
1016	CKS1B	3472	NEMP1	1
1016	CKS1B	2712	KIF15	1
1016	CKS1B	4033	PLK4	1
1016	CKS1B	3467	NEK2	1
1016	CKS1B	3403	NCAPG	1
1016	CKS1B	5259	STIL	1
1016	CKS1B	2723	KIF2C	1
1017	CKS2	2711	KIF14	1
1017	CKS2	1330	DCK	1
1017	CKS2	4708	RRM1	1
1017	CKS2	5807	TYMS	1
1017	CKS2	1058	CMPK1	1
1017	CKS2	5003	SLC29A1	1
1017	CKS2	5002	SLC28A1	1
1017	CKS2	5004	SLC29A2	1
1018	CLASP1	3375	NAE1	1
1019	CLASP2	1141	CPSF6	1
1020	CLC	3326	MYC	1
1021	CLCA2	4302	PSMD9	1
1021	CLCA2	5639	TP53	1
1023	CLCN1	2411	HRAS	1
1023	CLCN1	2781	KRAS	1
1023	CLCN1	3579	NRAS	1
1024	CLCN7	5722	TRMT61A	1
1024	CLCN7	4616	RNF40	1
1024	CLCN7	6266	ZNF500	1
1024	CLCN7	3375	NAE1	1
1025	CLDN1	2605	ITGB4	1
1025	CLDN1	2078	GJB3	1
1025	CLDN1	4338	PTPRF	1
1026	CLDN10	2411	HRAS	1
1026	CLDN10	2781	KRAS	1
1026	CLDN10	3579	NRAS	1
1027	CLDN23	3375	NAE1	1
1028	CLDN3	3732	OVOL2	1
1028	CLDN3	1029	CLDN4	1
1028	CLDN3	3715	ORM1	1
1028	CLDN3	1287	CYP3A4	1
1028	CLDN3	1288	CYP3A5	1
1028	CLDN3	1289	CYP3A7	1
1028	CLDN3	1274	CYP1A2	1
1028	CLDN3	1282	CYP2C9	1
1028	CLDN3	1283	CYP2D6	1
1028	CLDN3	1280	CYP2C19	1
1028	CLDN3	4320	PTGS1	1
1028	CLDN3	2733	KIT	1
1028	CLDN3	4519	RET	1
1028	CLDN3	3607	NTRK1	1
1028	CLDN3	1177	CSF1R	1
1028	CLDN3	3866	PDGFRA	1
1028	CLDN3	1351	DDR1	1
1028	CLDN3	3867	PDGFRB	1
1028	CLDN3	4975	SLC22A1	1
1028	CLDN3	4978	SLC22A2	1
1029	CLDN4	1775	FA2H	1
1029	CLDN4	3021	MAP3K9	1
1029	CLDN4	5050	SLPI	1
1029	CLDN4	1892	FERMT1	1
1029	CLDN4	2192	GRTP1	1
1029	CLDN4	2982	MACC1	1
1029	CLDN4	4253	PRR15	1
1029	CLDN4	4371	RAB20	1
1029	CLDN4	5746	TSPAN13	1
1030	CLDND1	4401	RAD17	1
1030	CLDND1	1447	DLG1	1
1030	CLDND1	5013	SLC35A5	1
1030	CLDND1	3375	NAE1	1
1031	CLEC1A	5043	SLCO1C1	1
1032	CLEC2D	3715	ORM1	1
1032	CLEC2D	1287	CYP3A4	1
1032	CLEC2D	1288	CYP3A5	1
1032	CLEC2D	1289	CYP3A7	1
1032	CLEC2D	1274	CYP1A2	1
1032	CLEC2D	1282	CYP2C9	1
1032	CLEC2D	1283	CYP2D6	1
1032	CLEC2D	1280	CYP2C19	1
1032	CLEC2D	4320	PTGS1	1
1032	CLEC2D	2733	KIT	1
1032	CLEC2D	4519	RET	1
1032	CLEC2D	3607	NTRK1	1
1032	CLEC2D	1177	CSF1R	1
1032	CLEC2D	3866	PDGFRA	1
1032	CLEC2D	1351	DDR1	1
1032	CLEC2D	3867	PDGFRB	1
1032	CLEC2D	4975	SLC22A1	1
1032	CLEC2D	4978	SLC22A2	1
1033	CLEC4E	3375	NAE1	1
1034	CLEC4GP1	3326	MYC	1
1035	CLIC1	2411	HRAS	1
1035	CLIC1	2781	KRAS	1
1035	CLIC1	3579	NRAS	1
1036	CLIC3	4751	S100A16	1
1036	CLIC3	4317	PTGES	1
1037	CLIC4	5345	TAF12	1
1037	CLIC4	2411	HRAS	1
1037	CLIC4	2781	KRAS	1
1037	CLIC4	3579	NRAS	1
1038	CLINT1	4832	SELENOF	1
1038	CLINT1	4602	RNF146	1
1038	CLINT1	2382	HNRNPF	1
1038	CLINT1	5335	TAB2	1
1038	CLINT1	1752	EXOC5	1
1038	CLINT1	3617	NUDT21	1
1038	CLINT1	6093	YIPF5	1
1039	CLIP1	3352	MYOF	1
1039	CLIP1	4386	RAB5A	1
1039	CLIP1	5795	TWF1	1
1040	CLIP3	4067	PNMA8A	1
1041	CLIP4	4002	PLAT	1
1041	CLIP4	3724	OSMR	1
1041	CLIP4	4590	RND3	1
1042	CLK2	4313	PTCD3	1
1042	CLK2	3862	PDE7A	1
1042	CLK2	2411	HRAS	1
1042	CLK2	2781	KRAS	1
1042	CLK2	3579	NRAS	1
1043	CLK4	1796	FAM193B	1
1044	CLMN	2411	HRAS	1
1044	CLMN	2781	KRAS	1
1044	CLMN	3579	NRAS	1
1045	CLPP	1189	CSNK1G2	1
1045	CLPP	2700	KHSRP	1
1045	CLPP	4103	POLR2E	1
1046	CLPTM1	1838	FASTK	1
1046	CLPTM1	1497	DOLK	1
1046	CLPTM1	3375	NAE1	1
1047	CLPTM1L	3598	NSUN2	1
1048	CLPX	4664	RPL4	1
1048	CLPX	2411	HRAS	1
1048	CLPX	2781	KRAS	1
1048	CLPX	3579	NRAS	1
1048	CLPX	3715	ORM1	1
1048	CLPX	1287	CYP3A4	1
1048	CLPX	1288	CYP3A5	1
1048	CLPX	1289	CYP3A7	1
1048	CLPX	1274	CYP1A2	1
1048	CLPX	1282	CYP2C9	1
1048	CLPX	1283	CYP2D6	1
1048	CLPX	1280	CYP2C19	1
1048	CLPX	4320	PTGS1	1
1048	CLPX	2733	KIT	1
1048	CLPX	4519	RET	1
1048	CLPX	3607	NTRK1	1
1048	CLPX	1177	CSF1R	1
1048	CLPX	3866	PDGFRA	1
1048	CLPX	1351	DDR1	1
1048	CLPX	3867	PDGFRB	1
1048	CLPX	4975	SLC22A1	1
1048	CLPX	4978	SLC22A2	1
1048	CLPX	2559	INTS14	1
1049	CLSPN	5069	SMC2	1
1049	CLSPN	3375	NAE1	1
1050	CLSTN3	2411	HRAS	1
1050	CLSTN3	2781	KRAS	1
1050	CLSTN3	3579	NRAS	1
1051	CLTA	3375	NAE1	1
1051	CLTA	3715	ORM1	1
1051	CLTA	1287	CYP3A4	1
1051	CLTA	1288	CYP3A5	1
1051	CLTA	1289	CYP3A7	1
1051	CLTA	1274	CYP1A2	1
1051	CLTA	1282	CYP2C9	1
1051	CLTA	1283	CYP2D6	1
1051	CLTA	1280	CYP2C19	1
1051	CLTA	4320	PTGS1	1
1051	CLTA	2733	KIT	1
1051	CLTA	4519	RET	1
1051	CLTA	3607	NTRK1	1
1051	CLTA	1177	CSF1R	1
1051	CLTA	3866	PDGFRA	1
1051	CLTA	1351	DDR1	1
1051	CLTA	3867	PDGFRB	1
1051	CLTA	4975	SLC22A1	1
1051	CLTA	4978	SLC22A2	1
1052	CLTB	3375	NAE1	1
1053	CLTC	3715	ORM1	1
1053	CLTC	1287	CYP3A4	1
1053	CLTC	1288	CYP3A5	1
1053	CLTC	1289	CYP3A7	1
1053	CLTC	1274	CYP1A2	1
1053	CLTC	1282	CYP2C9	1
1053	CLTC	1283	CYP2D6	1
1053	CLTC	1280	CYP2C19	1
1053	CLTC	4320	PTGS1	1
1053	CLTC	2733	KIT	1
1053	CLTC	4519	RET	1
1053	CLTC	3607	NTRK1	1
1053	CLTC	1177	CSF1R	1
1053	CLTC	3866	PDGFRA	1
1053	CLTC	1351	DDR1	1
1053	CLTC	3867	PDGFRB	1
1053	CLTC	4975	SLC22A1	1
1053	CLTC	4978	SLC22A2	1
1054	CLU	2411	HRAS	1
1054	CLU	2781	KRAS	1
1054	CLU	3579	NRAS	1
1054	CLU	3375	NAE1	1
1055	CLUH	4985	SLC25A10	1
1055	CLUH	5673	TRAP1	1
1055	CLUH	5931	USP36	1
1055	CLUH	3152	MINK1	1
1055	CLUH	4604	RNF167	1
1056	CMAS	2068	GIN1	1
1056	CMAS	4602	RNF146	1
1056	CMAS	1485	DNM1L	1
1056	CMAS	3044	MAPRE1	1
1056	CMAS	5389	TBL1XR1	1
1056	CMAS	3107	MED21	1
1056	CMAS	5507	TMED2	1
1056	CMAS	3375	NAE1	1
1058	CMPK1	2141	GPBP1L1	1
1058	CMPK1	5484	TK2	1
1058	CMPK1	5287	STYXL1	1
1058	CMPK1	5808	TYRO3	1
1058	CMPK1	4573	RIPK2	1
1058	CMPK1	3025	MAP4K5	1
1058	CMPK1	3039	MAPKAP1	1
1058	CMPK1	3040	MAPKAPK2	1
1058	CMPK1	5606	TNNI3K	1
1058	CMPK1	2699	KHK	1
1058	CMPK1	3469	NEK6	1
1058	CMPK1	3752	PAK1	1
1058	CMPK1	2612	ITPKC	1
1058	CMPK1	2915	LMTK2	1
1058	CMPK1	3012	MAP2K7	1
1058	CMPK1	4221	PRKD2	1
1058	CMPK1	5268	STK33	1
1058	CMPK1	5991	VRK3	1
1058	CMPK1	3875	PDPK1	1
1058	CMPK1	1183	CSK	1
1058	CMPK1	1891	FER	1
1058	CMPK1	2693	KDR	1
1058	CMPK1	3041	MAPKAPK3	1
1058	CMPK1	5171	SPHK1	1
1058	CMPK1	4572	RIPK1	1
1058	CMPK1	3020	MAP3K7	1
1058	CMPK1	5105	SNRK	1
1058	CMPK1	1187	CSNK1E	1
1058	CMPK1	1930	FLT1	1
1058	CMPK1	5264	STK17A	1
1058	CMPK1	2309	HIPK1	1
1058	CMPK1	3940	PI4K2A	1
1058	CMPK1	4210	PRKAG3	1
1058	CMPK1	1303	DAPK2	1
1058	CMPK1	2189	GRK6	1
1058	CMPK1	4032	PLK3	1
1058	CMPK1	1176	CSE1L	1
1058	CMPK1	1451	DLGAP4	1
1058	CMPK1	1553	DVL2	1
1058	CMPK1	1697	EPHA1	1
1058	CMPK1	1976	FURIN	1
1058	CMPK1	2653	KCND1	1
1058	CMPK1	3013	MAP3K1	1
1058	CMPK1	3028	MAPK10	1
1058	CMPK1	3991	PKN2	1
1058	CMPK1	4282	PSMB10	1
1058	CMPK1	4284	PSMB4	1
1058	CMPK1	4465	RBM12	1
1058	CMPK1	4589	RNASEL	1
1058	CMPK1	4708	RRM1	1
1058	CMPK1	5007	SLC30A2	1
1058	CMPK1	5056	SMAD4	1
1058	CMPK1	5254	STAT4	1
1058	CMPK1	5602	TNK1	1
1058	CMPK1	4222	PRKD3	1
1058	CMPK1	5359	TAOK3	1
1058	CMPK1	1699	EPHB1	1
1058	CMPK1	3990	PKMYT1	1
1058	CMPK1	2265	HCK	1
1058	CMPK1	6042	WNK4	1
1058	CMPK1	4698	RPS6KL1	1
1058	CMPK1	1406	DGKA	1
1058	CMPK1	5335	TAB2	1
1058	CMPK1	2995	MAGI3	1
1058	CMPK1	3765	PANK2	1
1058	CMPK1	3050	MARK1	1
1058	CMPK1	5880	UCK1	1
1058	CMPK1	3988	PKIA	1
1058	CMPK1	1186	CSNK1D	1
1058	CMPK1	4574	RIPK4	1
1059	CMTM4	5528	TMEM144	1
1059	CMTM4	1519	DSC2	1
1059	CMTM4	1761	EXPH5	1
1059	CMTM4	1651	ELMO3	1
1060	CMTR1	2781	KRAS	1
1060	CMTR1	3579	NRAS	1
1060	CMTR1	1080	CNPY3	1
1060	CMTR1	2411	HRAS	1
1061	CNBP	4127	POT1	1
1061	CNBP	5844	UBE2N	1
1061	CNBP	5128	SNX2	1
1061	CNBP	5689	TRIM23	1
1061	CNBP	1371	DDX5	1
1061	CNBP	3630	NUP54	1
1061	CNBP	2519	IL20RB	1
1061	CNBP	3027	MAPK1	1
1061	CNBP	3274	MSL2	1
1061	CNBP	4296	PSMD12	1
1061	CNBP	5743	TSN	1
1061	CNBP	5887	UGP2	1
1061	CNBP	4076	POGK	1
1061	CNBP	5072	SMC6	1
1062	CNGA2	2411	HRAS	1
1062	CNGA2	2781	KRAS	1
1062	CNGA2	3579	NRAS	1
1063	CNGA3	1281	CYP2C8	1
1063	CNGA3	1287	CYP3A4	1
1063	CNGA3	1288	CYP3A5	1
1063	CNGA3	1289	CYP3A7	1
1063	CNGA3	1282	CYP2C9	1
1063	CNGA3	1273	CYP19A1	1
1063	CNGA3	1275	CYP1B1	1
1063	CNGA3	5783	TUBB1	1
1063	CNGA3	3573	NR1I2	1
1063	CNGA3	3022	MAP4	1
1063	CNGA3	3007	MAP2	1
1063	CNGA3	3045	MAPT	1
1063	CNGA3	5042	SLCO1B3	1
1064	CNIH1	4386	RAB5A	1
1064	CNIH1	2044	GDI2	1
1065	CNIH4	1910	FH	1
1066	CNKSR1	5482	TJP3	1
1066	CNKSR1	3326	MYC	1
1067	CNN3	3865	PDGFC	1
1068	CNNM3	4762	SAFB2	1
1069	CNNM4	3055	MARVELD2	1
1070	CNOT1	3190	MON1B	1
1070	CNOT1	2411	HRAS	1
1070	CNOT1	2781	KRAS	1
1070	CNOT1	3579	NRAS	1
1071	CNOT10	2950	LSM3	1
1071	CNOT10	4646	RPL14	1
1071	CNOT10	5223	SS18L2	1
1071	CNOT10	6260	ZNF445	1
1072	CNOT11	4180	PPP4R3B	1
1072	CNOT11	3375	NAE1	1
1073	CNOT3	1378	DDX6	1
1073	CNOT3	5063	SMARCB1	1
1073	CNOT3	1916	FIZ1	1
1073	CNOT3	2581	IRF3	1
1073	CNOT3	4063	PNKP	1
1073	CNOT3	4166	PPP2R1A	1
1073	CNOT3	5692	TRIM28	1
1073	CNOT3	6285	ZNF574	1
1074	CNOT4	2963	LUC7L2	1
1074	CNOT4	6211	ZNF212	1
1074	CNOT4	3163	MKLN1	1
1074	CNOT4	5864	UBN2	1
1075	CNOT6	3375	NAE1	1
1076	CNOT6L	3274	MSL2	1
1077	CNOT7	1660	ELP3	1
1077	CNOT7	3086	MCPH1	1
1077	CNOT7	4168	PPP2R2A	1
1077	CNOT7	4362	R3HCC1	1
1077	CNOT7	6047	WRN	1
1078	CNOT8	1443	DLAT	1
1078	CNOT8	6344	ZNF780A	1
1078	CNOT8	4369	RAB1A	1
1078	CNOT8	1839	FASTKD2	1
1078	CNOT8	4955	SKIV2L2	1
1079	CNOT9	2411	HRAS	1
1079	CNOT9	2781	KRAS	1
1079	CNOT9	3579	NRAS	1
1080	CNPY3	2411	HRAS	1
1080	CNPY3	2781	KRAS	1
1080	CNPY3	3579	NRAS	1
1081	CNR1	3715	ORM1	1
1081	CNR1	1287	CYP3A4	1
1081	CNR1	1288	CYP3A5	1
1081	CNR1	1289	CYP3A7	1
1081	CNR1	1274	CYP1A2	1
1081	CNR1	1282	CYP2C9	1
1081	CNR1	1283	CYP2D6	1
1081	CNR1	1280	CYP2C19	1
1081	CNR1	4320	PTGS1	1
1081	CNR1	2733	KIT	1
1081	CNR1	4519	RET	1
1081	CNR1	3607	NTRK1	1
1081	CNR1	1177	CSF1R	1
1081	CNR1	3866	PDGFRA	1
1081	CNR1	1351	DDR1	1
1081	CNR1	3867	PDGFRB	1
1081	CNR1	4975	SLC22A1	1
1081	CNR1	4978	SLC22A2	1
1082	CNR2	2311	HIPK4	1
1082	CNR2	4319	PTGIR	1
1083	CNTD1	3375	NAE1	1
1084	CNTN4	2411	HRAS	1
1084	CNTN4	2781	KRAS	1
1084	CNTN4	3579	NRAS	1
1085	CNTN5	3375	NAE1	1
1086	CNTNAP1	1600	EGFR	1
1086	CNTNAP1	2411	HRAS	1
1086	CNTNAP1	2781	KRAS	1
1086	CNTNAP1	3579	NRAS	1
1087	CNTRL	3375	NAE1	1
1088	COBLL1	2411	HRAS	1
1088	COBLL1	2781	KRAS	1
1088	COBLL1	3579	NRAS	1
1089	COCH	3326	MYC	1
1090	COG2	6315	ZNF672	1
1091	COIL	4465	RBM12	1
1091	COIL	3099	MED1	1
1091	COIL	2560	INTS2	1
1091	COIL	3537	NOL11	1
1091	COIL	4090	POLG2	1
1091	COIL	5490	TLK2	1
1091	COIL	5788	TUBD1	1
1092	COL11A1	2411	HRAS	1
1092	COL11A1	2781	KRAS	1
1092	COL11A1	3579	NRAS	1
1093	COL12A1	1972	FSTL1	1
1094	COL1A1	2411	HRAS	1
1094	COL1A1	2781	KRAS	1
1094	COL1A1	3579	NRAS	1
1095	COL24A1	2411	HRAS	1
1095	COL24A1	2781	KRAS	1
1095	COL24A1	3579	NRAS	1
1096	COL3A1	3715	ORM1	1
1096	COL3A1	1287	CYP3A4	1
1096	COL3A1	1288	CYP3A5	1
1096	COL3A1	1289	CYP3A7	1
1096	COL3A1	1274	CYP1A2	1
1096	COL3A1	1282	CYP2C9	1
1096	COL3A1	1283	CYP2D6	1
1096	COL3A1	1280	CYP2C19	1
1096	COL3A1	4320	PTGS1	1
1096	COL3A1	2733	KIT	1
1096	COL3A1	4519	RET	1
1096	COL3A1	3607	NTRK1	1
1096	COL3A1	1177	CSF1R	1
1096	COL3A1	3866	PDGFRA	1
1096	COL3A1	1351	DDR1	1
1096	COL3A1	3867	PDGFRB	1
1096	COL3A1	4975	SLC22A1	1
1096	COL3A1	4978	SLC22A2	1
1097	COL4A2	2732	KIRREL	1
1097	COL4A2	3740	P4HA2	1
1098	COL4A3	3326	MYC	1
1099	COL4A4	3375	NAE1	1
1100	COL5A3	2411	HRAS	1
1100	COL5A3	2781	KRAS	1
1100	COL5A3	3579	NRAS	1
1100	COL5A3	3326	MYC	1
1101	COL6A2	2087	GLIPR1	1
1102	COMMD10	5879	UCHL5	1
1102	COMMD10	2068	GIN1	1
1102	COMMD10	3038	MAPK9	1
1102	COMMD10	3062	MATR3	1
1102	COMMD10	4444	RARS	1
1103	COMMD2	3375	NAE1	1
1104	COMMD3	3375	NAE1	1
1105	COMMD5	6325	ZNF7	1
1106	COMMD8	5134	SOAT1	1
1106	COMMD8	3173	MMADHC	1
1107	COPA	3326	MYC	1
1108	COPB2	2054	GFPT1	1
1108	COPB2	4847	SENP2	1
1109	COPS2	5389	TBL1XR1	1
1109	COPS2	2411	HRAS	1
1109	COPS2	2781	KRAS	1
1109	COPS2	3579	NRAS	1
1110	COPS3	2411	HRAS	1
1110	COPS3	3579	NRAS	1
1110	COPS3	2781	KRAS	1
1111	COPS4	3326	MYC	1
1111	COPS4	2411	HRAS	1
1111	COPS4	3579	NRAS	1
1111	COPS4	2781	KRAS	1
1112	COPS5	5128	SNX2	1
1112	COPS5	2602	ITGB1	1
1112	COPS5	3326	MYC	1
1112	COPS5	4302	PSMD9	1
1112	COPS5	4957	SKP2	1
1112	COPS5	5639	TP53	1
1112	COPS5	4369	RAB1A	1
1112	COPS5	4559	RIDA	1
1112	COPS5	2541	IMPAD1	1
1112	COPS5	3044	MAPRE1	1
1112	COPS5	4110	POLR2K	1
1112	COPS5	3223	MRPL15	1
1112	COPS5	6070	XPO7	1
1112	COPS5	2411	HRAS	1
1112	COPS5	2781	KRAS	1
1112	COPS5	3579	NRAS	1
1113	COPS7B	1419	DHX30	1
1113	COPS7B	1643	ELAVL1	1
1114	COPS8	1409	DGUOK	1
1114	COPS8	2825	LANCL1	1
1114	COPS8	1115	COPS9	1
1114	COPS8	4222	PRKD3	1
1114	COPS8	4611	RNF25	1
1114	COPS8	2411	HRAS	1
1114	COPS8	2781	KRAS	1
1114	COPS8	3579	NRAS	1
1114	COPS8	5550	TMEM230	1
1116	COPZ1	2411	HRAS	1
1116	COPZ1	2781	KRAS	1
1116	COPZ1	3579	NRAS	1
1117	COQ3	3326	MYC	1
1118	CORIN	2411	HRAS	1
1118	CORIN	2781	KRAS	1
1118	CORIN	3579	NRAS	1
1120	CORO1B	4370	RAB1B	1
1121	CORO2A	1768	F11R	1
1122	CORO7	3326	MYC	1
1123	COX4I1	5676	TRAPPC2L	1
1124	COX4I2	2411	HRAS	1
1124	COX4I2	2781	KRAS	1
1124	COX4I2	3579	NRAS	1
1125	COX5A	3054	MARS2	1
1125	COX5A	4897	SFXN4	1
1125	COX5A	3242	MRPL46	1
1126	COX6A2	3375	NAE1	1
1127	COX6C	5912	UQCRB	1
1128	COX7B	2411	HRAS	1
1128	COX7B	2781	KRAS	1
1128	COX7B	3579	NRAS	1
1129	CPA4	4555	RHOC	1
1130	CPEB3	3871	PDIK1L	1
1131	CPN2	5339	TACR1	1
1132	CPNE1	4154	PPP1CC	1
1132	CPNE1	2428	HSP90AB1	1
1132	CPNE1	4431	RANBP2	1
1132	CPNE1	3044	MAPRE1	1
1132	CPNE1	2411	HRAS	1
1132	CPNE1	2781	KRAS	1
1132	CPNE1	3579	NRAS	1
1133	CPNE3	6055	WWP1	1
1134	CPNE4	2411	HRAS	1
1134	CPNE4	2781	KRAS	1
1134	CPNE4	3579	NRAS	1
1135	CPNE5	2411	HRAS	1
1135	CPNE5	2781	KRAS	1
1135	CPNE5	3579	NRAS	1
1136	CPQ	2411	HRAS	1
1136	CPQ	2781	KRAS	1
1136	CPQ	3579	NRAS	1
1137	CPSF1	1189	CSNK1G2	1
1137	CPSF1	4762	SAFB2	1
1137	CPSF1	2882	LIME1	1
1137	CPSF1	2988	MAF1	1
1137	CPSF1	2700	KHSRP	1
1137	CPSF1	3715	ORM1	1
1137	CPSF1	1287	CYP3A4	1
1137	CPSF1	1288	CYP3A5	1
1137	CPSF1	1289	CYP3A7	1
1137	CPSF1	1274	CYP1A2	1
1137	CPSF1	1282	CYP2C9	1
1137	CPSF1	1283	CYP2D6	1
1137	CPSF1	1280	CYP2C19	1
1137	CPSF1	4320	PTGS1	1
1137	CPSF1	2733	KIT	1
1137	CPSF1	4519	RET	1
1137	CPSF1	3607	NTRK1	1
1137	CPSF1	1177	CSF1R	1
1137	CPSF1	3866	PDGFRA	1
1137	CPSF1	1351	DDR1	1
1137	CPSF1	3867	PDGFRB	1
1137	CPSF1	4975	SLC22A1	1
1137	CPSF1	4978	SLC22A2	1
1138	CPSF2	2411	HRAS	1
1138	CPSF2	2781	KRAS	1
1138	CPSF2	3579	NRAS	1
1139	CPSF3	4143	PPIH	1
1140	CPSF4	3375	NAE1	1
1141	CPSF6	2386	HNRNPR	1
1141	CPSF6	1320	DCAF12	1
1141	CPSF6	6145	ZCCHC7	1
1141	CPSF6	2782	KRI1	1
1141	CPSF6	3090	MDC1	1
1141	CPSF6	1977	FUS	1
1141	CPSF6	1756	EXOSC2	1
1141	CPSF6	4310	PTBP1	1
1141	CPSF6	4415	RAD54L	1
1141	CPSF6	2712	KIF15	1
1142	CPSF7	1346	DDB1	1
1142	CPSF7	3364	NAA40	1
1142	CPSF7	4239	PRPF19	1
1142	CPSF7	4467	RBM14	1
1142	CPSF7	4885	SF3B2	1
1142	CPSF7	2188	GRK2	1
1143	CR1	1874	FCER2	1
1144	CRABP1	2411	HRAS	1
1144	CRABP1	2781	KRAS	1
1144	CRABP1	3579	NRAS	1
1145	CRABP2	1449	DLG5	1
1146	CRADD	3375	NAE1	1
1147	CRAMP1	5941	USP7	1
1147	CRAMP1	3375	NAE1	1
1148	CRAT	3375	NAE1	1
1149	CRB3	5228	SSH3	1
1149	CRB3	5295	SULT2B1	1
1149	CRB3	1748	EVPL	1
1150	CRBN	5632	TOP2B	1
1150	CRBN	6024	WDR48	1
1151	CRCP	3715	ORM1	1
1151	CRCP	1287	CYP3A4	1
1151	CRCP	1288	CYP3A5	1
1151	CRCP	1289	CYP3A7	1
1151	CRCP	1274	CYP1A2	1
1151	CRCP	1282	CYP2C9	1
1151	CRCP	1283	CYP2D6	1
1151	CRCP	1280	CYP2C19	1
1151	CRCP	4320	PTGS1	1
1151	CRCP	2733	KIT	1
1151	CRCP	4519	RET	1
1151	CRCP	3607	NTRK1	1
1151	CRCP	1177	CSF1R	1
1151	CRCP	3866	PDGFRA	1
1151	CRCP	1351	DDR1	1
1151	CRCP	3867	PDGFRB	1
1151	CRCP	4975	SLC22A1	1
1151	CRCP	4978	SLC22A2	1
1152	CREB1	3003	MANEA	1
1152	CREB1	4275	PSMA1	1
1152	CREB1	6070	XPO7	1
1152	CREB1	2382	HNRNPF	1
1152	CREB1	5073	SMCHD1	1
1152	CREB1	5192	SPTLC1	1
1152	CREB1	3904	PGGT1B	1
1152	CREB1	1636	EIF4G2	1
1152	CREB1	1155	CREBBP	1
1152	CREB1	6105	YWHAZ	1
1152	CREB1	2217	GTF3C3	1
1152	CREB1	3270	MSH2	1
1152	CREB1	5489	TLK1	1
1152	CREB1	3303	MTOR	1
1153	CREB3	5652	TPM1	1
1153	CREB3	1290	CYR61	1
1156	CREBZF	2570	IQCB1	1
1156	CREBZF	4346	PUM2	1
1156	CREBZF	4129	POU2F1	1
1156	CREBZF	5167	SPCS2	1
1157	CREG1	2411	HRAS	1
1157	CREG1	2781	KRAS	1
1157	CREG1	3579	NRAS	1
1158	CRELD2	2411	HRAS	1
1158	CRELD2	2781	KRAS	1
1158	CRELD2	3579	NRAS	1
1158	CRELD2	3375	NAE1	1
1159	CRIM1	5967	VEGFC	1
1159	CRIM1	1594	EFEMP1	1
1159	CRIM1	5787	TUBB6	1
1160	CRISP1	3283	MSTN	1
1160	CRISP1	3422	NCR1	1
1161	CRLS1	2611	ITPA	1
1162	CRNKL1	2411	HRAS	1
1162	CRNKL1	2781	KRAS	1
1162	CRNKL1	3579	NRAS	1
1163	CRNN	2411	HRAS	1
1163	CRNN	2781	KRAS	1
1163	CRNN	3579	NRAS	1
1164	CROCC	1481	DNASE1L2	1
1164	CROCC	4558	RHOT2	1
1164	CROCC	5867	UBR4	1
1165	CRP	3880	PDX1	1
1165	CRP	2061	GH2	1
1165	CRP	3326	MYC	1
1166	CRTAP	3280	MSRB3	1
1168	CRY1	2411	HRAS	1
1168	CRY1	2781	KRAS	1
1168	CRY1	3579	NRAS	1
1169	CRY2	4091	POLH	1
1169	CRY2	5110	SNRNP70	1
1169	CRY2	5065	SMARCC2	1
1169	CRY2	1433	DIP2A	1
1169	CRY2	5304	SUPT5H	1
1169	CRY2	2000	GADD45A	1
1169	CRY2	2292	HERC5	1
1169	CRY2	3082	MCM5	1
1169	CRY2	5298	SUMO1	1
1169	CRY2	5813	UBA1	1
1169	CRY2	2411	HRAS	1
1169	CRY2	2781	KRAS	1
1169	CRY2	3579	NRAS	1
1170	CRYBB2	3715	ORM1	1
1170	CRYBB2	1287	CYP3A4	1
1170	CRYBB2	1288	CYP3A5	1
1170	CRYBB2	1289	CYP3A7	1
1170	CRYBB2	1274	CYP1A2	1
1170	CRYBB2	1282	CYP2C9	1
1170	CRYBB2	1283	CYP2D6	1
1170	CRYBB2	1280	CYP2C19	1
1170	CRYBB2	4320	PTGS1	1
1170	CRYBB2	2733	KIT	1
1170	CRYBB2	4519	RET	1
1170	CRYBB2	3607	NTRK1	1
1170	CRYBB2	1177	CSF1R	1
1170	CRYBB2	3866	PDGFRA	1
1170	CRYBB2	1351	DDR1	1
1170	CRYBB2	3867	PDGFRB	1
1170	CRYBB2	4975	SLC22A1	1
1170	CRYBB2	4978	SLC22A2	1
1171	CRYBG2	4258	PRRG2	1
1171	CRYBG2	2629	JUP	1
1171	CRYBG2	1685	ENTPD2	1
1172	CRYL1	2411	HRAS	1
1172	CRYL1	2781	KRAS	1
1172	CRYL1	3579	NRAS	1
1173	CRYM	2411	HRAS	1
1173	CRYM	2781	KRAS	1
1173	CRYM	3579	NRAS	1
1174	CRYZP1	2411	HRAS	1
1174	CRYZP1	2781	KRAS	1
1174	CRYZP1	3579	NRAS	1
1175	CS	2411	HRAS	1
1175	CS	2781	KRAS	1
1175	CS	3579	NRAS	1
1176	CSE1L	1330	DCK	1
1176	CSE1L	4708	RRM1	1
1176	CSE1L	5807	TYMS	1
1176	CSE1L	5003	SLC29A1	1
1176	CSE1L	5002	SLC28A1	1
1176	CSE1L	5004	SLC29A2	1
1176	CSE1L	2411	HRAS	1
1176	CSE1L	2781	KRAS	1
1176	CSE1L	3579	NRAS	1
1176	CSE1L	3375	NAE1	1
1177	CSF1R	1985	FZD2	1
1177	CSF1R	3482	NFATC1	1
1177	CSF1R	3484	NFATC2IP	1
1177	CSF1R	3861	PDE6H	1
1177	CSF1R	4175	PPP3CA	1
1177	CSF1R	4230	PRMT8	1
1177	CSF1R	4494	RCAN1	1
1177	CSF1R	4745	RYK	1
1177	CSF1R	3860	PDE6C	1
1177	CSF1R	4005	PLCB1	1
1177	CSF1R	4176	PPP3CB	1
1177	CSF1R	4495	RCAN2	1
1177	CSF1R	6043	WNT5A	1
1177	CSF1R	2533	IL7	1
1177	CSF1R	5219	SRSF1	1
1177	CSF1R	3029	MAPK11	1
1177	CSF1R	1947	FOSL1	1
1177	CSF1R	4853	SEP-06	1
1177	CSF1R	2059	GGCX	1
1177	CSF1R	2087	GLIPR1	1
1177	CSF1R	2094	GLT8D1	1
1177	CSF1R	2330	HIST1H3F	1
1177	CSF1R	2351	HLA-DRA	1
1177	CSF1R	2352	HLA-DRB5	1
1177	CSF1R	2602	ITGB1	1
1177	CSF1R	3418	NCOA3	1
1177	CSF1R	3586	NRG2	1
1177	CSF1R	3684	OR2F1	1
1177	CSF1R	4036	PLOD2	1
1177	CSF1R	4357	PYROXD1	1
1177	CSF1R	4435	RAP1A	1
1177	CSF1R	4665	RPL5	1
1177	CSF1R	4757	S1PR2	1
1177	CSF1R	5125	SNX10	1
1177	CSF1R	5139	SORBS1	1
1177	CSF1R	5147	SP100	1
1177	CSF1R	5329	SYT11	1
1177	CSF1R	2563	INTS6L	1
1177	CSF1R	1443	DLAT	1
1177	CSF1R	1586	EDF1	1
1177	CSF1R	1694	EPB42	1
1177	CSF1R	1729	ERMP1	1
1177	CSF1R	1917	FKBP11	1
1177	CSF1R	2029	GBP4	1
1177	CSF1R	2827	LAPTM4B	1
1177	CSF1R	3192	MORC3	1
1177	CSF1R	3618	NUDT3	1
1177	CSF1R	4023	PLEKHM1	1
1177	CSF1R	4160	PPP1R2	1
1177	CSF1R	4831	SEL1L	1
1177	CSF1R	4876	SETMAR	1
1177	CSF1R	4780	SCAF11	1
1177	CSF1R	4956	SKP1	1
1177	CSF1R	5059	SMARCA1	1
1177	CSF1R	5190	SPTB	1
1177	CSF1R	5204	SRI	1
1177	CSF1R	5313	SV2B	1
1177	CSF1R	5369	TAS2R14	1
1177	CSF1R	5449	THAP1	1
1177	CSF1R	5595	TNFRSF9	1
1177	CSF1R	5881	UCP2	1
1177	CSF1R	6194	ZNF140	1
1177	CSF1R	1197	CST4	1
1177	CSF1R	1221	CTSB	1
1177	CSF1R	1238	CUX1	1
1177	CSF1R	1251	CXCR4	1
1177	CSF1R	3900	PGAP2	1
1177	CSF1R	2012	GAPDH	1
1177	CSF1R	2999	MAML1	1
1177	CSF1R	3136	MGAT2	1
1177	CSF1R	4443	RARA	1
1177	CSF1R	4656	RPL35	1
1177	CSF1R	4736	RTP4	1
1177	CSF1R	5488	TLE1	1
1177	CSF1R	5512	TMEFF1	1
1177	CSF1R	5690	TRIM24	1
1177	CSF1R	5709	TRIP11	1
1177	CSF1R	5858	UBE3A	1
1177	CSF1R	1250	CXCR3	1
1177	CSF1R	1610	EHF	1
1177	CSF1R	2592	ITCH	1
1177	CSF1R	2636	KAT6A	1
1177	CSF1R	3510	NKRF	1
1177	CSF1R	4775	SAT1	1
1177	CSF1R	5384	TBCCD1	1
1177	CSF1R	5652	TPM1	1
1177	CSF1R	1207	CTDSPL	1
1177	CSF1R	1345	DDAH1	1
1177	CSF1R	2213	GTF2H5	1
1177	CSF1R	2934	LRRC37A3	1
1177	CSF1R	4871	SESTD1	1
1177	CSF1R	5148	SP110	1
1177	CSF1R	5818	UBA6	1
1177	CSF1R	6262	ZNF473	1
1177	CSF1R	1604	EGR3	1
1177	CSF1R	1932	FLT3LG	1
1177	CSF1R	4659	RPL36A	1
1177	CSF1R	2142	GPC5	1
1177	CSF1R	2303	HIF3A	1
1177	CSF1R	2662	KCNJ13	1
1177	CSF1R	4217	PRKCQ	1
1177	CSF1R	6363	ZP3	1
1177	CSF1R	2468	IFI16	1
1177	CSF1R	2523	IL27RA	1
1177	CSF1R	2529	IL4	1
1177	CSF1R	5481	TJP1	1
1177	CSF1R	5727	TROVE2	1
1177	CSF1R	1882	FCN3	1
1177	CSF1R	5034	SLC50A1	1
1177	CSF1R	5433	TFAP2B	1
1177	CSF1R	4650	RPL21	1
1177	CSF1R	5947	UTP14A	1
1177	CSF1R	3067	MBD4	1
1177	CSF1R	2584	IRF7	1
1177	CSF1R	2900	LIPE	1
1177	CSF1R	3859	PDE4DIP	1
1177	CSF1R	1315	DBF4	1
1177	CSF1R	5890	UGT1A7	1
1177	CSF1R	1279	CYP2B6	1
1177	CSF1R	1182	CSHL1	1
1177	CSF1R	1988	FZD8	1
1177	CSF1R	3906	PGLS	1
1177	CSF1R	3873	PDLIM5	1
1177	CSF1R	5119	SNTA1	1
1177	CSF1R	2850	LDLRAD4	1
1178	CSF2RB	3375	NAE1	1
1179	CSGALNACT2	3326	MYC	1
1180	CSH1	1739	ESR1	1
1180	CSH1	1455	DMP1	1
1180	CSH1	2659	KCNH6	1
1180	CSH1	4898	SGCA	1
1180	CSH1	5242	ST8SIA3	1
1181	CSH2	6113	ZBTB16	1
1181	CSH2	1739	ESR1	1
1181	CSH2	5233	SSTR4	1
1181	CSH2	4959	SLAMF1	1
1181	CSH2	5339	TACR1	1
1182	CSHL1	1699	EPHB1	1
1182	CSHL1	1877	FCGR3A	1
1182	CSHL1	1878	FCGR3B	1
1182	CSHL1	2970	LY9	1
1182	CSHL1	3034	MAPK4	1
1182	CSHL1	4959	SLAMF1	1
1182	CSHL1	3715	ORM1	1
1182	CSHL1	1287	CYP3A4	1
1182	CSHL1	1288	CYP3A5	1
1182	CSHL1	1289	CYP3A7	1
1182	CSHL1	1274	CYP1A2	1
1182	CSHL1	1282	CYP2C9	1
1182	CSHL1	1283	CYP2D6	1
1182	CSHL1	1280	CYP2C19	1
1182	CSHL1	4320	PTGS1	1
1182	CSHL1	2733	KIT	1
1182	CSHL1	4519	RET	1
1182	CSHL1	3607	NTRK1	1
1182	CSHL1	3866	PDGFRA	1
1182	CSHL1	1351	DDR1	1
1182	CSHL1	3867	PDGFRB	1
1182	CSHL1	4975	SLC22A1	1
1182	CSHL1	4978	SLC22A2	1
1183	CSK	3057	MAST3	1
1183	CSK	4664	RPL4	1
1183	CSK	1330	DCK	1
1183	CSK	4708	RRM1	1
1183	CSK	5807	TYMS	1
1183	CSK	5003	SLC29A1	1
1183	CSK	5002	SLC28A1	1
1183	CSK	5004	SLC29A2	1
1184	CSN1S1	2411	HRAS	1
1184	CSN1S1	2781	KRAS	1
1184	CSN1S1	3579	NRAS	1
1185	CSN1S2AP	3326	MYC	1
1186	CSNK1D	1330	DCK	1
1186	CSNK1D	4708	RRM1	1
1186	CSNK1D	5807	TYMS	1
1186	CSNK1D	5003	SLC29A1	1
1186	CSNK1D	5002	SLC28A1	1
1186	CSNK1D	5004	SLC29A2	1
1187	CSNK1E	1330	DCK	1
1187	CSNK1E	4708	RRM1	1
1187	CSNK1E	5807	TYMS	1
1187	CSNK1E	5003	SLC29A1	1
1187	CSNK1E	5002	SLC28A1	1
1187	CSNK1E	5004	SLC29A2	1
1187	CSNK1E	3375	NAE1	1
1187	CSNK1E	5639	TP53	1
1187	CSNK1E	5458	THOP1	1
1188	CSNK1G1	2411	HRAS	1
1188	CSNK1G1	2781	KRAS	1
1188	CSNK1G1	3579	NRAS	1
1189	CSNK1G2	5065	SMARCC2	1
1189	CSNK1G2	3037	MAPK8IP3	1
1189	CSNK1G2	1864	FBXO46	1
1189	CSNK1G2	5692	TRIM28	1
1189	CSNK1G2	4467	RBM14	1
1189	CSNK1G2	4081	POLD1	1
1189	CSNK1G2	3066	MBD3	1
1189	CSNK1G2	3945	PIAS4	1
1189	CSNK1G2	3974	PIP5K1C	1
1189	CSNK1G2	4118	POLRMT	1
1189	CSNK1G2	4594	RNF126	1
1189	CSNK1G2	5028	SLC39A3	1
1189	CSNK1G2	5805	TYK2	1
1189	CSNK1G2	2209	GTF2F1	1
1189	CSNK1G2	2700	KHSRP	1
1190	CSNK1G3	2068	GIN1	1
1190	CSNK1G3	4164	PPP2CA	1
1190	CSNK1G3	5128	SNX2	1
1191	CSNK2A1	6143	ZCCHC3	1
1191	CSNK2A1	2411	HRAS	1
1191	CSNK2A1	2781	KRAS	1
1191	CSNK2A1	3579	NRAS	1
1191	CSNK2A1	3375	NAE1	1
1192	CSNK2A2	3375	NAE1	1
1193	CSPP1	4466	RBM12B	1
1194	CSRNP1	2411	HRAS	1
1194	CSRNP1	2781	KRAS	1
1194	CSRNP1	3579	NRAS	1
1195	CSRNP3	3375	NAE1	1
1197	CST4	3715	ORM1	1
1197	CST4	1287	CYP3A4	1
1197	CST4	1288	CYP3A5	1
1197	CST4	1289	CYP3A7	1
1197	CST4	1274	CYP1A2	1
1197	CST4	1282	CYP2C9	1
1197	CST4	1283	CYP2D6	1
1197	CST4	1280	CYP2C19	1
1197	CST4	4320	PTGS1	1
1197	CST4	2733	KIT	1
1197	CST4	4519	RET	1
1197	CST4	3607	NTRK1	1
1197	CST4	3866	PDGFRA	1
1197	CST4	1351	DDR1	1
1197	CST4	3867	PDGFRB	1
1197	CST4	4975	SLC22A1	1
1197	CST4	4978	SLC22A2	1
1198	CST6	4556	RHOD	1
1199	CSTB	3352	MYOF	1
1199	CSTB	2960	LTBR	1
1200	CSTF1	2411	HRAS	1
1200	CSTF1	2781	KRAS	1
1200	CSTF1	3579	NRAS	1
1201	CSTF2	3326	MYC	1
1202	CTAGE6	2411	HRAS	1
1202	CTAGE6	2781	KRAS	1
1202	CTAGE6	3579	NRAS	1
1203	CTBP2	5408	TCF7L2	1
1204	CTC1	2411	HRAS	1
1204	CTC1	2781	KRAS	1
1204	CTC1	3579	NRAS	1
1205	CTCF	3062	MATR3	1
1205	CTCF	3389	NASP	1
1205	CTCF	2386	HNRNPR	1
1205	CTCF	3871	PDIK1L	1
1205	CTCF	4242	PRPF38A	1
1205	CTCF	2963	LUC7L2	1
1205	CTCF	2536	ILF3	1
1205	CTCF	4498	RCC2	1
1205	CTCF	3078	MCM10	1
1205	CTCF	2362	HMGB1	1
1205	CTCF	5426	TERF2	1
1205	CTCF	3326	MYC	1
1206	CTDNEP1	2411	HRAS	1
1206	CTDNEP1	2781	KRAS	1
1206	CTDNEP1	3579	NRAS	1
1207	CTDSPL	3715	ORM1	1
1207	CTDSPL	1287	CYP3A4	1
1207	CTDSPL	1288	CYP3A5	1
1207	CTDSPL	1289	CYP3A7	1
1207	CTDSPL	1274	CYP1A2	1
1207	CTDSPL	1282	CYP2C9	1
1207	CTDSPL	1283	CYP2D6	1
1207	CTDSPL	1280	CYP2C19	1
1207	CTDSPL	4320	PTGS1	1
1207	CTDSPL	2733	KIT	1
1207	CTDSPL	4519	RET	1
1207	CTDSPL	3607	NTRK1	1
1207	CTDSPL	3866	PDGFRA	1
1207	CTDSPL	1351	DDR1	1
1207	CTDSPL	3867	PDGFRB	1
1207	CTDSPL	4975	SLC22A1	1
1207	CTDSPL	4978	SLC22A2	1
1208	CTDSPL2	4179	PPP4R3A	1
1208	CTDSPL2	4891	SFPQ	1
1208	CTDSPL2	3079	MCM2	1
1209	CTGF	1493	DOCK1	1
1209	CTGF	1442	DKK3	1
1209	CTGF	5266	STK24	1
1209	CTGF	5267	STK3	1
1209	CTGF	3375	NAE1	1
1209	CTGF	3281	MST1	1
1210	CTNNA1	2127	GNS	1
1210	CTNNA1	3137	MGAT4B	1
1210	CTNNA1	4031	PLK2	1
1210	CTNNA1	2411	HRAS	1
1210	CTNNA1	2781	KRAS	1
1210	CTNNA1	3579	NRAS	1
1211	CTNNAL1	2411	HRAS	1
1211	CTNNAL1	2781	KRAS	1
1211	CTNNAL1	3579	NRAS	1
1211	CTNNAL1	3375	NAE1	1
1212	CTNNB1	1930	FLT1	1
1213	CTNNBIP1	3326	MYC	1
1214	CTNNBL1	1422	DHX35	1
1215	CTNND1	4049	PLXNB2	1
1216	CTNS	2411	HRAS	1
1216	CTNS	2781	KRAS	1
1216	CTNS	3579	NRAS	1
1218	CTPS2	3326	MYC	1
1219	CTR9	4275	PSMA1	1
1220	CTSA	3475	NEU1	1
1220	CTSA	2127	GNS	1
1220	CTSA	3326	MYC	1
1221	CTSB	2486	IGFBP6	1
1221	CTSB	2909	LMNA	1
1221	CTSB	4330	PTPN14	1
1221	CTSB	4271	PSAP	1
1221	CTSB	4867	SERPINH1	1
1221	CTSB	4748	S100A11	1
1221	CTSB	2411	HRAS	1
1221	CTSB	2781	KRAS	1
1221	CTSB	3579	NRAS	1
1221	CTSB	3715	ORM1	1
1221	CTSB	1287	CYP3A4	1
1221	CTSB	1288	CYP3A5	1
1221	CTSB	1289	CYP3A7	1
1221	CTSB	1274	CYP1A2	1
1221	CTSB	1282	CYP2C9	1
1221	CTSB	1283	CYP2D6	1
1221	CTSB	1280	CYP2C19	1
1221	CTSB	4320	PTGS1	1
1221	CTSB	2733	KIT	1
1221	CTSB	4519	RET	1
1221	CTSB	3607	NTRK1	1
1221	CTSB	3866	PDGFRA	1
1221	CTSB	1351	DDR1	1
1221	CTSB	3867	PDGFRB	1
1221	CTSB	4975	SLC22A1	1
1221	CTSB	4978	SLC22A2	1
1222	CTSC	4382	RAB38	1
1222	CTSC	3326	MYC	1
1223	CTSD	1701	EPHX1	1
1223	CTSD	5590	TNFRSF1A	1
1224	CTSS	3918	PHF11	1
1225	CTTN	1546	DUSP3	1
1225	CTTN	4396	RAC1	1
1225	CTTN	2928	LRP10	1
1225	CTTN	4138	PPFIA1	1
1225	CTTN	4263	PRSS23	1
1225	CTTN	5795	TWF1	1
1225	CTTN	1600	EGFR	1
1225	CTTN	5882	UEVLD	1
1226	CTTNBP2	2411	HRAS	1
1226	CTTNBP2	2781	KRAS	1
1226	CTTNBP2	3579	NRAS	1
1227	CTTNBP2NL	2831	LARP6	1
1227	CTTNBP2NL	2411	HRAS	1
1227	CTTNBP2NL	2781	KRAS	1
1227	CTTNBP2NL	3579	NRAS	1
1228	CTU2	1667	EMC8	1
1229	CUEDC1	2117	GNG12	1
1230	CUL1	5389	TBL1XR1	1
1230	CUL1	5335	TAB2	1
1230	CUL1	1338	DCTN4	1
1230	CUL1	4374	RAB23	1
1230	CUL1	3375	NAE1	1
1231	CUL2	3375	NAE1	1
1232	CUL3	3415	NCL	1
1232	CUL3	3375	NAE1	1
1232	CUL3	3326	MYC	1
1233	CUL4A	1342	DCUN1D2	1
1233	CUL4A	3833	PCID2	1
1233	CUL4A	4609	RNF219	1
1233	CUL4A	3375	NAE1	1
1234	CUL4B	5507	TMED2	1
1234	CUL4B	3375	NAE1	1
1235	CUL5	5103	SNORA25	1
1235	CUL5	2411	HRAS	1
1235	CUL5	2781	KRAS	1
1235	CUL5	3579	NRAS	1
1235	CUL5	3375	NAE1	1
1236	CUL7	5875	UBXN6	1
1236	CUL7	3375	NAE1	1
1237	CUL9	5805	TYK2	1
1237	CUL9	6136	ZC3H7B	1
1237	CUL9	1612	EHMT2	1
1237	CUL9	3375	NAE1	1
1238	CUX1	3959	PIK3CA	1
1238	CUX1	2411	HRAS	1
1238	CUX1	2781	KRAS	1
1238	CUX1	3579	NRAS	1
1238	CUX1	3715	ORM1	1
1238	CUX1	1287	CYP3A4	1
1238	CUX1	1288	CYP3A5	1
1238	CUX1	1289	CYP3A7	1
1238	CUX1	1274	CYP1A2	1
1238	CUX1	1282	CYP2C9	1
1238	CUX1	1283	CYP2D6	1
1238	CUX1	1280	CYP2C19	1
1238	CUX1	4320	PTGS1	1
1238	CUX1	2733	KIT	1
1238	CUX1	4519	RET	1
1238	CUX1	3607	NTRK1	1
1238	CUX1	3866	PDGFRA	1
1238	CUX1	1351	DDR1	1
1238	CUX1	3867	PDGFRB	1
1238	CUX1	4975	SLC22A1	1
1238	CUX1	4978	SLC22A2	1
1238	CUX1	3774	PARP1	1
1239	CWC22	2217	GTF3C3	1
1240	CWC27	5356	TAF9	1
1240	CWC27	2722	KIF2A	1
1240	CWC27	4184	PPWD1	1
1240	CWC27	4955	SKIV2L2	1
1241	CWF19L1	4847	SENP2	1
1241	CWF19L1	4102	POLR2D	1
1241	CWF19L1	1754	EXOSC1	1
1241	CWF19L1	2091	GLRX3	1
1241	CWF19L1	3597	NSMCE4A	1
1242	CWF19L2	6209	ZNF202	1
1242	CWF19L2	3491	NFRKB	1
1243	CX3CR1	3375	NAE1	1
1244	CXCL1	2960	LTBR	1
1245	CXCL10	3326	MYC	1
1246	CXCL13	4941	SIGLEC8	1
1246	CXCL13	1455	DMP1	1
1247	CXCL16	5498	TMC4	1
1247	CXCL16	4258	PRRG2	1
1247	CXCL16	4375	RAB25	1
1247	CXCL16	4934	SHROOM3	1
1247	CXCL16	5555	TMEM30B	1
1247	CXCL16	1707	EPS8L1	1
1247	CXCL16	2411	HRAS	1
1247	CXCL16	2781	KRAS	1
1247	CXCL16	3579	NRAS	1
1248	CXCL2	4807	SDC4	1
1249	CXCL8	2781	KRAS	1
1249	CXCL8	3579	NRAS	1
1249	CXCL8	3375	NAE1	1
1249	CXCL8	2411	HRAS	1
1250	CXCR3	3715	ORM1	1
1250	CXCR3	1287	CYP3A4	1
1250	CXCR3	1288	CYP3A5	1
1250	CXCR3	1289	CYP3A7	1
1250	CXCR3	1274	CYP1A2	1
1250	CXCR3	1282	CYP2C9	1
1250	CXCR3	1283	CYP2D6	1
1250	CXCR3	1280	CYP2C19	1
1250	CXCR3	4320	PTGS1	1
1250	CXCR3	2733	KIT	1
1250	CXCR3	4519	RET	1
1250	CXCR3	3607	NTRK1	1
1250	CXCR3	3866	PDGFRA	1
1250	CXCR3	1351	DDR1	1
1250	CXCR3	3867	PDGFRB	1
1250	CXCR3	4975	SLC22A1	1
1250	CXCR3	4978	SLC22A2	1
1251	CXCR4	3715	ORM1	1
1251	CXCR4	1287	CYP3A4	1
1251	CXCR4	1288	CYP3A5	1
1251	CXCR4	1289	CYP3A7	1
1251	CXCR4	1274	CYP1A2	1
1251	CXCR4	1282	CYP2C9	1
1251	CXCR4	1283	CYP2D6	1
1251	CXCR4	1280	CYP2C19	1
1251	CXCR4	4320	PTGS1	1
1251	CXCR4	2733	KIT	1
1251	CXCR4	4519	RET	1
1251	CXCR4	3607	NTRK1	1
1251	CXCR4	3866	PDGFRA	1
1251	CXCR4	1351	DDR1	1
1251	CXCR4	3867	PDGFRB	1
1251	CXCR4	4975	SLC22A1	1
1251	CXCR4	4978	SLC22A2	1
1251	CXCR4	3375	NAE1	1
1252	CXORF21	4797	SCNN1D	1
1252	CXORF21	5111	SNRPA	1
1253	CXORF40A	2411	HRAS	1
1253	CXORF40A	2781	KRAS	1
1253	CXORF40A	3579	NRAS	1
1254	CXORF40B	2464	IDH3G	1
1255	CXORF65	2526	IL2RG	1
1256	CXXC1	5065	SMARCC2	1
1256	CXXC1	4077	POGZ	1
1256	CXXC1	1584	EDC4	1
1256	CXXC1	1481	DNASE1L2	1
1257	CXXC4	2411	HRAS	1
1257	CXXC4	2781	KRAS	1
1257	CXXC4	3579	NRAS	1
1258	CYB561	1596	EFNA1	1
1258	CYB561	1949	FOXA1	1
1259	CYB561A3	5526	TMEM138	1
1261	CYB5R3	4057	PMM1	1
1262	CYB5R4	5389	TBL1XR1	1
1262	CYB5R4	5335	TAB2	1
1263	CYBA	3375	NAE1	1
1264	CYC1	3222	MRPL13	1
1265	CYCS	3774	PARP1	1
1265	CYCS	4056	PML	1
1265	CYCS	4456	RB1	1
1265	CYCS	5798	TWSG1	1
1265	CYCS	5127	SNX13	1
1266	CYFIP1	2411	HRAS	1
1266	CYFIP1	2781	KRAS	1
1266	CYFIP1	3579	NRAS	1
1267	CYFIP2	3375	NAE1	1
1268	CYLC1	3375	NAE1	1
1269	CYLC2	2411	HRAS	1
1269	CYLC2	2781	KRAS	1
1269	CYLC2	3579	NRAS	1
1269	CYLC2	3375	NAE1	1
1270	CYLD	2411	HRAS	1
1270	CYLD	2781	KRAS	1
1270	CYLD	3579	NRAS	1
1271	CYP11B1	2411	HRAS	1
1271	CYP11B1	2781	KRAS	1
1271	CYP11B1	3579	NRAS	1
1273	CYP19A1	2921	LPAR1	1
1273	CYP19A1	1826	FANCF	1
1273	CYP19A1	1848	FBXL14	1
1273	CYP19A1	2287	HECTD3	1
1273	CYP19A1	6078	XRCC6	1
1273	CYP19A1	2224	GTSE1	1
1273	CYP19A1	2243	HACE1	1
1273	CYP19A1	2262	HCFC1	1
1273	CYP19A1	2292	HERC5	1
1273	CYP19A1	2409	HPS1	1
1273	CYP19A1	2537	ILK	1
1273	CYP19A1	2668	KCNQ4	1
1273	CYP19A1	1592	EEPD1	1
1273	CYP19A1	2725	KIF5A	1
1273	CYP19A1	3857	PDE3A	1
1273	CYP19A1	3890	PEX1	1
1273	CYP19A1	4175	PPP3CA	1
1273	CYP19A1	4337	PTPRD	1
1273	CYP19A1	4338	PTPRF	1
1273	CYP19A1	4417	RAD9A	1
1273	CYP19A1	3189	MOK	1
1273	CYP19A1	4529	RFC5	1
1273	CYP19A1	4846	SENP1	1
1273	CYP19A1	5083	SMO	1
1273	CYP19A1	5138	SOD2	1
1273	CYP19A1	5361	TAP2	1
1273	CYP19A1	4608	RNF213	1
1274	CYP1A2	1985	FZD2	1
1274	CYP1A2	3482	NFATC1	1
1274	CYP1A2	3484	NFATC2IP	1
1274	CYP1A2	3861	PDE6H	1
1274	CYP1A2	4175	PPP3CA	1
1274	CYP1A2	4230	PRMT8	1
1274	CYP1A2	4494	RCAN1	1
1274	CYP1A2	4745	RYK	1
1274	CYP1A2	3860	PDE6C	1
1274	CYP1A2	4005	PLCB1	1
1274	CYP1A2	4176	PPP3CB	1
1274	CYP1A2	4495	RCAN2	1
1274	CYP1A2	6043	WNT5A	1
1274	CYP1A2	2533	IL7	1
1274	CYP1A2	5219	SRSF1	1
1274	CYP1A2	3029	MAPK11	1
1274	CYP1A2	1947	FOSL1	1
1274	CYP1A2	4853	SEP-06	1
1274	CYP1A2	2059	GGCX	1
1274	CYP1A2	2087	GLIPR1	1
1274	CYP1A2	2094	GLT8D1	1
1274	CYP1A2	2330	HIST1H3F	1
1274	CYP1A2	2351	HLA-DRA	1
1274	CYP1A2	2352	HLA-DRB5	1
1274	CYP1A2	2602	ITGB1	1
1274	CYP1A2	3418	NCOA3	1
1274	CYP1A2	3586	NRG2	1
1274	CYP1A2	3684	OR2F1	1
1274	CYP1A2	4036	PLOD2	1
1274	CYP1A2	4357	PYROXD1	1
1274	CYP1A2	4435	RAP1A	1
1274	CYP1A2	4665	RPL5	1
1274	CYP1A2	4757	S1PR2	1
1274	CYP1A2	5125	SNX10	1
1274	CYP1A2	5139	SORBS1	1
1274	CYP1A2	5147	SP100	1
1274	CYP1A2	5329	SYT11	1
1274	CYP1A2	2563	INTS6L	1
1274	CYP1A2	1443	DLAT	1
1274	CYP1A2	1586	EDF1	1
1274	CYP1A2	1694	EPB42	1
1274	CYP1A2	1729	ERMP1	1
1274	CYP1A2	1917	FKBP11	1
1274	CYP1A2	2029	GBP4	1
1274	CYP1A2	2827	LAPTM4B	1
1274	CYP1A2	3192	MORC3	1
1274	CYP1A2	3618	NUDT3	1
1274	CYP1A2	4023	PLEKHM1	1
1274	CYP1A2	4160	PPP1R2	1
1274	CYP1A2	4831	SEL1L	1
1274	CYP1A2	4876	SETMAR	1
1274	CYP1A2	4780	SCAF11	1
1274	CYP1A2	4956	SKP1	1
1274	CYP1A2	5059	SMARCA1	1
1274	CYP1A2	5190	SPTB	1
1274	CYP1A2	5204	SRI	1
1274	CYP1A2	5313	SV2B	1
1274	CYP1A2	5369	TAS2R14	1
1274	CYP1A2	5449	THAP1	1
1274	CYP1A2	5595	TNFRSF9	1
1274	CYP1A2	5881	UCP2	1
1274	CYP1A2	6194	ZNF140	1
1274	CYP1A2	3900	PGAP2	1
1274	CYP1A2	2012	GAPDH	1
1274	CYP1A2	2999	MAML1	1
1274	CYP1A2	3136	MGAT2	1
1274	CYP1A2	4443	RARA	1
1274	CYP1A2	4656	RPL35	1
1274	CYP1A2	4736	RTP4	1
1274	CYP1A2	5488	TLE1	1
1274	CYP1A2	5512	TMEFF1	1
1274	CYP1A2	5690	TRIM24	1
1274	CYP1A2	5709	TRIP11	1
1274	CYP1A2	5858	UBE3A	1
1274	CYP1A2	1610	EHF	1
1274	CYP1A2	2592	ITCH	1
1274	CYP1A2	2636	KAT6A	1
1274	CYP1A2	3510	NKRF	1
1274	CYP1A2	4775	SAT1	1
1274	CYP1A2	5384	TBCCD1	1
1274	CYP1A2	5652	TPM1	1
1274	CYP1A2	1345	DDAH1	1
1274	CYP1A2	2213	GTF2H5	1
1274	CYP1A2	2934	LRRC37A3	1
1274	CYP1A2	4871	SESTD1	1
1274	CYP1A2	5148	SP110	1
1274	CYP1A2	5818	UBA6	1
1274	CYP1A2	6262	ZNF473	1
1274	CYP1A2	1604	EGR3	1
1274	CYP1A2	1932	FLT3LG	1
1274	CYP1A2	4659	RPL36A	1
1274	CYP1A2	2142	GPC5	1
1274	CYP1A2	2303	HIF3A	1
1274	CYP1A2	2662	KCNJ13	1
1274	CYP1A2	4217	PRKCQ	1
1274	CYP1A2	6363	ZP3	1
1274	CYP1A2	2468	IFI16	1
1274	CYP1A2	2523	IL27RA	1
1274	CYP1A2	2529	IL4	1
1274	CYP1A2	5481	TJP1	1
1274	CYP1A2	5727	TROVE2	1
1274	CYP1A2	1882	FCN3	1
1274	CYP1A2	5034	SLC50A1	1
1274	CYP1A2	5433	TFAP2B	1
1274	CYP1A2	4650	RPL21	1
1274	CYP1A2	5947	UTP14A	1
1274	CYP1A2	3067	MBD4	1
1274	CYP1A2	2584	IRF7	1
1274	CYP1A2	2900	LIPE	1
1274	CYP1A2	3859	PDE4DIP	1
1274	CYP1A2	1315	DBF4	1
1274	CYP1A2	5890	UGT1A7	1
1274	CYP1A2	1279	CYP2B6	1
1274	CYP1A2	1988	FZD8	1
1274	CYP1A2	3906	PGLS	1
1274	CYP1A2	3873	PDLIM5	1
1274	CYP1A2	5119	SNTA1	1
1274	CYP1A2	2850	LDLRAD4	1
1275	CYP1B1	2921	LPAR1	1
1275	CYP1B1	1826	FANCF	1
1275	CYP1B1	1848	FBXL14	1
1275	CYP1B1	2287	HECTD3	1
1275	CYP1B1	6078	XRCC6	1
1275	CYP1B1	2224	GTSE1	1
1275	CYP1B1	2243	HACE1	1
1275	CYP1B1	2262	HCFC1	1
1275	CYP1B1	2292	HERC5	1
1275	CYP1B1	2409	HPS1	1
1275	CYP1B1	2537	ILK	1
1275	CYP1B1	2668	KCNQ4	1
1275	CYP1B1	1592	EEPD1	1
1275	CYP1B1	2725	KIF5A	1
1275	CYP1B1	3857	PDE3A	1
1275	CYP1B1	3890	PEX1	1
1275	CYP1B1	4175	PPP3CA	1
1275	CYP1B1	4337	PTPRD	1
1275	CYP1B1	4338	PTPRF	1
1275	CYP1B1	4417	RAD9A	1
1275	CYP1B1	3189	MOK	1
1275	CYP1B1	4529	RFC5	1
1275	CYP1B1	4846	SENP1	1
1275	CYP1B1	5083	SMO	1
1275	CYP1B1	5138	SOD2	1
1275	CYP1B1	5361	TAP2	1
1275	CYP1B1	4608	RNF213	1
1276	CYP24A1	3375	NAE1	1
1277	CYP27A1	2411	HRAS	1
1277	CYP27A1	2781	KRAS	1
1277	CYP27A1	3579	NRAS	1
1278	CYP27B1	2411	HRAS	1
1278	CYP27B1	2781	KRAS	1
1278	CYP27B1	3579	NRAS	1
1278	CYP27B1	3326	MYC	1
1279	CYP2B6	3715	ORM1	1
1279	CYP2B6	1287	CYP3A4	1
1279	CYP2B6	1288	CYP3A5	1
1279	CYP2B6	1289	CYP3A7	1
1279	CYP2B6	1282	CYP2C9	1
1279	CYP2B6	1283	CYP2D6	1
1279	CYP2B6	1280	CYP2C19	1
1279	CYP2B6	4320	PTGS1	1
1279	CYP2B6	2733	KIT	1
1279	CYP2B6	4519	RET	1
1279	CYP2B6	3607	NTRK1	1
1279	CYP2B6	3866	PDGFRA	1
1279	CYP2B6	1351	DDR1	1
1279	CYP2B6	3867	PDGFRB	1
1279	CYP2B6	4975	SLC22A1	1
1279	CYP2B6	4978	SLC22A2	1
1280	CYP2C19	1985	FZD2	1
1280	CYP2C19	3482	NFATC1	1
1280	CYP2C19	3484	NFATC2IP	1
1280	CYP2C19	3861	PDE6H	1
1280	CYP2C19	4175	PPP3CA	1
1280	CYP2C19	4230	PRMT8	1
1280	CYP2C19	4494	RCAN1	1
1280	CYP2C19	4745	RYK	1
1280	CYP2C19	3860	PDE6C	1
1280	CYP2C19	4005	PLCB1	1
1280	CYP2C19	4176	PPP3CB	1
1280	CYP2C19	4495	RCAN2	1
1280	CYP2C19	6043	WNT5A	1
1280	CYP2C19	2533	IL7	1
1280	CYP2C19	5219	SRSF1	1
1280	CYP2C19	3029	MAPK11	1
1280	CYP2C19	1947	FOSL1	1
1280	CYP2C19	4853	SEP-06	1
1280	CYP2C19	2059	GGCX	1
1280	CYP2C19	2087	GLIPR1	1
1280	CYP2C19	2094	GLT8D1	1
1280	CYP2C19	2330	HIST1H3F	1
1280	CYP2C19	2351	HLA-DRA	1
1280	CYP2C19	2352	HLA-DRB5	1
1280	CYP2C19	2602	ITGB1	1
1280	CYP2C19	3418	NCOA3	1
1280	CYP2C19	3586	NRG2	1
1280	CYP2C19	3684	OR2F1	1
1280	CYP2C19	4036	PLOD2	1
1280	CYP2C19	4357	PYROXD1	1
1280	CYP2C19	4435	RAP1A	1
1280	CYP2C19	4665	RPL5	1
1280	CYP2C19	4757	S1PR2	1
1280	CYP2C19	5125	SNX10	1
1280	CYP2C19	5139	SORBS1	1
1280	CYP2C19	5147	SP100	1
1280	CYP2C19	5329	SYT11	1
1280	CYP2C19	2563	INTS6L	1
1280	CYP2C19	1443	DLAT	1
1280	CYP2C19	1586	EDF1	1
1280	CYP2C19	1694	EPB42	1
1280	CYP2C19	1729	ERMP1	1
1280	CYP2C19	1917	FKBP11	1
1280	CYP2C19	2029	GBP4	1
1280	CYP2C19	2827	LAPTM4B	1
1280	CYP2C19	3192	MORC3	1
1280	CYP2C19	3618	NUDT3	1
1280	CYP2C19	4023	PLEKHM1	1
1280	CYP2C19	4160	PPP1R2	1
1280	CYP2C19	4831	SEL1L	1
1280	CYP2C19	4876	SETMAR	1
1280	CYP2C19	4780	SCAF11	1
1280	CYP2C19	4956	SKP1	1
1280	CYP2C19	5059	SMARCA1	1
1280	CYP2C19	5190	SPTB	1
1280	CYP2C19	5204	SRI	1
1280	CYP2C19	5313	SV2B	1
1280	CYP2C19	5369	TAS2R14	1
1280	CYP2C19	5449	THAP1	1
1280	CYP2C19	5595	TNFRSF9	1
1280	CYP2C19	5881	UCP2	1
1280	CYP2C19	6194	ZNF140	1
1280	CYP2C19	3900	PGAP2	1
1280	CYP2C19	2012	GAPDH	1
1280	CYP2C19	2999	MAML1	1
1280	CYP2C19	3136	MGAT2	1
1280	CYP2C19	4443	RARA	1
1280	CYP2C19	4656	RPL35	1
1280	CYP2C19	4736	RTP4	1
1280	CYP2C19	5488	TLE1	1
1280	CYP2C19	5512	TMEFF1	1
1280	CYP2C19	5690	TRIM24	1
1280	CYP2C19	5709	TRIP11	1
1280	CYP2C19	5858	UBE3A	1
1280	CYP2C19	1610	EHF	1
1280	CYP2C19	2592	ITCH	1
1280	CYP2C19	2636	KAT6A	1
1280	CYP2C19	3510	NKRF	1
1280	CYP2C19	4775	SAT1	1
1280	CYP2C19	5384	TBCCD1	1
1280	CYP2C19	5652	TPM1	1
1280	CYP2C19	1345	DDAH1	1
1280	CYP2C19	2213	GTF2H5	1
1280	CYP2C19	2934	LRRC37A3	1
1280	CYP2C19	4871	SESTD1	1
1280	CYP2C19	5148	SP110	1
1280	CYP2C19	5818	UBA6	1
1280	CYP2C19	6262	ZNF473	1
1280	CYP2C19	1604	EGR3	1
1280	CYP2C19	1932	FLT3LG	1
1280	CYP2C19	4659	RPL36A	1
1280	CYP2C19	2142	GPC5	1
1280	CYP2C19	2303	HIF3A	1
1280	CYP2C19	2662	KCNJ13	1
1280	CYP2C19	4217	PRKCQ	1
1280	CYP2C19	6363	ZP3	1
1280	CYP2C19	2468	IFI16	1
1280	CYP2C19	2523	IL27RA	1
1280	CYP2C19	2529	IL4	1
1280	CYP2C19	5481	TJP1	1
1280	CYP2C19	5727	TROVE2	1
1280	CYP2C19	1882	FCN3	1
1280	CYP2C19	5034	SLC50A1	1
1280	CYP2C19	5433	TFAP2B	1
1280	CYP2C19	4650	RPL21	1
1280	CYP2C19	5947	UTP14A	1
1280	CYP2C19	3067	MBD4	1
1280	CYP2C19	2584	IRF7	1
1280	CYP2C19	2900	LIPE	1
1280	CYP2C19	3859	PDE4DIP	1
1280	CYP2C19	1315	DBF4	1
1280	CYP2C19	5890	UGT1A7	1
1280	CYP2C19	1988	FZD8	1
1280	CYP2C19	3906	PGLS	1
1280	CYP2C19	3873	PDLIM5	1
1280	CYP2C19	5119	SNTA1	1
1280	CYP2C19	2850	LDLRAD4	1
1281	CYP2C8	2921	LPAR1	1
1281	CYP2C8	1826	FANCF	1
1281	CYP2C8	1848	FBXL14	1
1281	CYP2C8	2287	HECTD3	1
1281	CYP2C8	6078	XRCC6	1
1281	CYP2C8	2224	GTSE1	1
1281	CYP2C8	2243	HACE1	1
1281	CYP2C8	2262	HCFC1	1
1281	CYP2C8	2292	HERC5	1
1281	CYP2C8	2409	HPS1	1
1281	CYP2C8	2537	ILK	1
1281	CYP2C8	2668	KCNQ4	1
1281	CYP2C8	1592	EEPD1	1
1281	CYP2C8	2725	KIF5A	1
1281	CYP2C8	3857	PDE3A	1
1281	CYP2C8	3890	PEX1	1
1281	CYP2C8	4175	PPP3CA	1
1281	CYP2C8	4337	PTPRD	1
1281	CYP2C8	4338	PTPRF	1
1281	CYP2C8	4417	RAD9A	1
1281	CYP2C8	3189	MOK	1
1281	CYP2C8	4529	RFC5	1
1281	CYP2C8	4846	SENP1	1
1281	CYP2C8	5083	SMO	1
1281	CYP2C8	5138	SOD2	1
1281	CYP2C8	5361	TAP2	1
1281	CYP2C8	3375	NAE1	1
1281	CYP2C8	4608	RNF213	1
1282	CYP2C9	1985	FZD2	1
1282	CYP2C9	3482	NFATC1	1
1282	CYP2C9	3484	NFATC2IP	1
1282	CYP2C9	3861	PDE6H	1
1282	CYP2C9	4230	PRMT8	1
1282	CYP2C9	4494	RCAN1	1
1282	CYP2C9	4745	RYK	1
1282	CYP2C9	3860	PDE6C	1
1282	CYP2C9	4005	PLCB1	1
1282	CYP2C9	4176	PPP3CB	1
1282	CYP2C9	4495	RCAN2	1
1282	CYP2C9	6043	WNT5A	1
1282	CYP2C9	2533	IL7	1
1282	CYP2C9	5219	SRSF1	1
1282	CYP2C9	3029	MAPK11	1
1282	CYP2C9	1947	FOSL1	1
1282	CYP2C9	2921	LPAR1	1
1282	CYP2C9	1826	FANCF	1
1282	CYP2C9	1848	FBXL14	1
1282	CYP2C9	2287	HECTD3	1
1282	CYP2C9	6078	XRCC6	1
1282	CYP2C9	2224	GTSE1	1
1282	CYP2C9	2243	HACE1	1
1282	CYP2C9	2262	HCFC1	1
1282	CYP2C9	2292	HERC5	1
1282	CYP2C9	2409	HPS1	1
1282	CYP2C9	2537	ILK	1
1282	CYP2C9	2668	KCNQ4	1
1282	CYP2C9	1592	EEPD1	1
1282	CYP2C9	2725	KIF5A	1
1282	CYP2C9	3857	PDE3A	1
1282	CYP2C9	3890	PEX1	1
1282	CYP2C9	4337	PTPRD	1
1282	CYP2C9	4338	PTPRF	1
1282	CYP2C9	4417	RAD9A	1
1282	CYP2C9	3189	MOK	1
1282	CYP2C9	4529	RFC5	1
1282	CYP2C9	4846	SENP1	1
1282	CYP2C9	5083	SMO	1
1282	CYP2C9	5138	SOD2	1
1282	CYP2C9	5361	TAP2	1
1282	CYP2C9	3375	NAE1	1
1282	CYP2C9	4853	SEP-06	1
1282	CYP2C9	2059	GGCX	1
1282	CYP2C9	2087	GLIPR1	1
1282	CYP2C9	2094	GLT8D1	1
1282	CYP2C9	2330	HIST1H3F	1
1282	CYP2C9	2351	HLA-DRA	1
1282	CYP2C9	2352	HLA-DRB5	1
1282	CYP2C9	2602	ITGB1	1
1282	CYP2C9	3418	NCOA3	1
1282	CYP2C9	3586	NRG2	1
1282	CYP2C9	3684	OR2F1	1
1282	CYP2C9	4036	PLOD2	1
1282	CYP2C9	4357	PYROXD1	1
1282	CYP2C9	4435	RAP1A	1
1282	CYP2C9	4665	RPL5	1
1282	CYP2C9	4757	S1PR2	1
1282	CYP2C9	5125	SNX10	1
1282	CYP2C9	5139	SORBS1	1
1282	CYP2C9	5147	SP100	1
1282	CYP2C9	5329	SYT11	1
1282	CYP2C9	2563	INTS6L	1
1282	CYP2C9	1443	DLAT	1
1282	CYP2C9	1586	EDF1	1
1282	CYP2C9	1694	EPB42	1
1282	CYP2C9	1729	ERMP1	1
1282	CYP2C9	1917	FKBP11	1
1282	CYP2C9	2029	GBP4	1
1282	CYP2C9	2827	LAPTM4B	1
1282	CYP2C9	3192	MORC3	1
1282	CYP2C9	3618	NUDT3	1
1282	CYP2C9	4023	PLEKHM1	1
1282	CYP2C9	4160	PPP1R2	1
1282	CYP2C9	4831	SEL1L	1
1282	CYP2C9	4876	SETMAR	1
1282	CYP2C9	4780	SCAF11	1
1282	CYP2C9	4956	SKP1	1
1282	CYP2C9	5059	SMARCA1	1
1282	CYP2C9	5190	SPTB	1
1282	CYP2C9	5204	SRI	1
1282	CYP2C9	5313	SV2B	1
1282	CYP2C9	5369	TAS2R14	1
1282	CYP2C9	5449	THAP1	1
1282	CYP2C9	5595	TNFRSF9	1
1282	CYP2C9	5881	UCP2	1
1282	CYP2C9	6194	ZNF140	1
1282	CYP2C9	3900	PGAP2	1
1282	CYP2C9	2012	GAPDH	1
1282	CYP2C9	2999	MAML1	1
1282	CYP2C9	3136	MGAT2	1
1282	CYP2C9	4443	RARA	1
1282	CYP2C9	4656	RPL35	1
1282	CYP2C9	4736	RTP4	1
1282	CYP2C9	5488	TLE1	1
1282	CYP2C9	5512	TMEFF1	1
1282	CYP2C9	5690	TRIM24	1
1282	CYP2C9	5709	TRIP11	1
1282	CYP2C9	5858	UBE3A	1
1282	CYP2C9	1610	EHF	1
1282	CYP2C9	2592	ITCH	1
1282	CYP2C9	2636	KAT6A	1
1282	CYP2C9	3510	NKRF	1
1282	CYP2C9	4775	SAT1	1
1282	CYP2C9	5384	TBCCD1	1
1282	CYP2C9	5652	TPM1	1
1282	CYP2C9	1345	DDAH1	1
1282	CYP2C9	2213	GTF2H5	1
1282	CYP2C9	2934	LRRC37A3	1
1282	CYP2C9	4871	SESTD1	1
1282	CYP2C9	5148	SP110	1
1282	CYP2C9	5818	UBA6	1
1282	CYP2C9	6262	ZNF473	1
1282	CYP2C9	1604	EGR3	1
1282	CYP2C9	1932	FLT3LG	1
1282	CYP2C9	4659	RPL36A	1
1282	CYP2C9	2142	GPC5	1
1282	CYP2C9	2303	HIF3A	1
1282	CYP2C9	2662	KCNJ13	1
1282	CYP2C9	4217	PRKCQ	1
1282	CYP2C9	6363	ZP3	1
1282	CYP2C9	2468	IFI16	1
1282	CYP2C9	2523	IL27RA	1
1282	CYP2C9	2529	IL4	1
1282	CYP2C9	5481	TJP1	1
1282	CYP2C9	5727	TROVE2	1
1282	CYP2C9	1882	FCN3	1
1282	CYP2C9	5034	SLC50A1	1
1282	CYP2C9	5433	TFAP2B	1
1282	CYP2C9	4650	RPL21	1
1282	CYP2C9	5947	UTP14A	1
1282	CYP2C9	4175	PPP3CA	1
1282	CYP2C9	3067	MBD4	1
1282	CYP2C9	2584	IRF7	1
1282	CYP2C9	2900	LIPE	1
1282	CYP2C9	3859	PDE4DIP	1
1282	CYP2C9	1315	DBF4	1
1282	CYP2C9	5890	UGT1A7	1
1282	CYP2C9	1988	FZD8	1
1282	CYP2C9	3906	PGLS	1
1282	CYP2C9	3873	PDLIM5	1
1282	CYP2C9	5119	SNTA1	1
1282	CYP2C9	2850	LDLRAD4	1
1282	CYP2C9	4608	RNF213	1
1283	CYP2D6	1985	FZD2	1
1283	CYP2D6	3482	NFATC1	1
1283	CYP2D6	3484	NFATC2IP	1
1283	CYP2D6	3861	PDE6H	1
1283	CYP2D6	4175	PPP3CA	1
1283	CYP2D6	4230	PRMT8	1
1283	CYP2D6	4494	RCAN1	1
1283	CYP2D6	4745	RYK	1
1283	CYP2D6	3860	PDE6C	1
1283	CYP2D6	4005	PLCB1	1
1283	CYP2D6	4176	PPP3CB	1
1283	CYP2D6	4495	RCAN2	1
1283	CYP2D6	6043	WNT5A	1
1283	CYP2D6	2533	IL7	1
1283	CYP2D6	5219	SRSF1	1
1283	CYP2D6	3029	MAPK11	1
1283	CYP2D6	1947	FOSL1	1
1283	CYP2D6	4853	SEP-06	1
1283	CYP2D6	2059	GGCX	1
1283	CYP2D6	2087	GLIPR1	1
1283	CYP2D6	2094	GLT8D1	1
1283	CYP2D6	2330	HIST1H3F	1
1283	CYP2D6	2351	HLA-DRA	1
1283	CYP2D6	2352	HLA-DRB5	1
1283	CYP2D6	2602	ITGB1	1
1283	CYP2D6	3418	NCOA3	1
1283	CYP2D6	3586	NRG2	1
1283	CYP2D6	3684	OR2F1	1
1283	CYP2D6	4036	PLOD2	1
1283	CYP2D6	4357	PYROXD1	1
1283	CYP2D6	4435	RAP1A	1
1283	CYP2D6	4665	RPL5	1
1283	CYP2D6	4757	S1PR2	1
1283	CYP2D6	5125	SNX10	1
1283	CYP2D6	5139	SORBS1	1
1283	CYP2D6	5147	SP100	1
1283	CYP2D6	5329	SYT11	1
1283	CYP2D6	2563	INTS6L	1
1283	CYP2D6	1443	DLAT	1
1283	CYP2D6	1586	EDF1	1
1283	CYP2D6	1694	EPB42	1
1283	CYP2D6	1729	ERMP1	1
1283	CYP2D6	1917	FKBP11	1
1283	CYP2D6	2029	GBP4	1
1283	CYP2D6	2827	LAPTM4B	1
1283	CYP2D6	3192	MORC3	1
1283	CYP2D6	3618	NUDT3	1
1283	CYP2D6	4023	PLEKHM1	1
1283	CYP2D6	4160	PPP1R2	1
1283	CYP2D6	4831	SEL1L	1
1283	CYP2D6	4876	SETMAR	1
1283	CYP2D6	4780	SCAF11	1
1283	CYP2D6	4956	SKP1	1
1283	CYP2D6	5059	SMARCA1	1
1283	CYP2D6	5190	SPTB	1
1283	CYP2D6	5204	SRI	1
1283	CYP2D6	5313	SV2B	1
1283	CYP2D6	5369	TAS2R14	1
1283	CYP2D6	5449	THAP1	1
1283	CYP2D6	5595	TNFRSF9	1
1283	CYP2D6	5881	UCP2	1
1283	CYP2D6	6194	ZNF140	1
1283	CYP2D6	3900	PGAP2	1
1283	CYP2D6	2012	GAPDH	1
1283	CYP2D6	2999	MAML1	1
1283	CYP2D6	3136	MGAT2	1
1283	CYP2D6	4443	RARA	1
1283	CYP2D6	4656	RPL35	1
1283	CYP2D6	4736	RTP4	1
1283	CYP2D6	5488	TLE1	1
1283	CYP2D6	5512	TMEFF1	1
1283	CYP2D6	5690	TRIM24	1
1283	CYP2D6	5709	TRIP11	1
1283	CYP2D6	5858	UBE3A	1
1283	CYP2D6	1610	EHF	1
1283	CYP2D6	2592	ITCH	1
1283	CYP2D6	2636	KAT6A	1
1283	CYP2D6	3510	NKRF	1
1283	CYP2D6	4775	SAT1	1
1283	CYP2D6	5384	TBCCD1	1
1283	CYP2D6	5652	TPM1	1
1283	CYP2D6	1345	DDAH1	1
1283	CYP2D6	2213	GTF2H5	1
1283	CYP2D6	2934	LRRC37A3	1
1283	CYP2D6	4871	SESTD1	1
1283	CYP2D6	5148	SP110	1
1283	CYP2D6	5818	UBA6	1
1283	CYP2D6	6262	ZNF473	1
1283	CYP2D6	1604	EGR3	1
1283	CYP2D6	1932	FLT3LG	1
1283	CYP2D6	4659	RPL36A	1
1283	CYP2D6	2142	GPC5	1
1283	CYP2D6	2303	HIF3A	1
1283	CYP2D6	2662	KCNJ13	1
1283	CYP2D6	4217	PRKCQ	1
1283	CYP2D6	6363	ZP3	1
1283	CYP2D6	2468	IFI16	1
1283	CYP2D6	2523	IL27RA	1
1283	CYP2D6	2529	IL4	1
1283	CYP2D6	5481	TJP1	1
1283	CYP2D6	5727	TROVE2	1
1283	CYP2D6	1882	FCN3	1
1283	CYP2D6	5034	SLC50A1	1
1283	CYP2D6	5433	TFAP2B	1
1283	CYP2D6	4650	RPL21	1
1283	CYP2D6	5947	UTP14A	1
1283	CYP2D6	3326	MYC	1
1283	CYP2D6	3067	MBD4	1
1283	CYP2D6	2584	IRF7	1
1283	CYP2D6	2900	LIPE	1
1283	CYP2D6	3859	PDE4DIP	1
1283	CYP2D6	1315	DBF4	1
1283	CYP2D6	5890	UGT1A7	1
1283	CYP2D6	1988	FZD8	1
1283	CYP2D6	3906	PGLS	1
1283	CYP2D6	3873	PDLIM5	1
1283	CYP2D6	5119	SNTA1	1
1283	CYP2D6	2850	LDLRAD4	1
1284	CYP2F2P	2411	HRAS	1
1284	CYP2F2P	2781	KRAS	1
1284	CYP2F2P	3579	NRAS	1
1285	CYP2J2	3375	NAE1	1
1286	CYP2S1	2509	IL18	1
1287	CYP3A4	1985	FZD2	1
1287	CYP3A4	3482	NFATC1	1
1287	CYP3A4	3484	NFATC2IP	1
1287	CYP3A4	3861	PDE6H	1
1287	CYP3A4	4230	PRMT8	1
1287	CYP3A4	4494	RCAN1	1
1287	CYP3A4	4745	RYK	1
1287	CYP3A4	3860	PDE6C	1
1287	CYP3A4	4005	PLCB1	1
1287	CYP3A4	4176	PPP3CB	1
1287	CYP3A4	4495	RCAN2	1
1287	CYP3A4	6043	WNT5A	1
1287	CYP3A4	2533	IL7	1
1287	CYP3A4	5219	SRSF1	1
1287	CYP3A4	3029	MAPK11	1
1287	CYP3A4	1947	FOSL1	1
1287	CYP3A4	2921	LPAR1	1
1287	CYP3A4	1826	FANCF	1
1287	CYP3A4	1848	FBXL14	1
1287	CYP3A4	2287	HECTD3	1
1287	CYP3A4	6078	XRCC6	1
1287	CYP3A4	2224	GTSE1	1
1287	CYP3A4	2243	HACE1	1
1287	CYP3A4	2262	HCFC1	1
1287	CYP3A4	2292	HERC5	1
1287	CYP3A4	2409	HPS1	1
1287	CYP3A4	2537	ILK	1
1287	CYP3A4	2668	KCNQ4	1
1287	CYP3A4	1592	EEPD1	1
1287	CYP3A4	2725	KIF5A	1
1287	CYP3A4	3857	PDE3A	1
1287	CYP3A4	3890	PEX1	1
1287	CYP3A4	4337	PTPRD	1
1287	CYP3A4	4338	PTPRF	1
1287	CYP3A4	4417	RAD9A	1
1287	CYP3A4	3189	MOK	1
1287	CYP3A4	4529	RFC5	1
1287	CYP3A4	4846	SENP1	1
1287	CYP3A4	5083	SMO	1
1287	CYP3A4	5138	SOD2	1
1287	CYP3A4	5361	TAP2	1
1287	CYP3A4	4853	SEP-06	1
1287	CYP3A4	2059	GGCX	1
1287	CYP3A4	2087	GLIPR1	1
1287	CYP3A4	2094	GLT8D1	1
1287	CYP3A4	2330	HIST1H3F	1
1287	CYP3A4	2351	HLA-DRA	1
1287	CYP3A4	2352	HLA-DRB5	1
1287	CYP3A4	2602	ITGB1	1
1287	CYP3A4	3418	NCOA3	1
1287	CYP3A4	3586	NRG2	1
1287	CYP3A4	3684	OR2F1	1
1287	CYP3A4	4036	PLOD2	1
1287	CYP3A4	4357	PYROXD1	1
1287	CYP3A4	4435	RAP1A	1
1287	CYP3A4	4665	RPL5	1
1287	CYP3A4	4757	S1PR2	1
1287	CYP3A4	5125	SNX10	1
1287	CYP3A4	5139	SORBS1	1
1287	CYP3A4	5147	SP100	1
1287	CYP3A4	5329	SYT11	1
1287	CYP3A4	2563	INTS6L	1
1287	CYP3A4	1443	DLAT	1
1287	CYP3A4	1586	EDF1	1
1287	CYP3A4	1694	EPB42	1
1287	CYP3A4	1729	ERMP1	1
1287	CYP3A4	1917	FKBP11	1
1287	CYP3A4	2029	GBP4	1
1287	CYP3A4	2827	LAPTM4B	1
1287	CYP3A4	3192	MORC3	1
1287	CYP3A4	3618	NUDT3	1
1287	CYP3A4	4023	PLEKHM1	1
1287	CYP3A4	4160	PPP1R2	1
1287	CYP3A4	4831	SEL1L	1
1287	CYP3A4	4876	SETMAR	1
1287	CYP3A4	4780	SCAF11	1
1287	CYP3A4	4956	SKP1	1
1287	CYP3A4	5059	SMARCA1	1
1287	CYP3A4	5190	SPTB	1
1287	CYP3A4	5204	SRI	1
1287	CYP3A4	5313	SV2B	1
1287	CYP3A4	5369	TAS2R14	1
1287	CYP3A4	5449	THAP1	1
1287	CYP3A4	5595	TNFRSF9	1
1287	CYP3A4	5881	UCP2	1
1287	CYP3A4	6194	ZNF140	1
1287	CYP3A4	3900	PGAP2	1
1287	CYP3A4	2012	GAPDH	1
1287	CYP3A4	2999	MAML1	1
1287	CYP3A4	3136	MGAT2	1
1287	CYP3A4	4443	RARA	1
1287	CYP3A4	4656	RPL35	1
1287	CYP3A4	4736	RTP4	1
1287	CYP3A4	5488	TLE1	1
1287	CYP3A4	5512	TMEFF1	1
1287	CYP3A4	5690	TRIM24	1
1287	CYP3A4	5709	TRIP11	1
1287	CYP3A4	5858	UBE3A	1
1287	CYP3A4	1610	EHF	1
1287	CYP3A4	2592	ITCH	1
1287	CYP3A4	2636	KAT6A	1
1287	CYP3A4	3510	NKRF	1
1287	CYP3A4	4775	SAT1	1
1287	CYP3A4	5384	TBCCD1	1
1287	CYP3A4	5652	TPM1	1
1287	CYP3A4	1345	DDAH1	1
1287	CYP3A4	2213	GTF2H5	1
1287	CYP3A4	2934	LRRC37A3	1
1287	CYP3A4	4871	SESTD1	1
1287	CYP3A4	5148	SP110	1
1287	CYP3A4	5818	UBA6	1
1287	CYP3A4	6262	ZNF473	1
1287	CYP3A4	1604	EGR3	1
1287	CYP3A4	1932	FLT3LG	1
1287	CYP3A4	4659	RPL36A	1
1287	CYP3A4	2142	GPC5	1
1287	CYP3A4	2303	HIF3A	1
1287	CYP3A4	2662	KCNJ13	1
1287	CYP3A4	4217	PRKCQ	1
1287	CYP3A4	6363	ZP3	1
1287	CYP3A4	2468	IFI16	1
1287	CYP3A4	2523	IL27RA	1
1287	CYP3A4	2529	IL4	1
1287	CYP3A4	5481	TJP1	1
1287	CYP3A4	5727	TROVE2	1
1287	CYP3A4	1882	FCN3	1
1287	CYP3A4	5034	SLC50A1	1
1287	CYP3A4	5433	TFAP2B	1
1287	CYP3A4	4650	RPL21	1
1287	CYP3A4	5947	UTP14A	1
1287	CYP3A4	4175	PPP3CA	1
1287	CYP3A4	3067	MBD4	1
1287	CYP3A4	2584	IRF7	1
1287	CYP3A4	2900	LIPE	1
1287	CYP3A4	3859	PDE4DIP	1
1287	CYP3A4	1315	DBF4	1
1287	CYP3A4	5890	UGT1A7	1
1287	CYP3A4	1988	FZD8	1
1287	CYP3A4	3906	PGLS	1
1287	CYP3A4	3873	PDLIM5	1
1287	CYP3A4	5119	SNTA1	1
1287	CYP3A4	2850	LDLRAD4	1
1287	CYP3A4	4608	RNF213	1
1288	CYP3A5	1985	FZD2	1
1288	CYP3A5	3482	NFATC1	1
1288	CYP3A5	3484	NFATC2IP	1
1288	CYP3A5	3861	PDE6H	1
1288	CYP3A5	4230	PRMT8	1
1288	CYP3A5	4494	RCAN1	1
1288	CYP3A5	4745	RYK	1
1288	CYP3A5	3860	PDE6C	1
1288	CYP3A5	4005	PLCB1	1
1288	CYP3A5	4176	PPP3CB	1
1288	CYP3A5	4495	RCAN2	1
1288	CYP3A5	6043	WNT5A	1
1288	CYP3A5	2533	IL7	1
1288	CYP3A5	5219	SRSF1	1
1288	CYP3A5	3029	MAPK11	1
1288	CYP3A5	1947	FOSL1	1
1288	CYP3A5	2921	LPAR1	1
1288	CYP3A5	1826	FANCF	1
1288	CYP3A5	1848	FBXL14	1
1288	CYP3A5	2287	HECTD3	1
1288	CYP3A5	6078	XRCC6	1
1288	CYP3A5	2224	GTSE1	1
1288	CYP3A5	2243	HACE1	1
1288	CYP3A5	2262	HCFC1	1
1288	CYP3A5	2292	HERC5	1
1288	CYP3A5	2409	HPS1	1
1288	CYP3A5	2537	ILK	1
1288	CYP3A5	2668	KCNQ4	1
1288	CYP3A5	1592	EEPD1	1
1288	CYP3A5	2725	KIF5A	1
1288	CYP3A5	3857	PDE3A	1
1288	CYP3A5	3890	PEX1	1
1288	CYP3A5	4337	PTPRD	1
1288	CYP3A5	4338	PTPRF	1
1288	CYP3A5	4417	RAD9A	1
1288	CYP3A5	3189	MOK	1
1288	CYP3A5	4529	RFC5	1
1288	CYP3A5	4846	SENP1	1
1288	CYP3A5	5083	SMO	1
1288	CYP3A5	5138	SOD2	1
1288	CYP3A5	5361	TAP2	1
1288	CYP3A5	4853	SEP-06	1
1288	CYP3A5	2059	GGCX	1
1288	CYP3A5	2087	GLIPR1	1
1288	CYP3A5	2094	GLT8D1	1
1288	CYP3A5	2330	HIST1H3F	1
1288	CYP3A5	2351	HLA-DRA	1
1288	CYP3A5	2352	HLA-DRB5	1
1288	CYP3A5	2602	ITGB1	1
1288	CYP3A5	3418	NCOA3	1
1288	CYP3A5	3586	NRG2	1
1288	CYP3A5	3684	OR2F1	1
1288	CYP3A5	4036	PLOD2	1
1288	CYP3A5	4357	PYROXD1	1
1288	CYP3A5	4435	RAP1A	1
1288	CYP3A5	4665	RPL5	1
1288	CYP3A5	4757	S1PR2	1
1288	CYP3A5	5125	SNX10	1
1288	CYP3A5	5139	SORBS1	1
1288	CYP3A5	5147	SP100	1
1288	CYP3A5	5329	SYT11	1
1288	CYP3A5	2563	INTS6L	1
1288	CYP3A5	1443	DLAT	1
1288	CYP3A5	1586	EDF1	1
1288	CYP3A5	1694	EPB42	1
1288	CYP3A5	1729	ERMP1	1
1288	CYP3A5	1917	FKBP11	1
1288	CYP3A5	2029	GBP4	1
1288	CYP3A5	2827	LAPTM4B	1
1288	CYP3A5	3192	MORC3	1
1288	CYP3A5	3618	NUDT3	1
1288	CYP3A5	4023	PLEKHM1	1
1288	CYP3A5	4160	PPP1R2	1
1288	CYP3A5	4831	SEL1L	1
1288	CYP3A5	4876	SETMAR	1
1288	CYP3A5	4780	SCAF11	1
1288	CYP3A5	4956	SKP1	1
1288	CYP3A5	5059	SMARCA1	1
1288	CYP3A5	5190	SPTB	1
1288	CYP3A5	5204	SRI	1
1288	CYP3A5	5313	SV2B	1
1288	CYP3A5	5369	TAS2R14	1
1288	CYP3A5	5449	THAP1	1
1288	CYP3A5	5595	TNFRSF9	1
1288	CYP3A5	5881	UCP2	1
1288	CYP3A5	6194	ZNF140	1
1288	CYP3A5	3900	PGAP2	1
1288	CYP3A5	2012	GAPDH	1
1288	CYP3A5	2999	MAML1	1
1288	CYP3A5	3136	MGAT2	1
1288	CYP3A5	4443	RARA	1
1288	CYP3A5	4656	RPL35	1
1288	CYP3A5	4736	RTP4	1
1288	CYP3A5	5488	TLE1	1
1288	CYP3A5	5512	TMEFF1	1
1288	CYP3A5	5690	TRIM24	1
1288	CYP3A5	5709	TRIP11	1
1288	CYP3A5	5858	UBE3A	1
1288	CYP3A5	1610	EHF	1
1288	CYP3A5	2592	ITCH	1
1288	CYP3A5	2636	KAT6A	1
1288	CYP3A5	3510	NKRF	1
1288	CYP3A5	4775	SAT1	1
1288	CYP3A5	5384	TBCCD1	1
1288	CYP3A5	5652	TPM1	1
1288	CYP3A5	1345	DDAH1	1
1288	CYP3A5	2213	GTF2H5	1
1288	CYP3A5	2934	LRRC37A3	1
1288	CYP3A5	4871	SESTD1	1
1288	CYP3A5	5148	SP110	1
1288	CYP3A5	5818	UBA6	1
1288	CYP3A5	6262	ZNF473	1
1288	CYP3A5	1604	EGR3	1
1288	CYP3A5	1932	FLT3LG	1
1288	CYP3A5	4659	RPL36A	1
1288	CYP3A5	2142	GPC5	1
1288	CYP3A5	2303	HIF3A	1
1288	CYP3A5	2662	KCNJ13	1
1288	CYP3A5	4217	PRKCQ	1
1288	CYP3A5	6363	ZP3	1
1288	CYP3A5	2468	IFI16	1
1288	CYP3A5	2523	IL27RA	1
1288	CYP3A5	2529	IL4	1
1288	CYP3A5	5481	TJP1	1
1288	CYP3A5	5727	TROVE2	1
1288	CYP3A5	1882	FCN3	1
1288	CYP3A5	5034	SLC50A1	1
1288	CYP3A5	5433	TFAP2B	1
1288	CYP3A5	4650	RPL21	1
1288	CYP3A5	5947	UTP14A	1
1288	CYP3A5	4175	PPP3CA	1
1288	CYP3A5	3067	MBD4	1
1288	CYP3A5	2584	IRF7	1
1288	CYP3A5	2900	LIPE	1
1288	CYP3A5	3859	PDE4DIP	1
1288	CYP3A5	1315	DBF4	1
1288	CYP3A5	5890	UGT1A7	1
1288	CYP3A5	1988	FZD8	1
1288	CYP3A5	3906	PGLS	1
1288	CYP3A5	3873	PDLIM5	1
1288	CYP3A5	5119	SNTA1	1
1288	CYP3A5	2850	LDLRAD4	1
1288	CYP3A5	4608	RNF213	1
1289	CYP3A7	1985	FZD2	1
1289	CYP3A7	3482	NFATC1	1
1289	CYP3A7	3484	NFATC2IP	1
1289	CYP3A7	3861	PDE6H	1
1289	CYP3A7	4230	PRMT8	1
1289	CYP3A7	4494	RCAN1	1
1289	CYP3A7	4745	RYK	1
1289	CYP3A7	3860	PDE6C	1
1289	CYP3A7	4005	PLCB1	1
1289	CYP3A7	4176	PPP3CB	1
1289	CYP3A7	4495	RCAN2	1
1289	CYP3A7	6043	WNT5A	1
1289	CYP3A7	2533	IL7	1
1289	CYP3A7	5219	SRSF1	1
1289	CYP3A7	3029	MAPK11	1
1289	CYP3A7	1947	FOSL1	1
1289	CYP3A7	2921	LPAR1	1
1289	CYP3A7	1826	FANCF	1
1289	CYP3A7	1848	FBXL14	1
1289	CYP3A7	2287	HECTD3	1
1289	CYP3A7	6078	XRCC6	1
1289	CYP3A7	2224	GTSE1	1
1289	CYP3A7	2243	HACE1	1
1289	CYP3A7	2262	HCFC1	1
1289	CYP3A7	2292	HERC5	1
1289	CYP3A7	2409	HPS1	1
1289	CYP3A7	2537	ILK	1
1289	CYP3A7	2668	KCNQ4	1
1289	CYP3A7	1592	EEPD1	1
1289	CYP3A7	2725	KIF5A	1
1289	CYP3A7	3857	PDE3A	1
1289	CYP3A7	3890	PEX1	1
1289	CYP3A7	4337	PTPRD	1
1289	CYP3A7	4338	PTPRF	1
1289	CYP3A7	4417	RAD9A	1
1289	CYP3A7	3189	MOK	1
1289	CYP3A7	4529	RFC5	1
1289	CYP3A7	4846	SENP1	1
1289	CYP3A7	5083	SMO	1
1289	CYP3A7	5138	SOD2	1
1289	CYP3A7	5361	TAP2	1
1289	CYP3A7	4853	SEP-06	1
1289	CYP3A7	2059	GGCX	1
1289	CYP3A7	2087	GLIPR1	1
1289	CYP3A7	2094	GLT8D1	1
1289	CYP3A7	2330	HIST1H3F	1
1289	CYP3A7	2351	HLA-DRA	1
1289	CYP3A7	2352	HLA-DRB5	1
1289	CYP3A7	2602	ITGB1	1
1289	CYP3A7	3418	NCOA3	1
1289	CYP3A7	3586	NRG2	1
1289	CYP3A7	3684	OR2F1	1
1289	CYP3A7	4036	PLOD2	1
1289	CYP3A7	4357	PYROXD1	1
1289	CYP3A7	4435	RAP1A	1
1289	CYP3A7	4665	RPL5	1
1289	CYP3A7	4757	S1PR2	1
1289	CYP3A7	5125	SNX10	1
1289	CYP3A7	5139	SORBS1	1
1289	CYP3A7	5147	SP100	1
1289	CYP3A7	5329	SYT11	1
1289	CYP3A7	2563	INTS6L	1
1289	CYP3A7	1443	DLAT	1
1289	CYP3A7	1586	EDF1	1
1289	CYP3A7	1694	EPB42	1
1289	CYP3A7	1729	ERMP1	1
1289	CYP3A7	1917	FKBP11	1
1289	CYP3A7	2029	GBP4	1
1289	CYP3A7	2827	LAPTM4B	1
1289	CYP3A7	3192	MORC3	1
1289	CYP3A7	3618	NUDT3	1
1289	CYP3A7	4023	PLEKHM1	1
1289	CYP3A7	4160	PPP1R2	1
1289	CYP3A7	4831	SEL1L	1
1289	CYP3A7	4876	SETMAR	1
1289	CYP3A7	4780	SCAF11	1
1289	CYP3A7	4956	SKP1	1
1289	CYP3A7	5059	SMARCA1	1
1289	CYP3A7	5190	SPTB	1
1289	CYP3A7	5204	SRI	1
1289	CYP3A7	5313	SV2B	1
1289	CYP3A7	5369	TAS2R14	1
1289	CYP3A7	5449	THAP1	1
1289	CYP3A7	5595	TNFRSF9	1
1289	CYP3A7	5881	UCP2	1
1289	CYP3A7	6194	ZNF140	1
1289	CYP3A7	3900	PGAP2	1
1289	CYP3A7	2012	GAPDH	1
1289	CYP3A7	2999	MAML1	1
1289	CYP3A7	3136	MGAT2	1
1289	CYP3A7	4443	RARA	1
1289	CYP3A7	4656	RPL35	1
1289	CYP3A7	4736	RTP4	1
1289	CYP3A7	5488	TLE1	1
1289	CYP3A7	5512	TMEFF1	1
1289	CYP3A7	5690	TRIM24	1
1289	CYP3A7	5709	TRIP11	1
1289	CYP3A7	5858	UBE3A	1
1289	CYP3A7	1610	EHF	1
1289	CYP3A7	2592	ITCH	1
1289	CYP3A7	2636	KAT6A	1
1289	CYP3A7	3510	NKRF	1
1289	CYP3A7	4775	SAT1	1
1289	CYP3A7	5384	TBCCD1	1
1289	CYP3A7	5652	TPM1	1
1289	CYP3A7	1345	DDAH1	1
1289	CYP3A7	2213	GTF2H5	1
1289	CYP3A7	2934	LRRC37A3	1
1289	CYP3A7	4871	SESTD1	1
1289	CYP3A7	5148	SP110	1
1289	CYP3A7	5818	UBA6	1
1289	CYP3A7	6262	ZNF473	1
1289	CYP3A7	1604	EGR3	1
1289	CYP3A7	1932	FLT3LG	1
1289	CYP3A7	4659	RPL36A	1
1289	CYP3A7	2142	GPC5	1
1289	CYP3A7	2303	HIF3A	1
1289	CYP3A7	2662	KCNJ13	1
1289	CYP3A7	4217	PRKCQ	1
1289	CYP3A7	6363	ZP3	1
1289	CYP3A7	2468	IFI16	1
1289	CYP3A7	2523	IL27RA	1
1289	CYP3A7	2529	IL4	1
1289	CYP3A7	5481	TJP1	1
1289	CYP3A7	5727	TROVE2	1
1289	CYP3A7	1882	FCN3	1
1289	CYP3A7	5034	SLC50A1	1
1289	CYP3A7	5433	TFAP2B	1
1289	CYP3A7	4650	RPL21	1
1289	CYP3A7	5947	UTP14A	1
1289	CYP3A7	4175	PPP3CA	1
1289	CYP3A7	3067	MBD4	1
1289	CYP3A7	2584	IRF7	1
1289	CYP3A7	2900	LIPE	1
1289	CYP3A7	3859	PDE4DIP	1
1289	CYP3A7	1315	DBF4	1
1289	CYP3A7	5890	UGT1A7	1
1289	CYP3A7	1988	FZD8	1
1289	CYP3A7	3906	PGLS	1
1289	CYP3A7	3873	PDLIM5	1
1289	CYP3A7	5119	SNTA1	1
1289	CYP3A7	2850	LDLRAD4	1
1289	CYP3A7	4608	RNF213	1
1290	CYR61	3352	MYOF	1
1290	CYR61	3781	PARVA	1
1290	CYR61	1690	EPAS1	1
1290	CYR61	2873	LIF	1
1290	CYR61	4965	SLC12A4	1
1290	CYR61	2837	LATS2	1
1290	CYR61	4740	RUSC2	1
1290	CYR61	5579	TNFAIP1	1
1290	CYR61	1467	DNAJB4	1
1290	CYR61	3375	NAE1	1
1291	CYTH3	5453	THBS1	1
1292	CYTH4	5583	TNFAIP8L2	1
1293	DAB1	3375	NAE1	1
1294	DAB2	2919	LOXL2	1
1294	DAB2	2837	LATS2	1
1294	DAB2	2127	GNS	1
1294	DAB2	2294	HEXB	1
1294	DAB2	5445	TGFBI	1
1295	DAB2IP	3005	MAP1LC3B	1
1295	DAB2IP	3303	MTOR	1
1295	DAB2IP	4696	RPS6KB1	1
1296	DACH1	2411	HRAS	1
1296	DACH1	2781	KRAS	1
1296	DACH1	3579	NRAS	1
1297	DACH2	3375	NAE1	1
1298	DAD1	5506	TMED10	1
1298	DAD1	3375	NAE1	1
1299	DAG1	2682	KDELR3	1
1299	DAG1	5185	SPR	1
1299	DAG1	3137	MGAT4B	1
1299	DAG1	2411	HRAS	1
1299	DAG1	2781	KRAS	1
1299	DAG1	3579	NRAS	1
1299	DAG1	3375	NAE1	1
1300	DAP	3375	NAE1	1
1301	DAP3	3247	MRPL9	1
1301	DAP3	3375	NAE1	1
1302	DAPK1	3632	NUP62	1
1302	DAPK1	3774	PARP1	1
1302	DAPK1	3375	NAE1	1
1303	DAPK2	1330	DCK	1
1303	DAPK2	4708	RRM1	1
1303	DAPK2	5807	TYMS	1
1303	DAPK2	5003	SLC29A1	1
1303	DAPK2	5002	SLC28A1	1
1303	DAPK2	5004	SLC29A2	1
1303	DAPK2	3375	NAE1	1
1304	DAPK3	3375	NAE1	1
1305	DAPL1	3375	NAE1	1
1306	DAPP1	4839	SEMA4A	1
1307	DARS2	4559	RIDA	1
1307	DARS2	3222	MRPL13	1
1307	DARS2	3442	NDUFB5	1
1307	DARS2	4847	SENP2	1
1308	DAXX	1567	E2F3	1
1308	DAXX	3375	NAE1	1
1309	DAZ2	3375	NAE1	1
1310	DAZ3	3375	NAE1	1
1311	DAZ4	3375	NAE1	1
1312	DAZAP1	2839	LBR	1
1312	DAZAP1	4581	RMND5A	1
1312	DAZAP1	3878	PDSS1	1
1312	DAZAP1	2689	KDM4B	1
1312	DAZAP1	3416	NCLN	1
1312	DAZAP1	4594	RNF126	1
1313	DAZAP2	1447	DLG1	1
1314	DAZL	3375	NAE1	1
1315	DBF4	5918	USP1	1
1315	DBF4	3292	MTF2	1
1315	DBF4	1760	EXOSC9	1
1315	DBF4	1767	EZH2	1
1315	DBF4	4124	POP7	1
1315	DBF4	4998	SLC25A40	1
1315	DBF4	3715	ORM1	1
1315	DBF4	4320	PTGS1	1
1315	DBF4	2733	KIT	1
1315	DBF4	4519	RET	1
1315	DBF4	3607	NTRK1	1
1315	DBF4	3866	PDGFRA	1
1315	DBF4	1351	DDR1	1
1315	DBF4	3867	PDGFRB	1
1315	DBF4	4975	SLC22A1	1
1315	DBF4	4978	SLC22A2	1
1316	DBNL	6094	YKT6	1
1317	DBT	2411	HRAS	1
1317	DBT	2781	KRAS	1
1317	DBT	3579	NRAS	1
1318	DCAF1	1376	DDX55	1
1318	DCAF1	2411	HRAS	1
1318	DCAF1	2781	KRAS	1
1318	DCAF1	3579	NRAS	1
1319	DCAF11	2801	L2HGDH	1
1319	DCAF11	4471	RBM23	1
1320	DCAF12	4581	RMND5A	1
1321	DCAF13	2411	HRAS	1
1321	DCAF13	2781	KRAS	1
1321	DCAF13	3579	NRAS	1
1322	DCAF15	4097	POLR1B	1
1322	DCAF15	2189	GRK6	1
1322	DCAF15	1565	E2F1	1
1322	DCAF15	1834	FARSA	1
1322	DCAF15	2536	ILF3	1
1322	DCAF15	4454	RAVER1	1
1322	DCAF15	5905	UPF1	1
1322	DCAF15	6347	ZNF787	1
1324	DCAF5	6095	YLPM1	1
1325	DCAF7	1366	DDX42	1
1325	DCAF7	2964	LUC7L3	1
1325	DCAF7	3101	MED13	1
1325	DCAF7	3300	MTMR4	1
1325	DCAF7	4090	POLG2	1
1325	DCAF7	5066	SMARCD2	1
1326	DCAF8L2	2411	HRAS	1
1326	DCAF8L2	2781	KRAS	1
1326	DCAF8L2	3579	NRAS	1
1327	DCBLD2	1972	FSTL1	1
1327	DCBLD2	3343	MYLK	1
1327	DCBLD2	3935	PHLDB2	1
1327	DCBLD2	2411	HRAS	1
1327	DCBLD2	2781	KRAS	1
1327	DCBLD2	3579	NRAS	1
1328	DCC	3326	MYC	1
1328	DCC	3375	NAE1	1
1329	DCDC2	2411	HRAS	1
1329	DCDC2	2781	KRAS	1
1329	DCDC2	3579	NRAS	1
1330	DCK	5070	SMC3	1
1330	DCK	5352	TAF5	1
1330	DCK	3585	NRF1	1
1330	DCK	1737	ESPL1	1
1330	DCK	1645	ELF2	1
1330	DCK	5484	TK2	1
1330	DCK	5287	STYXL1	1
1330	DCK	5808	TYRO3	1
1330	DCK	4573	RIPK2	1
1330	DCK	3025	MAP4K5	1
1330	DCK	3039	MAPKAP1	1
1330	DCK	3040	MAPKAPK2	1
1330	DCK	5606	TNNI3K	1
1330	DCK	2699	KHK	1
1330	DCK	3469	NEK6	1
1330	DCK	3752	PAK1	1
1330	DCK	2612	ITPKC	1
1330	DCK	2915	LMTK2	1
1330	DCK	3012	MAP2K7	1
1330	DCK	4221	PRKD2	1
1330	DCK	5268	STK33	1
1330	DCK	5991	VRK3	1
1330	DCK	3875	PDPK1	1
1330	DCK	1891	FER	1
1330	DCK	2693	KDR	1
1330	DCK	3041	MAPKAPK3	1
1330	DCK	5171	SPHK1	1
1330	DCK	4572	RIPK1	1
1330	DCK	3020	MAP3K7	1
1330	DCK	5105	SNRK	1
1330	DCK	1930	FLT1	1
1330	DCK	5264	STK17A	1
1330	DCK	2309	HIPK1	1
1330	DCK	3940	PI4K2A	1
1330	DCK	4210	PRKAG3	1
1330	DCK	2189	GRK6	1
1330	DCK	4032	PLK3	1
1330	DCK	1451	DLGAP4	1
1330	DCK	1553	DVL2	1
1330	DCK	1697	EPHA1	1
1330	DCK	1976	FURIN	1
1330	DCK	2653	KCND1	1
1330	DCK	3013	MAP3K1	1
1330	DCK	3028	MAPK10	1
1330	DCK	3991	PKN2	1
1330	DCK	4282	PSMB10	1
1330	DCK	4284	PSMB4	1
1330	DCK	4465	RBM12	1
1330	DCK	4589	RNASEL	1
1330	DCK	4708	RRM1	1
1330	DCK	5007	SLC30A2	1
1330	DCK	5056	SMAD4	1
1330	DCK	5254	STAT4	1
1330	DCK	5602	TNK1	1
1330	DCK	4222	PRKD3	1
1330	DCK	5359	TAOK3	1
1330	DCK	1699	EPHB1	1
1330	DCK	3990	PKMYT1	1
1330	DCK	2265	HCK	1
1330	DCK	6042	WNK4	1
1330	DCK	4698	RPS6KL1	1
1330	DCK	1406	DGKA	1
1330	DCK	5335	TAB2	1
1330	DCK	2995	MAGI3	1
1330	DCK	3765	PANK2	1
1330	DCK	3050	MARK1	1
1330	DCK	5880	UCK1	1
1330	DCK	3988	PKIA	1
1330	DCK	4574	RIPK4	1
1331	DCLK2	2411	HRAS	1
1331	DCLK2	2781	KRAS	1
1331	DCLK2	3579	NRAS	1
1332	DCLK3	2411	HRAS	1
1332	DCLK3	2781	KRAS	1
1332	DCLK3	3579	NRAS	1
1333	DCLRE1A	2411	HRAS	1
1333	DCLRE1A	2781	KRAS	1
1333	DCLRE1A	3579	NRAS	1
1333	DCLRE1A	3375	NAE1	1
1334	DCLRE1B	3375	NAE1	1
1335	DCLRE1C	3170	MLLT10	1
1335	DCLRE1C	6239	ZNF33A	1
1335	DCLRE1C	3375	NAE1	1
1336	DCTN1	1989	FZR1	1
1336	DCTN1	3066	MBD3	1
1336	DCTN1	3104	MED16	1
1336	DCTN1	3150	MIER2	1
1336	DCTN1	3416	NCLN	1
1336	DCTN1	3945	PIAS4	1
1336	DCTN1	4432	RANBP3	1
1336	DCTN1	5076	SMG6	1
1336	DCTN1	1378	DDX6	1
1336	DCTN1	4912	SGTA	1
1336	DCTN1	5610	TNPO2	1
1336	DCTN1	1433	DIP2A	1
1337	DCTN3	2411	HRAS	1
1337	DCTN3	2781	KRAS	1
1337	DCTN3	3579	NRAS	1
1338	DCTN4	1443	DLAT	1
1338	DCTN4	4569	RIOK2	1
1338	DCTN4	6081	YAF2	1
1338	DCTN4	2411	HRAS	1
1338	DCTN4	2781	KRAS	1
1338	DCTN4	3579	NRAS	1
1339	DCTN6	4369	RAB1A	1
1340	DCTPP1	5538	TMEM186	1
1341	DCUN1D1	3130	MFN1	1
1343	DCX	2411	HRAS	1
1343	DCX	2781	KRAS	1
1343	DCX	3579	NRAS	1
1344	DCXR	2411	HRAS	1
1344	DCXR	2781	KRAS	1
1344	DCXR	3579	NRAS	1
1345	DDAH1	3715	ORM1	1
1345	DDAH1	4320	PTGS1	1
1345	DDAH1	2733	KIT	1
1345	DDAH1	4519	RET	1
1345	DDAH1	3607	NTRK1	1
1345	DDAH1	3866	PDGFRA	1
1345	DDAH1	1351	DDR1	1
1345	DDAH1	3867	PDGFRB	1
1345	DDAH1	4975	SLC22A1	1
1345	DDAH1	4978	SLC22A2	1
1346	DDB1	3774	PARP1	1
1346	DDB1	6057	XAB2	1
1346	DDB1	3375	NAE1	1
1347	DDB2	3375	NAE1	1
1348	DDI1	3375	NAE1	1
1349	DDIT3	4772	SARS	1
1349	DDIT3	6071	XPOT	1
1350	DDOST	3741	P4HB	1
1351	DDR1	4257	PRR5	1
1351	DDR1	2739	KLF5	1
1351	DDR1	3888	PERP	1
1351	DDR1	4012	PLEK2	1
1351	DDR1	4339	PTPRK	1
1351	DDR1	1985	FZD2	1
1351	DDR1	3482	NFATC1	1
1351	DDR1	3484	NFATC2IP	1
1351	DDR1	3861	PDE6H	1
1351	DDR1	4175	PPP3CA	1
1351	DDR1	4230	PRMT8	1
1351	DDR1	4494	RCAN1	1
1351	DDR1	4745	RYK	1
1351	DDR1	3860	PDE6C	1
1351	DDR1	4005	PLCB1	1
1351	DDR1	4176	PPP3CB	1
1351	DDR1	4495	RCAN2	1
1351	DDR1	6043	WNT5A	1
1351	DDR1	2533	IL7	1
1351	DDR1	5219	SRSF1	1
1351	DDR1	3029	MAPK11	1
1351	DDR1	1947	FOSL1	1
1351	DDR1	4853	SEP-06	1
1351	DDR1	2059	GGCX	1
1351	DDR1	2087	GLIPR1	1
1351	DDR1	2094	GLT8D1	1
1351	DDR1	2330	HIST1H3F	1
1351	DDR1	2351	HLA-DRA	1
1351	DDR1	2352	HLA-DRB5	1
1351	DDR1	2602	ITGB1	1
1351	DDR1	3418	NCOA3	1
1351	DDR1	3586	NRG2	1
1351	DDR1	3684	OR2F1	1
1351	DDR1	4036	PLOD2	1
1351	DDR1	4357	PYROXD1	1
1351	DDR1	4435	RAP1A	1
1351	DDR1	4665	RPL5	1
1351	DDR1	4757	S1PR2	1
1351	DDR1	5125	SNX10	1
1351	DDR1	5139	SORBS1	1
1351	DDR1	5147	SP100	1
1351	DDR1	5329	SYT11	1
1351	DDR1	2563	INTS6L	1
1351	DDR1	1443	DLAT	1
1351	DDR1	1586	EDF1	1
1351	DDR1	1694	EPB42	1
1351	DDR1	1729	ERMP1	1
1351	DDR1	1917	FKBP11	1
1351	DDR1	2029	GBP4	1
1351	DDR1	2827	LAPTM4B	1
1351	DDR1	3192	MORC3	1
1351	DDR1	3618	NUDT3	1
1351	DDR1	4023	PLEKHM1	1
1351	DDR1	4160	PPP1R2	1
1351	DDR1	4831	SEL1L	1
1351	DDR1	4876	SETMAR	1
1351	DDR1	4780	SCAF11	1
1351	DDR1	4956	SKP1	1
1351	DDR1	5059	SMARCA1	1
1351	DDR1	5190	SPTB	1
1351	DDR1	5204	SRI	1
1351	DDR1	5313	SV2B	1
1351	DDR1	5369	TAS2R14	1
1351	DDR1	5449	THAP1	1
1351	DDR1	5595	TNFRSF9	1
1351	DDR1	5881	UCP2	1
1351	DDR1	6194	ZNF140	1
1351	DDR1	3900	PGAP2	1
1351	DDR1	2012	GAPDH	1
1351	DDR1	2999	MAML1	1
1351	DDR1	3136	MGAT2	1
1351	DDR1	4443	RARA	1
1351	DDR1	4656	RPL35	1
1351	DDR1	4736	RTP4	1
1351	DDR1	5488	TLE1	1
1351	DDR1	5512	TMEFF1	1
1351	DDR1	5690	TRIM24	1
1351	DDR1	5709	TRIP11	1
1351	DDR1	5858	UBE3A	1
1351	DDR1	1610	EHF	1
1351	DDR1	2592	ITCH	1
1351	DDR1	2636	KAT6A	1
1351	DDR1	3510	NKRF	1
1351	DDR1	4775	SAT1	1
1351	DDR1	5384	TBCCD1	1
1351	DDR1	5652	TPM1	1
1351	DDR1	2213	GTF2H5	1
1351	DDR1	2934	LRRC37A3	1
1351	DDR1	4871	SESTD1	1
1351	DDR1	5148	SP110	1
1351	DDR1	5818	UBA6	1
1351	DDR1	6262	ZNF473	1
1351	DDR1	1604	EGR3	1
1351	DDR1	1932	FLT3LG	1
1351	DDR1	4659	RPL36A	1
1351	DDR1	2142	GPC5	1
1351	DDR1	2303	HIF3A	1
1351	DDR1	2662	KCNJ13	1
1351	DDR1	4217	PRKCQ	1
1351	DDR1	6363	ZP3	1
1351	DDR1	2468	IFI16	1
1351	DDR1	2523	IL27RA	1
1351	DDR1	2529	IL4	1
1351	DDR1	5481	TJP1	1
1351	DDR1	5727	TROVE2	1
1351	DDR1	1882	FCN3	1
1351	DDR1	5034	SLC50A1	1
1351	DDR1	5433	TFAP2B	1
1351	DDR1	4650	RPL21	1
1351	DDR1	5947	UTP14A	1
1351	DDR1	3067	MBD4	1
1351	DDR1	2584	IRF7	1
1351	DDR1	2900	LIPE	1
1351	DDR1	3859	PDE4DIP	1
1351	DDR1	5890	UGT1A7	1
1351	DDR1	1988	FZD8	1
1351	DDR1	3906	PGLS	1
1351	DDR1	3873	PDLIM5	1
1351	DDR1	5119	SNTA1	1
1351	DDR1	2850	LDLRAD4	1
1352	DDR2	5060	SMARCA2	1
1352	DDR2	5061	SMARCA4	1
1352	DDR2	1600	EGFR	1
1352	DDR2	1904	FGFR1	1
1354	DDX1	3407	NCBP1	1
1354	DDX1	4296	PSMD12	1
1356	DDX11	4468	RBM15	1
1356	DDX11	4508	RECQL4	1
1356	DDX11	4463	RBL1	1
1356	DDX11	4203	PRIM1	1
1356	DDX11	5471	TIMELESS	1
1357	DDX18	2437	HSPD1	1
1357	DDX18	5224	SSB	1
1357	DDX18	6077	XRCC5	1
1358	DDX21	3424	NDC1	1
1358	DDX21	3251	MRPS16	1
1358	DDX21	2411	HRAS	1
1358	DDX21	2781	KRAS	1
1358	DDX21	3579	NRAS	1
1359	DDX23	5726	TROAP	1
1360	DDX24	2092	GLRX5	1
1361	DDX28	5366	TARS2	1
1361	DDX28	2057	GGA2	1
1361	DDX28	5919	USP10	1
1361	DDX28	6225	ZNF276	1
1362	DDX31	5101	SNHG7	1
1363	DDX39B	2411	HRAS	1
1363	DDX39B	2781	KRAS	1
1363	DDX39B	3579	NRAS	1
1364	DDX3X	4405	RAD23B	1
1364	DDX3X	2038	GDE1	1
1364	DDX3X	6344	ZNF780A	1
1365	DDX41	5412	TCOF1	1
1365	DDX41	3375	NAE1	1
1366	DDX42	3099	MED1	1
1366	DDX42	2411	HRAS	1
1366	DDX42	2781	KRAS	1
1366	DDX42	3579	NRAS	1
1367	DDX43	2411	HRAS	1
1367	DDX43	2781	KRAS	1
1367	DDX43	3579	NRAS	1
1368	DDX46	2378	HNRNPC	1
1368	DDX46	5660	TRA2B	1
1368	DDX46	2380	HNRNPD	1
1368	DDX46	2411	HRAS	1
1368	DDX46	2781	KRAS	1
1368	DDX46	3579	NRAS	1
1369	DDX47	6084	YARS2	1
1370	DDX49	5812	U2AF2	1
1370	DDX49	5905	UPF1	1
1370	DDX49	3375	NAE1	1
1372	DDX50	2384	HNRNPH3	1
1372	DDX50	3597	NSMCE4A	1
1373	DDX51	2033	GCDH	1
1373	DDX51	3786	PATZ1	1
1373	DDX51	4135	PPAN	1
1373	DDX51	5458	THOP1	1
1373	DDX51	4348	PUS1	1
1374	DDX52	2411	HRAS	1
1374	DDX52	2781	KRAS	1
1374	DDX52	3579	NRAS	1
1375	DDX54	3661	OGFOD2	1
1375	DDX54	3549	NOP2	1
1376	DDX55	2782	KRI1	1
1376	DDX55	4529	RFC5	1
1377	DDX56	1621	EIF3B	1
1377	DDX56	3252	MRPS17	1
1377	DDX56	3614	NUDCD3	1
1378	DDX6	6136	ZC3H7B	1
1378	DDX6	5077	SMG7	1
1379	DDX60	2346	HLA-B	1
1380	DDX60L	3776	PARP14	1
1381	DEDD	5923	USP21	1
1381	DEDD	3375	NAE1	1
1382	DEDD2	3375	NAE1	1
1384	DEFA5	2411	HRAS	1
1384	DEFA5	2781	KRAS	1
1384	DEFA5	3579	NRAS	1
1385	DEFB118	2090	GLP1R	1
1385	DEFB118	2394	HOXB1	1
1385	DEFB118	2411	HRAS	1
1385	DEFB118	2781	KRAS	1
1385	DEFB118	3579	NRAS	1
1387	DEK	2364	HMGN1	1
1387	DEK	5071	SMC4	1
1388	DENND1C	5959	VAV1	1
1389	DENND4A	4664	RPL4	1
1390	DENND4B	1567	E2F3	1
1391	DENND5B	3579	NRAS	1
1391	DENND5B	2411	HRAS	1
1391	DENND5B	2781	KRAS	1
1392	DEPDC1	4415	RAD54L	1
1392	DEPDC1	4408	RAD51AP1	1
1392	DEPDC1	3116	MELK	1
1393	DEPDC5	3320	MYB	1
1394	DERL1	4600	RNF139	1
1394	DERL1	4847	SENP2	1
1394	DERL1	1663	EMC2	1
1395	DERL2	3375	NAE1	1
1396	DERL3	3375	NAE1	1
1397	DES	2411	HRAS	1
1397	DES	2781	KRAS	1
1397	DES	3579	NRAS	1
1398	DET1	2411	HRAS	1
1398	DET1	2781	KRAS	1
1398	DET1	3579	NRAS	1
1398	DET1	3375	NAE1	1
1399	DFFA	3375	NAE1	1
1400	DFFB	6109	ZBED4	1
1400	DFFB	3375	NAE1	1
1401	DFNA5	5967	VEGFC	1
1401	DFNA5	4865	SERPINE1	1
1401	DFNA5	5657	TPST1	1
1402	DFNB59	2411	HRAS	1
1402	DFNB59	2781	KRAS	1
1402	DFNB59	3579	NRAS	1
1403	DGAT2L6	3375	NAE1	1
1404	DGCR14	6136	ZC3H7B	1
1404	DGCR14	2411	HRAS	1
1404	DGCR14	2781	KRAS	1
1404	DGCR14	3579	NRAS	1
1404	DGCR14	3375	NAE1	1
1406	DGKA	4708	RRM1	1
1406	DGKA	5807	TYMS	1
1406	DGKA	5003	SLC29A1	1
1406	DGKA	5002	SLC28A1	1
1406	DGKA	5004	SLC29A2	1
1407	DGKI	2411	HRAS	1
1407	DGKI	2781	KRAS	1
1407	DGKI	3579	NRAS	1
1408	DGKZ	3375	NAE1	1
1410	DHCR24	3375	NAE1	1
1411	DHFR	4579	RMI1	1
1411	DHFR	5069	SMC2	1
1411	DHFR	3375	NAE1	1
1411	DHFR	3270	MSH2	1
1414	DHRS7	1752	EXOC5	1
1414	DHRS7	3326	MYC	1
1415	DHRS7C	2411	HRAS	1
1415	DHRS7C	2781	KRAS	1
1415	DHRS7C	3579	NRAS	1
1416	DHTKD1	6074	XRCC2	1
1417	DHX15	4405	RAD23B	1
1417	DHX15	3231	MRPL3	1
1417	DHX15	3438	NDUFAF4	1
1417	DHX15	3959	PIK3CA	1
1417	DHX15	2411	HRAS	1
1417	DHX15	2781	KRAS	1
1417	DHX15	3579	NRAS	1
1417	DHX15	3375	NAE1	1
1418	DHX29	3186	MOCS2	1
1418	DHX29	3448	NDUFS4	1
1418	DHX29	5356	TAF9	1
1418	DHX29	3326	MYC	1
1419	DHX30	6312	ZNF668	1
1419	DHX30	2411	HRAS	1
1419	DHX30	2781	KRAS	1
1419	DHX30	3579	NRAS	1
1420	DHX32	2504	IL13RA1	1
1420	DHX32	4748	S100A11	1
1421	DHX34	1758	EXOSC5	1
1421	DHX34	5276	STRN4	1
1421	DHX34	6285	ZNF574	1
1422	DHX35	4001	PLAGL2	1
1423	DHX38	4886	SF3B3	1
1423	DHX38	2411	HRAS	1
1423	DHX38	2781	KRAS	1
1423	DHX38	3579	NRAS	1
1424	DHX58	3326	MYC	1
1425	DHX8	2781	KRAS	1
1426	DHX9	3838	PCNA	1
1426	DHX9	3519	NME1	1
1426	DHX9	1736	ESCO2	1
1426	DHX9	4033	PLK4	1
1426	DHX9	2411	HRAS	1
1426	DHX9	2781	KRAS	1
1426	DHX9	3579	NRAS	1
1427	DIABLO	3326	MYC	1
1427	DIABLO	6060	XIAP	1
1427	DIABLO	3375	NAE1	1
1428	DIAPH2	3326	MYC	1
1429	DIAPH3	2414	HRH4	1
1430	DICER1	2411	HRAS	1
1430	DICER1	2781	KRAS	1
1430	DICER1	3579	NRAS	1
1430	DICER1	5639	TP53	1
1431	DIDO1	2411	HRAS	1
1431	DIDO1	2781	KRAS	1
1431	DIDO1	3579	NRAS	1
1431	DIDO1	3375	NAE1	1
1432	DIEXF	2411	HRAS	1
1432	DIEXF	2781	KRAS	1
1432	DIEXF	3579	NRAS	1
1433	DIP2A	4893	SFTPB	1
1433	DIP2A	3018	MAP3K3	1
1433	DIP2A	6339	ZNF771	1
1433	DIP2A	5096	SNAPC4	1
1434	DIP2B	3326	MYC	1
1435	DIRC1	3375	NAE1	1
1436	DIRC2	5970	VHL	1
1436	DIRC2	2165	GPRC5A	1
1436	DIRC2	4046	PLXNA1	1
1436	DIRC2	3008	MAP2K1	1
1437	DIS3	2411	HRAS	1
1437	DIS3	2781	KRAS	1
1437	DIS3	3579	NRAS	1
1438	DIS3L	3777	PARP16	1
1439	DISP1	3326	MYC	1
1440	DIXDC1	2411	HRAS	1
1440	DIXDC1	2781	KRAS	1
1440	DIXDC1	3579	NRAS	1
1441	DKC1	2411	HRAS	1
1441	DKC1	2781	KRAS	1
1441	DKC1	3579	NRAS	1
1442	DKK3	5027	SLC39A13	1
1443	DLAT	5225	SSBP1	1
1443	DLAT	2068	GIN1	1
1443	DLAT	5192	SPTLC1	1
1443	DLAT	6070	XPO7	1
1443	DLAT	4110	POLR2K	1
1443	DLAT	3438	NDUFAF4	1
1443	DLAT	3222	MRPL13	1
1443	DLAT	2242	HACD3	1
1443	DLAT	2437	HSPD1	1
1443	DLAT	3388	NARS2	1
1443	DLAT	5525	TMEM135	1
1443	DLAT	3715	ORM1	1
1443	DLAT	4320	PTGS1	1
1443	DLAT	2733	KIT	1
1443	DLAT	4519	RET	1
1443	DLAT	3607	NTRK1	1
1443	DLAT	3866	PDGFRA	1
1443	DLAT	3867	PDGFRB	1
1443	DLAT	4975	SLC22A1	1
1443	DLAT	4978	SLC22A2	1
1443	DLAT	3375	NAE1	1
1444	DLD	5289	SUCLA2	1
1444	DLD	4401	RAD17	1
1444	DLD	3049	MAR-07	1
1444	DLD	3258	MRPS28	1
1444	DLD	2453	IARS2	1
1444	DLD	1463	DNAJA2	1
1444	DLD	1728	ERLIN1	1
1444	DLD	3438	NDUFAF4	1
1444	DLD	4696	RPS6KB1	1
1444	DLD	2963	LUC7L2	1
1444	DLD	4202	PRELID3B	1
1445	DLEC1	2090	GLP1R	1
1446	DLEU2	2411	HRAS	1
1446	DLEU2	2781	KRAS	1
1446	DLEU2	3579	NRAS	1
1447	DLG1	1468	DNAJB6	1
1447	DLG1	2091	GLRX3	1
1447	DLG1	2382	HNRNPF	1
1447	DLG1	5874	UBXN4	1
1447	DLG1	1987	FZD6	1
1447	DLG1	4232	PRNP	1
1448	DLG4	2411	HRAS	1
1448	DLG4	2781	KRAS	1
1448	DLG4	3579	NRAS	1
1449	DLG5	4907	SGPL1	1
1450	DLGAP1	3375	NAE1	1
1451	DLGAP4	2537	ILK	1
1451	DLGAP4	4708	RRM1	1
1451	DLGAP4	5807	TYMS	1
1451	DLGAP4	5003	SLC29A1	1
1451	DLGAP4	5002	SLC28A1	1
1451	DLGAP4	5004	SLC29A2	1
1452	DLGAP5	5780	TUBA3D	1
1452	DLGAP5	3323	MYBL2	1
1452	DLGAP5	2375	HNRNPA2B1	1
1452	DLGAP5	3615	NUDT1	1
1452	DLGAP5	3778	PARP2	1
1452	DLGAP5	5417	TDP1	1
1452	DLGAP5	3793	PBK	1
1452	DLGAP5	3083	MCM6	1
1453	DMC1	3375	NAE1	1
1454	DMKN	4157	PPP1R13L	1
1455	DMP1	4091	POLH	1
1455	DMP1	4628	ROS1	1
1455	DMP1	6080	XYLB	1
1455	DMP1	2768	KMT2D	1
1455	DMP1	3326	MYC	1
1456	DMTF1	5718	TRMT13	1
1457	DMWD	3375	NAE1	1
1458	DNA2	2536	ILF3	1
1458	DNA2	6186	ZNF107	1
1458	DNA2	3838	PCNA	1
1458	DNA2	3161	MKI67	1
1458	DNA2	1767	EZH2	1
1458	DNA2	3375	NAE1	1
1459	DNAAF5	1621	EIF3B	1
1460	DNAH1	3413	NCKAP1L	1
1461	DNAH11	3326	MYC	1
1462	DNAH6	3375	NAE1	1
1463	DNAJA2	4301	PSMD6	1
1463	DNAJA2	2378	HNRNPC	1
1463	DNAJA2	3250	MRPS15	1
1463	DNAJA2	3073	MBTPS1	1
1463	DNAJA2	3375	NAE1	1
1464	DNAJB1	1603	EGR2	1
1464	DNAJB1	4223	PRKDC	1
1464	DNAJB1	2431	HSPA4	1
1464	DNAJB1	2626	JUN	1
1464	DNAJB1	3571	NR1D1	1
1465	DNAJB2	2411	HRAS	1
1465	DNAJB2	2781	KRAS	1
1465	DNAJB2	3579	NRAS	1
1466	DNAJB3	3375	NAE1	1
1468	DNAJB6	2096	GLUD1	1
1468	DNAJB6	3105	MED17	1
1468	DNAJB6	3893	PEX2	1
1468	DNAJB6	4386	RAB5A	1
1468	DNAJB6	5389	TBL1XR1	1
1468	DNAJB6	1728	ERLIN1	1
1468	DNAJB6	3020	MAP3K7	1
1468	DNAJB6	2592	ITCH	1
1468	DNAJB6	3044	MAPRE1	1
1469	DNAJB8	2411	HRAS	1
1469	DNAJB8	2781	KRAS	1
1469	DNAJB8	3579	NRAS	1
1470	DNAJC10	6003	WASHC4	1
1470	DNAJC10	5917	USO1	1
1470	DNAJC10	4847	SENP2	1
1470	DNAJC10	3130	MFN1	1
1470	DNAJC10	3486	NFE2L2	1
1470	DNAJC10	5874	UBXN4	1
1471	DNAJC11	2411	HRAS	1
1471	DNAJC11	2781	KRAS	1
1471	DNAJC11	3579	NRAS	1
1472	DNAJC21	4400	RAD1	1
1473	DNAJC25-GNG10	5192	SPTLC1	1
1474	DNAJC30	1838	FASTK	1
1475	DNAJC5G	2411	HRAS	1
1475	DNAJC5G	2781	KRAS	1
1475	DNAJC5G	3579	NRAS	1
1476	DNAJC6	2411	HRAS	1
1476	DNAJC6	2781	KRAS	1
1476	DNAJC6	3579	NRAS	1
1477	DNAJC7	4304	PSME3	1
1478	DNAJC8	1764	EYA3	1
1478	DNAJC8	3612	NUDC	1
1478	DNAJC8	4163	PPP1R8	1
1478	DNAJC8	5548	TMEM222	1
1478	DNAJC8	5557	TMEM39B	1
1478	DNAJC8	5724	TRNAU1AP	1
1478	DNAJC8	5799	TXLNA	1
1478	DNAJC8	5938	USP48	1
1478	DNAJC8	6114	ZBTB17	1
1479	DNASE1	3375	NAE1	1
1480	DNASE1L1	2411	HRAS	1
1480	DNASE1L1	2781	KRAS	1
1480	DNASE1L1	3579	NRAS	1
1481	DNASE1L2	1569	E4F1	1
1481	DNASE1L2	2962	LUC7L	1
1481	DNASE1L2	3139	MGRN1	1
1481	DNASE1L2	3875	PDPK1	1
1481	DNASE1L2	5863	UBN1	1
1482	DNASE1L3	3375	NAE1	1
1483	DNASE2	3375	NAE1	1
1484	DNHD1	3326	MYC	1
1485	DNM1L	5128	SNX2	1
1485	DNM1L	4277	PSMA3	1
1485	DNM1L	3904	PGGT1B	1
1485	DNM1L	5389	TBL1XR1	1
1485	DNM1L	3231	MRPL3	1
1485	DNM1L	4847	SENP2	1
1486	DNM2	1796	FAM193B	1
1486	DNM2	3066	MBD3	1
1487	DNM3	2411	HRAS	1
1487	DNM3	2781	KRAS	1
1487	DNM3	3579	NRAS	1
1488	DNMT1	2604	ITGB3BP	1
1488	DNMT1	2696	KHDRBS1	1
1488	DNMT1	3485	NFATC3	1
1488	DNMT1	3292	MTF2	1
1488	DNMT1	5063	SMARCB1	1
1488	DNMT1	5259	STIL	1
1488	DNMT1	2222	GTPBP3	1
1488	DNMT1	4432	RANBP3	1
1488	DNMT1	3375	NAE1	1
1489	DNMT3B	3375	NAE1	1
1490	DNPEP	2411	HRAS	1
1490	DNPEP	2781	KRAS	1
1490	DNPEP	3579	NRAS	1
1491	DNTT	4644	RPL13A	1
1491	DNTT	5585	TNFRSF10B	1
1491	DNTT	4099	POLR2A	1
1491	DNTT	5225	SSBP1	1
1491	DNTT	3303	MTOR	1
1491	DNTT	1600	EGFR	1
1491	DNTT	3501	NHP2	1
1491	DNTT	2315	HIST1H2AE	1
1491	DNTT	2482	IGF1	1
1491	DNTT	3093	MDM2	1
1491	DNTT	4083	POLD4	1
1491	DNTT	4417	RAD9A	1
1491	DNTT	4870	SESN2	1
1491	DNTT	6046	WRAP53	1
1491	DNTT	1714	ERCC1	1
1491	DNTT	2210	GTF2H1	1
1491	DNTT	4708	RRM1	1
1491	DNTT	4407	RAD51	1
1491	DNTT	4491	RBX1	1
1491	DNTT	4511	RELA	1
1491	DNTT	6116	ZBTB32	1
1491	DNTT	4081	POLD1	1
1491	DNTT	4086	POLE	1
1491	DNTT	4150	PPM1D	1
1491	DNTT	2693	KDR	1
1491	DNTT	3774	PARP1	1
1491	DNTT	4094	POLM	1
1491	DNTT	5918	USP1	1
1491	DNTT	2489	IGHMBP2	1
1491	DNTT	3030	MAPK12	1
1491	DNTT	3285	MT1X	1
1491	DNTT	4061	PMS2	1
1491	DNTT	4405	RAD23B	1
1491	DNTT	5903	UNG	1
1491	DNTT	6074	XRCC2	1
1491	DNTT	2485	IGFBP3	1
1491	DNTT	3778	PARP2	1
1491	DNTT	2334	HIST1H4A	1
1491	DNTT	3375	NAE1	1
1492	DNTTIP1	5825	UBE2C	1
1492	DNTTIP1	6370	ZSWIM1	1
1492	DNTTIP1	2411	HRAS	1
1492	DNTTIP1	2781	KRAS	1
1492	DNTTIP1	3579	NRAS	1
1493	DOCK1	5129	SNX21	1
1493	DOCK1	3375	NAE1	1
1494	DOCK10	2411	HRAS	1
1494	DOCK10	2781	KRAS	1
1494	DOCK10	3579	NRAS	1
1495	DOCK5	2411	HRAS	1
1495	DOCK5	2781	KRAS	1
1495	DOCK5	3579	NRAS	1
1496	DOK6	3375	NAE1	1
1498	DOLPP1	2219	GTF3C5	1
1499	DONSON	4528	RFC4	1
1499	DONSON	6372	ZWILCH	1
1499	DONSON	5658	TPX2	1
1499	DONSON	3375	NAE1	1
1500	DOT1L	4467	RBM14	1
1501	DPAGT1	5021	SLC37A4	1
1501	DPAGT1	4612	RNF26	1
1501	DPAGT1	2411	HRAS	1
1501	DPAGT1	2781	KRAS	1
1501	DPAGT1	3579	NRAS	1
1502	DPEP2	4940	SIGLEC7	1
1503	DPF2	3375	NAE1	1
1504	DPH1	2411	HRAS	1
1504	DPH1	2781	KRAS	1
1504	DPH1	3579	NRAS	1
1505	DPH2	4143	PPIH	1
1506	DPM1	3187	MOCS3	1
1508	DPP9	3375	NAE1	1
1509	DPPA3	2411	HRAS	1
1509	DPPA3	2781	KRAS	1
1509	DPPA3	3579	NRAS	1
1510	DPY19L4	4323	PTK2	1
1511	DPYS	3375	NAE1	1
1512	DPYSL2	4066	PNMA2	1
1514	DRAM1	2411	HRAS	1
1514	DRAM1	2781	KRAS	1
1514	DRAM1	3579	NRAS	1
1515	DRAP1	4917	SH3BGRL3	1
1516	DRD4	3375	NAE1	1
1517	DRG1	2803	L3MBTL2	1
1517	DRG1	4881	SF3A1	1
1518	DSC1	2411	HRAS	1
1518	DSC1	2781	KRAS	1
1518	DSC1	3579	NRAS	1
1519	DSC2	1651	ELMO3	1
1520	DSCAM	2411	HRAS	1
1520	DSCAM	2781	KRAS	1
1520	DSCAM	3579	NRAS	1
1521	DSCC1	1565	E2F1	1
1521	DSCC1	3080	MCM3	1
1521	DSCC1	3838	PCNA	1
1521	DSCC1	5660	TRA2B	1
1521	DSCC1	3222	MRPL13	1
1521	DSCC1	3290	MTBP	1
1521	DSCC1	3445	NDUFB9	1
1521	DSCC1	3613	NUDCD1	1
1521	DSCC1	4403	RAD21	1
1521	DSCC1	5350	TAF2	1
1521	DSCC1	5950	UTP23	1
1521	DSCC1	3639	NUSAP1	1
1522	DSCR3	3518	NMD3	1
1522	DSCR3	4803	SCYL2	1
1522	DSCR3	1752	EXOC5	1
1523	DSCR4	3375	NAE1	1
1524	DSG2	5602	TNK1	1
1524	DSG2	2790	KRT6B	1
1524	DSG2	1771	F2RL1	1
1524	DSG2	2165	GPRC5A	1
1524	DSG2	2795	KRT80	1
1524	DSG2	4237	PROSER2	1
1525	DSN1	5471	TIMELESS	1
1526	DSP	5481	TJP1	1
1526	DSP	4219	PRKCZ	1
1526	DSP	1771	F2RL1	1
1526	DSP	1768	F11R	1
1526	DSP	3888	PERP	1
1527	DSPP	5406	TCF21	1
1528	DSTN	1790	FAM114A1	1
1528	DSTN	5652	TPM1	1
1528	DSTN	5445	TGFBI	1
1528	DSTN	2681	KDELR2	1
1528	DSTN	4323	PTK2	1
1528	DSTN	4551	RHEB	1
1529	DSTYK	2411	HRAS	1
1529	DSTYK	2781	KRAS	1
1529	DSTYK	3579	NRAS	1
1530	DTD1	3326	MYC	1
1531	DTL	1565	E2F1	1
1531	DTL	4082	POLD3	1
1531	DTL	2387	HNRNPU	1
1531	DTL	4528	RFC4	1
1531	DTL	5635	TOPBP1	1
1531	DTL	6315	ZNF672	1
1531	DTL	1828	FANCI	1
1531	DTL	4192	PRC1	1
1531	DTL	3375	NAE1	1
1532	DTNBP1	3623	NUP153	1
1533	DTWD2	3375	NAE1	1
1534	DTX3L	3375	NAE1	1
1535	DTX4	2411	HRAS	1
1535	DTX4	2781	KRAS	1
1535	DTX4	3579	NRAS	1
1536	DTYMK	5639	TP53	1
1537	DUS1L	3246	MRPL58	1
1538	DUS2	3326	MYC	1
1539	DUS3L	2385	HNRNPM	1
1539	DUS3L	4594	RNF126	1
1541	DUSP13	3375	NAE1	1
1543	DUSP16	2411	HRAS	1
1543	DUSP16	2781	KRAS	1
1543	DUSP16	3579	NRAS	1
1544	DUSP2	2411	HRAS	1
1544	DUSP2	2781	KRAS	1
1544	DUSP2	3579	NRAS	1
1545	DUSP22	2411	HRAS	1
1545	DUSP22	2781	KRAS	1
1545	DUSP22	3579	NRAS	1
1545	DUSP22	3375	NAE1	1
1547	DUSP5	3375	NAE1	1
1548	DUSP6	3375	NAE1	1
1549	DUSP7	1600	EGFR	1
1550	DUSP9	3375	NAE1	1
1551	DUT	6030	WDR76	1
1551	DUT	5807	TYMS	1
1551	DUT	5469	TICRR	1
1552	DVL1P1	2411	HRAS	1
1552	DVL1P1	2781	KRAS	1
1552	DVL1P1	3579	NRAS	1
1552	DVL1P1	3326	MYC	1
1553	DVL2	4708	RRM1	1
1553	DVL2	5807	TYMS	1
1553	DVL2	5003	SLC29A1	1
1553	DVL2	5002	SLC28A1	1
1553	DVL2	5004	SLC29A2	1
1553	DVL2	3375	NAE1	1
1554	DVL3	2411	HRAS	1
1554	DVL3	2781	KRAS	1
1554	DVL3	3579	NRAS	1
1555	DYDC2	3375	NAE1	1
1556	DYM	5802	TXNL1	1
1557	DYNC1LI1	3128	METTL6	1
1557	DYNC1LI1	3164	MKRN2	1
1557	DYNC1LI1	3166	MLH1	1
1557	DYNC1LI1	4402	RAD18	1
1558	DYNLL1	5472	TIMM17A	1
1559	DYNLL2	2411	HRAS	1
1559	DYNLL2	2781	KRAS	1
1559	DYNLL2	3579	NRAS	1
1560	DYNLRB1	2411	HRAS	1
1560	DYNLRB1	2781	KRAS	1
1560	DYNLRB1	3579	NRAS	1
1561	DYNLT3	2411	HRAS	1
1561	DYNLT3	2781	KRAS	1
1561	DYNLT3	3579	NRAS	1
1562	DYRK2	2310	HIPK2	1
1562	DYRK2	3093	MDM2	1
1562	DYRK2	3094	MDM4	1
1562	DYRK2	5639	TP53	1
1564	DZIP1L	3375	NAE1	1
1565	E2F1	6027	WDR62	1
1565	E2F1	1567	E2F3	1
1565	E2F1	4456	RB1	1
1565	E2F1	3094	MDM4	1
1565	E2F1	3843	PDC	1
1565	E2F1	4056	PML	1
1565	E2F1	4328	PTPA	1
1565	E2F1	3774	PARP1	1
1565	E2F1	2720	KIF20B	1
1565	E2F1	1566	E2F2	1
1565	E2F1	2235	H1FX	1
1565	E2F1	3084	MCM7	1
1565	E2F1	5779	TUBA1B	1
1565	E2F1	5825	UBE2C	1
1565	E2F1	1954	FOXM1	1
1565	E2F1	4463	RBL1	1
1565	E2F1	5571	TMEM97	1
1565	E2F1	5343	TAF1	1
1565	E2F1	5639	TP53	1
1565	E2F1	3375	NAE1	1
1566	E2F2	3843	PDC	1
1566	E2F2	6223	ZNF273	1
1567	E2F3	5639	TP53	1
1567	E2F3	2727	KIFC1	1
1567	E2F3	3623	NUP153	1
1567	E2F3	4456	RB1	1
1567	E2F3	3375	NAE1	1
1568	E2F8	2362	HMGB1	1
1568	E2F8	1824	FANCD2	1
1569	E4F1	6057	XAB2	1
1569	E4F1	3064	MAZ	1
1569	E4F1	5941	USP7	1
1569	E4F1	6266	ZNF500	1
1569	E4F1	2216	GTF3C1	1
1569	E4F1	3262	MRPS34	1
1569	E4F1	3875	PDPK1	1
1569	E4F1	3910	PGP	1
1569	E4F1	3982	PKD1	1
1569	E4F1	4627	RNPS1	1
1569	E4F1	5189	SPSB3	1
1569	E4F1	5424	TELO2	1
1569	E4F1	5736	TSC2	1
1569	E4F1	5863	UBN1	1
1569	E4F1	3375	NAE1	1
1570	EAF1	5632	TOP2B	1
1570	EAF1	6024	WDR48	1
1570	EAF1	2411	HRAS	1
1570	EAF1	2781	KRAS	1
1570	EAF1	3579	NRAS	1
1570	EAF1	3326	MYC	1
1571	EAF2	4001	PLAGL2	1
1571	EAF2	4458	RBBP4	1
1572	EAPP	1860	FBXO34	1
1573	EBAG9	3326	MYC	1
1573	EBAG9	3375	NAE1	1
1574	EBNA1BP2	2431	HSPA4	1
1575	ECD	2091	GLRX3	1
1575	ECD	3326	MYC	1
1576	ECE2	3326	MYC	1
1577	ECH1	2411	HRAS	1
1577	ECH1	2781	KRAS	1
1577	ECH1	3579	NRAS	1
1578	ECHDC1	5225	SSBP1	1
1578	ECHDC1	4856	SERINC1	1
1579	ECHS1	3375	NAE1	1
1580	ECSIT	6033	WDR83	1
1581	ECT2	3793	PBK	1
1581	ECT2	4398	RACGAP1	1
1581	ECT2	5658	TPX2	1
1581	ECT2	5825	UBE2C	1
1581	ECT2	4456	RB1	1
1582	EDA2R	2411	HRAS	1
1582	EDA2R	2781	KRAS	1
1582	EDA2R	3579	NRAS	1
1583	EDAR	3375	NAE1	1
1584	EDC4	4464	RBM10	1
1584	EDC4	2632	KARS	1
1584	EDC4	5426	TERF2	1
1584	EDC4	6237	ZNF335	1
1586	EDF1	1870	FBXW5	1
1586	EDF1	3715	ORM1	1
1586	EDF1	4320	PTGS1	1
1586	EDF1	2733	KIT	1
1586	EDF1	4519	RET	1
1586	EDF1	3607	NTRK1	1
1586	EDF1	3866	PDGFRA	1
1586	EDF1	3867	PDGFRB	1
1586	EDF1	4975	SLC22A1	1
1586	EDF1	4978	SLC22A2	1
1587	EDN1	4141	PPIC	1
1587	EDN1	2739	KLF5	1
1587	EDN1	5793	TUFT1	1
1588	EDRF1	5352	TAF5	1
1589	EEF1A1	3381	NAP1L1	1
1589	EEF1A1	2411	HRAS	1
1589	EEF1A1	2781	KRAS	1
1589	EEF1A1	3579	NRAS	1
1590	EEF1D	4354	PYCR3	1
1590	EEF1D	3375	NAE1	1
1591	EEF1E1	5655	TPRKB	1
1591	EEF1E1	2437	HSPD1	1
1591	EEF1E1	3360	NAA15	1
1591	EEF1E1	3518	NMD3	1
1592	EEPD1	2781	KRAS	1
1592	EEPD1	3579	NRAS	1
1592	EEPD1	5783	TUBB1	1
1592	EEPD1	3573	NR1I2	1
1592	EEPD1	3022	MAP4	1
1592	EEPD1	3007	MAP2	1
1592	EEPD1	3045	MAPT	1
1592	EEPD1	5042	SLCO1B3	1
1592	EEPD1	2411	HRAS	1
1593	EFCAB12	2411	HRAS	1
1593	EFCAB12	2781	KRAS	1
1593	EFCAB12	3579	NRAS	1
1594	EFEMP1	3724	OSMR	1
1594	EFEMP1	1762	EXT1	1
1594	EFEMP1	3935	PHLDB2	1
1595	EFL1	2411	HRAS	1
1595	EFL1	2781	KRAS	1
1595	EFL1	3579	NRAS	1
1595	EFL1	3326	MYC	1
1596	EFNA1	3026	MAP7	1
1596	EFNA1	2192	GRTP1	1
1596	EFNA1	5485	TLCD1	1
1597	EFNB2	2739	KLF5	1
1597	EFNB2	2411	HRAS	1
1597	EFNB2	2781	KRAS	1
1597	EFNB2	3579	NRAS	1
1599	EGF	1600	EGFR	1
1599	EGF	3027	MAPK1	1
1599	EGF	4693	RPS6KA2	1
1600	EGFR	2297	HGF	1
1600	EGFR	3077	MCL1	1
1600	EGFR	1710	ERBB2	1
1600	EGFR	3959	PIK3CA	1
1600	EGFR	5060	SMARCA2	1
1600	EGFR	5061	SMARCA4	1
1600	EGFR	4456	RB1	1
1600	EGFR	2411	HRAS	1
1600	EGFR	2733	KIT	1
1600	EGFR	3326	MYC	1
1600	EGFR	4328	PTPA	1
1600	EGFR	3724	OSMR	1
1600	EGFR	1700	EPHB2	1
1600	EGFR	1774	F3	1
1600	EGFR	2028	GBP3	1
1600	EGFR	2177	GRAMD2B	1
1600	EGFR	2705	KIAA1522	1
1600	EGFR	2861	LEPROT	1
1600	EGFR	4011	PLEC	1
1600	EGFR	4338	PTPRF	1
1600	EGFR	4549	RHBDL2	1
1600	EGFR	4807	SDC4	1
1600	EGFR	4890	SFN	1
1600	EGFR	5055	SMAD3	1
1600	EGFR	5215	SRPX2	1
1600	EGFR	5493	TM4SF1	1
1600	EGFR	3027	MAPK1	1
1600	EGFR	5639	TP53	1
1600	EGFR	1904	FGFR1	1
1600	EGFR	4214	PRKCA	1
1600	EGFR	4644	RPL13A	1
1600	EGFR	5225	SSBP1	1
1600	EGFR	5585	TNFRSF10B	1
1600	EGFR	4407	RAD51	1
1600	EGFR	5918	USP1	1
1600	EGFR	3093	MDM2	1
1600	EGFR	4708	RRM1	1
1600	EGFR	4491	RBX1	1
1600	EGFR	2482	IGF1	1
1600	EGFR	4083	POLD4	1
1600	EGFR	4086	POLE	1
1600	EGFR	4099	POLR2A	1
1600	EGFR	2210	GTF2H1	1
1600	EGFR	2334	HIST1H4A	1
1600	EGFR	3501	NHP2	1
1600	EGFR	4061	PMS2	1
1600	EGFR	5903	UNG	1
1600	EGFR	2315	HIST1H2AE	1
1600	EGFR	4511	RELA	1
1600	EGFR	6046	WRAP53	1
1600	EGFR	6116	ZBTB32	1
1600	EGFR	2489	IGHMBP2	1
1600	EGFR	4870	SESN2	1
1600	EGFR	4094	POLM	1
1600	EGFR	1714	ERCC1	1
1600	EGFR	2693	KDR	1
1600	EGFR	4081	POLD1	1
1600	EGFR	4150	PPM1D	1
1600	EGFR	4417	RAD9A	1
1600	EGFR	6074	XRCC2	1
1600	EGFR	3030	MAPK12	1
1600	EGFR	3285	MT1X	1
1600	EGFR	4405	RAD23B	1
1600	EGFR	1835	FAS	1
1600	EGFR	2276	HDAC9	1
1600	EGFR	2706	KIAA1524	1
1600	EGFR	4693	RPS6KA2	1
1600	EGFR	3303	MTOR	1
1600	EGFR	2485	IGFBP3	1
1600	EGFR	3778	PARP2	1
1600	EGFR	1711	ERBB3	1
1600	EGFR	3774	PARP1	1
1600	EGFR	5253	STAT3	1
1600	EGFR	2781	KRAS	1
1600	EGFR	4208	PRKACB	1
1600	EGFR	4215	PRKCD	1
1600	EGFR	4216	PRKCE	1
1600	EGFR	4219	PRKCZ	1
1600	EGFR	1905	FGFR2	1
1600	EGFR	3962	PIK3R1	1
1600	EGFR	3963	PIK3R2	1
1600	EGFR	4519	RET	1
1600	EGFR	4695	RPS6KA5	1
1600	EGFR	5054	SMAD2	1
1600	EGFR	4915	SH2D3C	1
1600	EGFR	4926	SHC1	1
1600	EGFR	3277	MSMO1	1
1600	EGFR	3461	NEDD9	1
1600	EGFR	3554	NOTCH1	1
1601	EGLN3	3375	NAE1	1
1602	EGR1	1946	FOSB	1
1602	EGR1	2451	IAPP	1
1602	EGR1	5639	TP53	1
1602	EGR1	2041	GDF15	1
1602	EGR1	3326	MYC	1
1603	EGR2	4223	PRKDC	1
1603	EGR2	2431	HSPA4	1
1603	EGR2	2626	JUN	1
1603	EGR2	3571	NR1D1	1
1604	EGR3	3715	ORM1	1
1604	EGR3	4320	PTGS1	1
1604	EGR3	2733	KIT	1
1604	EGR3	4519	RET	1
1604	EGR3	3607	NTRK1	1
1604	EGR3	3866	PDGFRA	1
1604	EGR3	3867	PDGFRB	1
1604	EGR3	4975	SLC22A1	1
1604	EGR3	4978	SLC22A2	1
1605	EHBP1	5534	TMEM17	1
1608	EHD2	2873	LIF	1
1608	EHD2	3347	MYO1C	1
1609	EHD4	3375	NAE1	1
1610	EHF	2180	GRHL1	1
1610	EHF	5340	TACSTD2	1
1610	EHF	2814	LAMB3	1
1610	EHF	2077	GJB2	1
1610	EHF	1646	ELF3	1
1610	EHF	4556	RHOD	1
1610	EHF	3715	ORM1	1
1610	EHF	4320	PTGS1	1
1610	EHF	2733	KIT	1
1610	EHF	4519	RET	1
1610	EHF	3607	NTRK1	1
1610	EHF	3866	PDGFRA	1
1610	EHF	3867	PDGFRB	1
1610	EHF	4975	SLC22A1	1
1610	EHF	4978	SLC22A2	1
1611	EHMT1	2219	GTF3C5	1
1611	EHMT1	5769	TTF1	1
1611	EHMT1	6025	WDR5	1
1612	EHMT2	2965	LY6G5B	1
1612	EHMT2	5691	TRIM27	1
1612	EHMT2	5726	TROAP	1
1613	EI24	3375	NAE1	1
1614	EIF2A	3375	NAE1	1
1615	EIF2AK2	3650	OAS3	1
1615	EIF2AK2	2411	HRAS	1
1615	EIF2AK2	2781	KRAS	1
1615	EIF2AK2	3579	NRAS	1
1615	EIF2AK2	3375	NAE1	1
1616	EIF2B1	4602	RNF146	1
1616	EIF2B1	4642	RPL11	1
1616	EIF2B1	2148	GPN3	1
1617	EIF2S1	3375	NAE1	1
1618	EIF2S2	2411	HRAS	1
1618	EIF2S2	2781	KRAS	1
1618	EIF2S2	3579	NRAS	1
1619	EIF2S3	5128	SNX2	1
1619	EIF2S3	1674	EML4	1
1619	EIF2S3	3074	MBTPS2	1
1620	EIF3A	2411	HRAS	1
1620	EIF3A	2781	KRAS	1
1620	EIF3A	3579	NRAS	1
1621	EIF3B	5392	TBRG4	1
1622	EIF3C	2411	HRAS	1
1622	EIF3C	2781	KRAS	1
1622	EIF3C	3579	NRAS	1
1623	EIF3E	4680	RPS16	1
1623	EIF3E	2411	HRAS	1
1623	EIF3E	2781	KRAS	1
1623	EIF3E	3579	NRAS	1
1624	EIF3F	3579	NRAS	1
1624	EIF3F	2411	HRAS	1
1624	EIF3F	2781	KRAS	1
1625	EIF3G	2411	HRAS	1
1625	EIF3G	2781	KRAS	1
1625	EIF3G	3579	NRAS	1
1625	EIF3G	3375	NAE1	1
1626	EIF3H	5868	UBR5	1
1627	EIF3J	5914	URI1	1
1628	EIF3K	1758	EXOSC5	1
1628	EIF3K	4676	RPS11	1
1629	EIF4A1	3375	NAE1	1
1630	EIF4A2	3375	NAE1	1
1631	EIF4A3	2411	HRAS	1
1631	EIF4A3	2781	KRAS	1
1631	EIF4A3	3579	NRAS	1
1632	EIF4E	2434	HSPB2	1
1632	EIF4E	1900	FGF2	1
1632	EIF4E	3326	MYC	1
1632	EIF4E	3303	MTOR	1
1633	EIF4E2	3326	MYC	1
1634	EIF4EBP1	3375	NAE1	1
1634	EIF4EBP1	3326	MYC	1
1635	EIF4G1	2411	HRAS	1
1635	EIF4G1	2781	KRAS	1
1635	EIF4G1	3579	NRAS	1
1636	EIF4G2	2242	HACD3	1
1636	EIF4G2	2411	HRAS	1
1636	EIF4G2	2781	KRAS	1
1636	EIF4G2	3579	NRAS	1
1637	EIF4H	4567	RINT1	1
1638	EIF5	6169	ZFYVE21	1
1638	EIF5	4277	PSMA3	1
1639	EIF5A	4369	RAB1A	1
1639	EIF5A	3375	NAE1	1
1640	EIF5A2	2411	HRAS	1
1640	EIF5A2	2781	KRAS	1
1640	EIF5A2	3579	NRAS	1
1641	EIF5AL1	3375	NAE1	1
1642	EIF5B	3552	NOP58	1
1643	ELAVL1	4465	RBM12	1
1643	ELAVL1	2385	HNRNPM	1
1644	ELF1	2577	IRAK4	1
1645	ELF2	6098	YTHDC1	1
1646	ELF3	5485	TLCD1	1
1646	ELF3	2998	MAL2	1
1646	ELF3	4014	PLEKHA6	1
1646	ELF3	4266	PRSS8	1
1646	ELF3	4748	S100A11	1
1646	ELF3	5758	TSTD1	1
1646	ELF3	5793	TUFT1	1
1646	ELF3	2544	INAVA	1
1647	ELFN2	3375	NAE1	1
1648	ELL	2411	HRAS	1
1648	ELL	2781	KRAS	1
1648	ELL	3579	NRAS	1
1649	ELMO1	3375	NAE1	1
1650	ELMO2	3375	NAE1	1
1651	ELMO3	3457	NECTIN4	1
1651	ELMO3	5295	SULT2B1	1
1651	ELMO3	4890	SFN	1
1651	ELMO3	3375	NAE1	1
1652	ELMOD1	3326	MYC	1
1652	ELMOD1	3375	NAE1	1
1653	ELOA	2411	HRAS	1
1653	ELOA	2781	KRAS	1
1653	ELOA	3579	NRAS	1
1654	ELOC	6153	ZFAND1	1
1654	ELOC	4457	RB1CC1	1
1655	ELOF1	1834	FARSA	1
1656	ELOVL1	4011	PLEC	1
1657	ELOVL3	2411	HRAS	1
1657	ELOVL3	2781	KRAS	1
1657	ELOVL3	3579	NRAS	1
1658	ELOVL7	2411	HRAS	1
1658	ELOVL7	2781	KRAS	1
1658	ELOVL7	3579	NRAS	1
1659	ELP1	4244	PRPF4	1
1659	ELP1	2781	KRAS	1
1659	ELP1	3579	NRAS	1
1659	ELP1	2411	HRAS	1
1660	ELP3	5696	TRIM35	1
1660	ELP3	4168	PPP2R2A	1
1661	ELP4	3326	MYC	1
1662	ELP5	2196	GSG2	1
1662	ELP5	2411	HRAS	1
1662	ELP5	2781	KRAS	1
1662	ELP5	3579	NRAS	1
1663	EMC2	2038	GDE1	1
1663	EMC2	5495	TM9SF2	1
1665	EMC6	4604	RNF167	1
1666	EMC7	3375	NAE1	1
1667	EMC8	4101	POLR2C	1
1668	EMD	2464	IDH3G	1
1668	EMD	2256	HAUS7	1
1669	EME1	3375	NAE1	1
1670	EMG1	2411	HRAS	1
1670	EMG1	2781	KRAS	1
1670	EMG1	3579	NRAS	1
1671	EMID1	2411	HRAS	1
1671	EMID1	2781	KRAS	1
1671	EMID1	3579	NRAS	1
1672	EML1	1893	FERMT2	1
1673	EML3	3015	MAP3K11	1
1674	EML4	4955	SKIV2L2	1
1674	EML4	6124	ZBTB6	1
1675	EMP1	1911	FHL2	1
1675	EMP1	2284	HEBP1	1
1675	EMP1	4366	RAB11FIP5	1
1675	EMP1	5590	TNFRSF1A	1
1675	EMP1	2924	LPP	1
1676	EMP3	2864	LGALS1	1
1677	EMX1	2654	KCND3	1
1678	ENDOG	3436	NDUFA8	1
1678	ENDOG	3375	NAE1	1
1679	ENO1	6081	YAF2	1
1679	ENO1	4559	RIDA	1
1679	ENO1	4708	RRM1	1
1679	ENO1	5509	TMED5	1
1680	ENO2	5281	STX2	1
1681	ENOPH1	1752	EXOC5	1
1681	ENOPH1	3224	MRPL18	1
1681	ENOPH1	2380	HNRNPD	1
1682	ENPP1	3375	NAE1	1
1683	ENPP4	2411	HRAS	1
1683	ENPP4	2781	KRAS	1
1683	ENPP4	3579	NRAS	1
1684	ENPP5	1696	EPCAM	1
1684	ENPP5	2411	HRAS	1
1684	ENPP5	2781	KRAS	1
1684	ENPP5	3579	NRAS	1
1687	ENY2	2251	HAUS1	1
1687	ENY2	4559	RIDA	1
1687	ENY2	4993	SLC25A32	1
1688	EP300	3375	NAE1	1
1689	EP400	3375	NAE1	1
1690	EPAS1	2826	LAPTM4A	1
1691	EPB41	5157	SPAST	1
1691	EPB41	4761	SAFB	1
1692	EPB41L1	4014	PLEKHA6	1
1692	EPB41L1	4807	SDC4	1
1693	EPB41L4B	2411	HRAS	1
1693	EPB41L4B	2781	KRAS	1
1693	EPB41L4B	3579	NRAS	1
1694	EPB42	3715	ORM1	1
1694	EPB42	4320	PTGS1	1
1694	EPB42	2733	KIT	1
1694	EPB42	4519	RET	1
1694	EPB42	3607	NTRK1	1
1694	EPB42	3866	PDGFRA	1
1694	EPB42	3867	PDGFRB	1
1694	EPB42	4975	SLC22A1	1
1694	EPB42	4978	SLC22A2	1
1694	EPB42	3375	NAE1	1
1695	EPC1	3375	NAE1	1
1696	EPCAM	2507	IL17RB	1
1696	EPCAM	3562	NPNT	1
1696	EPCAM	2817	LAMC2	1
1696	EPCAM	2904	LLGL2	1
1696	EPCAM	3160	MISP	1
1697	EPHA1	5394	TC2N	1
1697	EPHA1	5479	TINAGL1	1
1697	EPHA1	5258	STEAP4	1
1697	EPHA1	4708	RRM1	1
1697	EPHA1	5807	TYMS	1
1697	EPHA1	5003	SLC29A1	1
1697	EPHA1	5002	SLC28A1	1
1697	EPHA1	5004	SLC29A2	1
1698	EPHA2	4006	PLCD3	1
1698	EPHA2	4862	SERPINB6	1
1698	EPHA2	5091	SMURF2	1
1698	EPHA2	4752	S100A2	1
1698	EPHA2	4031	PLK2	1
1698	EPHA2	5228	SSH3	1
1698	EPHA2	5793	TUFT1	1
1699	EPHB1	2411	HRAS	1
1699	EPHB1	2781	KRAS	1
1699	EPHB1	3579	NRAS	1
1699	EPHB1	4708	RRM1	1
1699	EPHB1	5807	TYMS	1
1699	EPHB1	5003	SLC29A1	1
1699	EPHB1	5002	SLC28A1	1
1699	EPHB1	5004	SLC29A2	1
1702	EPHX3	3375	NAE1	1
1703	EPN3	2811	LAMA5	1
1704	EPRS	2411	HRAS	1
1704	EPRS	2781	KRAS	1
1704	EPRS	3579	NRAS	1
1705	EPS15L1	5610	TNPO2	1
1706	EPS8	2504	IL13RA1	1
1706	EPS8	5795	TWF1	1
1706	EPS8	2411	HRAS	1
1706	EPS8	2781	KRAS	1
1706	EPS8	3579	NRAS	1
1707	EPS8L1	1984	FXYD3	1
1707	EPS8L1	2760	KLK6	1
1707	EPS8L1	4258	PRRG2	1
1707	EPS8L1	5180	SPINT2	1
1707	EPS8L1	2411	HRAS	1
1707	EPS8L1	2781	KRAS	1
1707	EPS8L1	3579	NRAS	1
1708	EPS8L2	2814	LAMB3	1
1708	EPS8L2	3026	MAP7	1
1710	ERBB2	3326	MYC	1
1710	ERBB2	3774	PARP1	1
1710	ERBB2	3912	PGR	1
1710	ERBB2	3027	MAPK1	1
1710	ERBB2	3959	PIK3CA	1
1710	ERBB2	1837	FASN	1
1710	ERBB2	5639	TP53	1
1710	ERBB2	3117	MEMO1	1
1710	ERBB2	4007	PLCG1	1
1710	ERBB2	4971	SLC16A5	1
1710	ERBB2	2179	GRB7	1
1710	ERBB2	3901	PGAP3	1
1711	ERBB3	2390	HOOK2	1
1711	ERBB3	3326	MYC	1
1712	ERBIN	2411	HRAS	1
1712	ERBIN	2781	KRAS	1
1712	ERBIN	3579	NRAS	1
1713	ERC2-IT1	3326	MYC	1
1714	ERCC1	4644	RPL13A	1
1714	ERCC1	2482	IGF1	1
1714	ERCC1	5225	SSBP1	1
1714	ERCC1	4083	POLD4	1
1714	ERCC1	4081	POLD1	1
1714	ERCC1	2693	KDR	1
1714	ERCC1	4150	PPM1D	1
1714	ERCC1	4417	RAD9A	1
1714	ERCC1	3093	MDM2	1
1714	ERCC1	4708	RRM1	1
1714	ERCC1	4061	PMS2	1
1714	ERCC1	3030	MAPK12	1
1714	ERCC1	3303	MTOR	1
1714	ERCC1	4407	RAD51	1
1714	ERCC1	2210	GTF2H1	1
1714	ERCC1	4099	POLR2A	1
1714	ERCC1	4491	RBX1	1
1714	ERCC1	2334	HIST1H4A	1
1714	ERCC1	3774	PARP1	1
1714	ERCC1	4405	RAD23B	1
1714	ERCC1	6046	WRAP53	1
1714	ERCC1	3501	NHP2	1
1714	ERCC1	4870	SESN2	1
1714	ERCC1	5585	TNFRSF10B	1
1714	ERCC1	5918	USP1	1
1714	ERCC1	6116	ZBTB32	1
1714	ERCC1	2315	HIST1H2AE	1
1714	ERCC1	2485	IGFBP3	1
1714	ERCC1	4086	POLE	1
1714	ERCC1	4094	POLM	1
1714	ERCC1	3285	MT1X	1
1714	ERCC1	3778	PARP2	1
1714	ERCC1	5903	UNG	1
1714	ERCC1	6074	XRCC2	1
1714	ERCC1	2489	IGHMBP2	1
1714	ERCC1	4511	RELA	1
1714	ERCC1	3375	NAE1	1
1715	ERCC2	3375	NAE1	1
1716	ERCC3	3375	NAE1	1
1717	ERCC4	3375	NAE1	1
1718	ERCC5	3375	NAE1	1
1719	ERCC6	3375	NAE1	1
1720	ERCC6L	2411	HRAS	1
1720	ERCC6L	2781	KRAS	1
1720	ERCC6L	3579	NRAS	1
1720	ERCC6L	3375	NAE1	1
1721	ERCC6L2	3579	NRAS	1
1721	ERCC6L2	2411	HRAS	1
1721	ERCC6L2	2781	KRAS	1
1722	ERCC8	4955	SKIV2L2	1
1722	ERCC8	3375	NAE1	1
1723	EREG	3166	MLH1	1
1723	EREG	3326	MYC	1
1723	EREG	3959	PIK3CA	1
1723	EREG	3960	PIK3CB	1
1723	EREG	5480	TIPARP	1
1724	ERGIC2	5274	STRAP	1
1724	ERGIC2	2411	HRAS	1
1724	ERGIC2	2781	KRAS	1
1724	ERGIC2	3579	NRAS	1
1725	ERGIC3	3955	PIGT	1
1726	ERH	5123	SNW1	1
1726	ERH	2411	HRAS	1
1726	ERH	2781	KRAS	1
1726	ERH	3579	NRAS	1
1727	ERI2	4524	REXO5	1
1728	ERLIN1	2453	IARS2	1
1728	ERLIN1	5261	STIP1	1
1728	ERLIN1	5979	VPS26A	1
1728	ERLIN1	3047	MAR-05	1
1728	ERLIN1	4200	PRDX3	1
1728	ERLIN1	3375	NAE1	1
1729	ERMP1	3715	ORM1	1
1729	ERMP1	4320	PTGS1	1
1729	ERMP1	2733	KIT	1
1729	ERMP1	4519	RET	1
1729	ERMP1	3607	NTRK1	1
1729	ERMP1	3866	PDGFRA	1
1729	ERMP1	3867	PDGFRB	1
1729	ERMP1	4975	SLC22A1	1
1729	ERMP1	4978	SLC22A2	1
1730	ERN1	3375	NAE1	1
1731	ERN2	6136	ZC3H7B	1
1731	ERN2	2411	HRAS	1
1731	ERN2	2781	KRAS	1
1731	ERN2	3579	NRAS	1
1732	ERO1A	2817	LAMC2	1
1732	ERO1A	3375	NAE1	1
1733	ERO1B	3375	NAE1	1
1734	ERP44	3375	NAE1	1
1735	ERRFI1	1947	FOSL1	1
1736	ESCO2	3838	PCNA	1
1737	ESPL1	4398	RACGAP1	1
1737	ESPL1	4846	SENP1	1
1737	ESPL1	2775	KNTC1	1
1737	ESPL1	5270	STMN1	1
1737	ESPL1	3375	NAE1	1
1739	ESR1	2036	GCM2	1
1739	ESR1	3334	MYH2	1
1739	ESR1	3959	PIK3CA	1
1740	ESR2	2411	HRAS	1
1740	ESR2	2781	KRAS	1
1740	ESR2	3579	NRAS	1
1741	ESRP1	2666	KCNK1	1
1741	ESRP1	2998	MAL2	1
1741	ESRP1	4750	S100A14	1
1742	ESRP2	5498	TMC4	1
1742	ESRP2	4324	PTK6	1
1743	ESRRA	4503	RDH13	1
1744	ESRRB	2411	HRAS	1
1744	ESRRB	2781	KRAS	1
1744	ESRRB	3579	NRAS	1
1744	ESRRB	3375	NAE1	1
1745	ETFBKMT	3579	NRAS	1
1745	ETFBKMT	2411	HRAS	1
1745	ETFBKMT	2781	KRAS	1
1747	EVC2	2411	HRAS	1
1747	EVC2	2781	KRAS	1
1747	EVC2	3579	NRAS	1
1748	EVPL	1903	FGFBP1	1
1748	EVPL	5482	TJP3	1
1748	EVPL	5745	TSPAN1	1
1748	EVPL	2705	KIAA1522	1
1748	EVPL	1816	FAM84B	1
1748	EVPL	3457	NECTIN4	1
1748	EVPL	4755	S100P	1
1749	EWSR1	3783	PASK	1
1750	EXO1	2711	KIF14	1
1750	EXO1	4079	POLA2	1
1750	EXO1	3375	NAE1	1
1751	EXOC3-AS1	3375	NAE1	1
1752	EXOC5	2906	LMAN1	1
1752	EXOC5	3237	MRPL39	1
1752	EXOC5	5056	SMAD4	1
1752	EXOC5	6213	ZNF227	1
1752	EXOC5	6309	ZNF654	1
1752	EXOC5	4711	RRN3	1
1752	EXOC5	3097	ME2	1
1752	EXOC5	2144	GPHN	1
1752	EXOC5	2378	HNRNPC	1
1752	EXOC5	3768	PAPOLA	1
1752	EXOC5	4908	SGPP1	1
1752	EXOC5	5136	SOCS4	1
1752	EXOC5	6008	WDHD1	1
1752	EXOC5	6111	ZBTB1	1
1753	EXOG	4481	RBM5	1
1753	EXOG	6024	WDR48	1
1754	EXOSC1	2411	HRAS	1
1754	EXOSC1	2781	KRAS	1
1754	EXOSC1	3579	NRAS	1
1755	EXOSC10	2411	HRAS	1
1755	EXOSC10	2781	KRAS	1
1755	EXOSC10	3579	NRAS	1
1756	EXOSC2	2376	HNRNPA3	1
1757	EXOSC4	2411	HRAS	1
1757	EXOSC4	2781	KRAS	1
1757	EXOSC4	3579	NRAS	1
1759	EXOSC8	4473	RBM26	1
1759	EXOSC8	4609	RNF219	1
1759	EXOSC8	5653	TPP2	1
1759	EXOSC8	2411	HRAS	1
1759	EXOSC8	2781	KRAS	1
1759	EXOSC8	3579	NRAS	1
1760	EXOSC9	3594	NSL1	1
1760	EXOSC9	3404	NCAPG2	1
1760	EXOSC9	4528	RFC4	1
1760	EXOSC9	5635	TOPBP1	1
1760	EXOSC9	5069	SMC2	1
1760	EXOSC9	4408	RAD51AP1	1
1760	EXOSC9	2984	MAD2L1	1
1761	EXPH5	3026	MAP7	1
1763	EXT2	4366	RAB11FIP5	1
1765	EYA4	2411	HRAS	1
1765	EYA4	2781	KRAS	1
1765	EYA4	3579	NRAS	1
1766	EZH1	3037	MAPK8IP3	1
1766	EZH1	5327	SYNRG	1
1767	EZH2	5851	UBE2S	1
1767	EZH2	3303	MTOR	1
1767	EZH2	4696	RPS6KB1	1
1767	EZH2	5639	TP53	1
1767	EZH2	3591	NSD2	1
1767	EZH2	2963	LUC7L2	1
1767	EZH2	6211	ZNF212	1
1767	EZH2	2767	KMT2C	1
1767	EZH2	3792	PAXIP1	1
1767	EZH2	4475	RBM33	1
1767	EZH2	4719	RSBN1L	1
1767	EZH2	5218	SRRT	1
1767	EZH2	6186	ZNF107	1
1767	EZH2	6223	ZNF273	1
1767	EZH2	6329	ZNF708	1
1767	EZH2	6337	ZNF767P	1
1767	EZH2	6346	ZNF786	1
1767	EZH2	4079	POLA2	1
1768	F11R	3140	MGST2	1
1768	F11R	2077	GJB2	1
1768	F11R	5482	TJP3	1
1768	F11R	2181	GRHL2	1
1768	F11R	1815	FAM83H	1
1768	F11R	2817	LAMC2	1
1768	F11R	2544	INAVA	1
1769	F13B	5704	TRIM49	1
1770	F2R	3375	NAE1	1
1771	F2RL1	2461	ID1	1
1771	F2RL1	2814	LAMB3	1
1771	F2RL1	5340	TACSTD2	1
1771	F2RL1	2811	LAMA5	1
1771	F2RL1	5493	TM4SF1	1
1771	F2RL1	2509	IL18	1
1771	F2RL1	4039	PLPP2	1
1771	F2RL1	2544	INAVA	1
1772	F2RL2	3375	NAE1	1
1773	F2RL3	2411	HRAS	1
1773	F2RL3	2781	KRAS	1
1773	F2RL3	3579	NRAS	1
1774	F3	5453	THBS1	1
1774	F3	2028	GBP3	1
1774	F3	2117	GNG12	1
1775	FA2H	2411	HRAS	1
1775	FA2H	2781	KRAS	1
1775	FA2H	3579	NRAS	1
1776	FAAH	3326	MYC	1
1777	FAAP100	6114	ZBTB17	1
1777	FAAP100	5376	TBC1D10B	1
1777	FAAP100	6237	ZNF335	1
1777	FAAP100	3018	MAP3K3	1
1778	FAAP24	4888	SFI1	1
1778	FAAP24	5321	SYMPK	1
1778	FAAP24	3375	NAE1	1
1779	FABP3	2411	HRAS	1
1779	FABP3	2781	KRAS	1
1779	FABP3	3579	NRAS	1
1780	FABP4	2411	HRAS	1
1780	FABP4	2781	KRAS	1
1780	FABP4	3579	NRAS	1
1781	FADD	3027	MAPK1	1
1781	FADD	5585	TNFRSF10B	1
1781	FADD	3375	NAE1	1
1782	FADS2	2411	HRAS	1
1782	FADS2	2781	KRAS	1
1782	FADS2	3579	NRAS	1
1783	FAF1	2604	ITGB3BP	1
1783	FAF1	2723	KIF2C	1
1783	FAF1	4143	PPIH	1
1783	FAF1	3375	NAE1	1
1784	FAHD2A	3375	NAE1	1
1785	FAHD2B	3375	NAE1	1
1786	FAIM	3375	NAE1	1
1787	FAM107B	3375	NAE1	1
1788	FAM111A	3375	NAE1	1
1789	FAM111B	3375	NAE1	1
1790	FAM114A1	1967	FRMD6	1
1790	FAM114A1	4565	RIN2	1
1790	FAM114A1	2864	LGALS1	1
1790	FAM114A1	5444	TGFB1I1	1
1790	FAM114A1	5537	TMEM184B	1
1790	FAM114A1	4706	RRBP1	1
1790	FAM114A1	2411	HRAS	1
1790	FAM114A1	2781	KRAS	1
1790	FAM114A1	3579	NRAS	1
1791	FAM160A2	2411	HRAS	1
1791	FAM160A2	2781	KRAS	1
1791	FAM160A2	3579	NRAS	1
1792	FAM167A	2411	HRAS	1
1792	FAM167A	2781	KRAS	1
1792	FAM167A	3579	NRAS	1
1793	FAM173A	3199	MPG	1
1793	FAM173A	5278	STUB1	1
1794	FAM178B	3579	NRAS	1
1794	FAM178B	2411	HRAS	1
1794	FAM178B	2781	KRAS	1
1795	FAM193A	4674	RPRD2	1
1795	FAM193A	3326	MYC	1
1796	FAM193B	2986	MADD	1
1796	FAM193B	4464	RBM10	1
1796	FAM193B	5304	SUPT5H	1
1796	FAM193B	3037	MAPK8IP3	1
1796	FAM193B	3139	MGRN1	1
1796	FAM193B	6266	ZNF500	1
1797	FAM19A1	3326	MYC	1
1799	FAM215A	3375	NAE1	1
1800	FAM30A	2781	KRAS	1
1800	FAM30A	3579	NRAS	1
1800	FAM30A	2411	HRAS	1
1801	FAM3A	2496	IKBKG	1
1802	FAM3C	2411	HRAS	1
1802	FAM3C	2781	KRAS	1
1802	FAM3C	3579	NRAS	1
1802	FAM3C	3375	NAE1	1
1803	FAM41C	2411	HRAS	1
1803	FAM41C	2781	KRAS	1
1803	FAM41C	3579	NRAS	1
1804	FAM46A	3375	NAE1	1
1805	FAM50A	2043	GDI1	1
1806	FAM58A	3593	NSDHL	1
1807	FAM71A	4455	RAX2	1
1808	FAM71E1	2411	HRAS	1
1808	FAM71E1	2781	KRAS	1
1808	FAM71E1	3579	NRAS	1
1809	FAM72B	2411	HRAS	1
1809	FAM72B	2781	KRAS	1
1809	FAM72B	3579	NRAS	1
1810	FAM76B	2306	HINFP	1
1810	FAM76B	2411	HRAS	1
1810	FAM76B	2781	KRAS	1
1810	FAM76B	3579	NRAS	1
1811	FAM78B	3375	NAE1	1
1812	FAM83B	5482	TJP3	1
1813	FAM83D	3375	NAE1	1
1814	FAM83F	3055	MARVELD2	1
1817	FAM89B	3015	MAP3K11	1
1818	FAM8A1	3375	NAE1	1
1819	FAM91A1	4600	RNF139	1
1820	FAM9B	2411	HRAS	1
1820	FAM9B	2781	KRAS	1
1820	FAM9B	3579	NRAS	1
1821	FAN1	3375	NAE1	1
1822	FANCA	3839	PCNT	1
1822	FANCA	2411	HRAS	1
1822	FANCA	2781	KRAS	1
1822	FANCA	3579	NRAS	1
1822	FANCA	3375	NAE1	1
1823	FANCC	4086	POLE	1
1823	FANCC	3375	NAE1	1
1823	FANCC	2411	HRAS	1
1823	FANCC	2781	KRAS	1
1823	FANCC	3579	NRAS	1
1824	FANCD2	5572	TMPO	1
1824	FANCD2	2411	HRAS	1
1824	FANCD2	2781	KRAS	1
1824	FANCD2	3579	NRAS	1
1824	FANCD2	1826	FANCF	1
1824	FANCD2	3375	NAE1	1
1825	FANCE	3375	NAE1	1
1826	FANCF	3036	MAPK8	1
1826	FANCF	5783	TUBB1	1
1826	FANCF	3573	NR1I2	1
1826	FANCF	3022	MAP4	1
1826	FANCF	3007	MAP2	1
1826	FANCF	3045	MAPT	1
1826	FANCF	5042	SLCO1B3	1
1826	FANCF	3375	NAE1	1
1827	FANCG	5963	VCP	1
1827	FANCG	3078	MCM10	1
1827	FANCG	3375	NAE1	1
1828	FANCI	2874	LIG1	1
1828	FANCI	5635	TOPBP1	1
1828	FANCI	4528	RFC4	1
1828	FANCI	4957	SKP2	1
1828	FANCI	3375	NAE1	1
1829	FANCL	3270	MSH2	1
1829	FANCL	3375	NAE1	1
1830	FANCM	3312	MUS81	1
1830	FANCM	4401	RAD17	1
1830	FANCM	4407	RAD51	1
1830	FANCM	4413	RAD52	1
1830	FANCM	4417	RAD9A	1
1830	FANCM	2801	L2HGDH	1
1830	FANCM	3127	METTL3	1
1830	FANCM	3497	NGDN	1
1830	FANCM	3375	NAE1	1
1831	FAP	3375	NAE1	1
1832	FAR2	3375	NAE1	1
1833	FARS2	2411	HRAS	1
1833	FARS2	2781	KRAS	1
1833	FARS2	3579	NRAS	1
1834	FARSA	3846	PDCD11	1
1834	FARSA	2536	ILF3	1
1834	FARSA	3969	PIN1	1
1834	FARSA	5610	TNPO2	1
1834	FARSA	5905	UPF1	1
1834	FARSA	3238	MRPL4	1
1834	FARSA	3444	NDUFB7	1
1834	FARSA	4404	RAD23A	1
1834	FARSA	4432	RANBP3	1
1834	FARSA	5279	STX10	1
1834	FARSA	5531	TMEM161A	1
1835	FAS	3375	NAE1	1
1836	FASLG	3375	NAE1	1
1837	FASN	5639	TP53	1
1837	FASN	3326	MYC	1
1838	FASTK	2114	GNB2	1
1838	FASTK	4125	POR	1
1838	FASTK	4784	SCAMP4	1
1838	FASTK	3375	NAE1	1
1839	FASTKD2	5192	SPTLC1	1
1839	FASTKD2	5274	STRAP	1
1839	FASTKD2	3044	MAPRE1	1
1839	FASTKD2	2438	HSPE1	1
1839	FASTKD2	2411	HRAS	1
1839	FASTKD2	2781	KRAS	1
1839	FASTKD2	3579	NRAS	1
1840	FASTKD3	3307	MTRR	1
1841	FASTKD5	2611	ITPA	1
1842	FAT1	4918	SH3D19	1
1843	FAT3	3326	MYC	1
1844	FAU	3550	NOP53	1
1844	FAU	3375	NAE1	1
1845	FBL	5407	TCF3	1
1845	FBL	3079	MCM2	1
1845	FBL	4228	PRMT1	1
1845	FBL	4741	RUVBL2	1
1845	FBL	2411	HRAS	1
1845	FBL	2781	KRAS	1
1845	FBL	3579	NRAS	1
1846	FBN1	3479	NEXN	1
1847	FBRS	4443	RARA	1
1847	FBRS	4252	PRR14	1
1847	FBRS	4873	SETD1A	1
1847	FBRS	6306	ZNF646	1
1847	FBRS	6338	ZNF768	1
1848	FBXL14	5783	TUBB1	1
1848	FBXL14	3573	NR1I2	1
1848	FBXL14	3022	MAP4	1
1848	FBXL14	3007	MAP2	1
1848	FBXL14	3045	MAPT	1
1848	FBXL14	5042	SLCO1B3	1
1849	FBXL18	4396	RAC1	1
1849	FBXL18	3660	OGDH	1
1849	FBXL18	3375	NAE1	1
1850	FBXL19	1977	FUS	1
1851	FBXL2	2411	HRAS	1
1851	FBXL2	2781	KRAS	1
1851	FBXL2	3579	NRAS	1
1852	FBXL20	2411	HRAS	1
1852	FBXL20	2781	KRAS	1
1852	FBXL20	3579	NRAS	1
1853	FBXL6	4508	RECQL4	1
1854	FBXL7	2411	HRAS	1
1854	FBXL7	2781	KRAS	1
1854	FBXL7	3579	NRAS	1
1855	FBXO17	2176	GPX8	1
1855	FBXO17	2411	HRAS	1
1855	FBXO17	2781	KRAS	1
1855	FBXO17	3579	NRAS	1
1855	FBXO17	3375	NAE1	1
1856	FBXO18	4407	RAD51	1
1856	FBXO18	1890	FEN1	1
1856	FBXO18	2728	KIN	1
1856	FBXO18	2830	LARP4B	1
1856	FBXO18	3375	NAE1	1
1857	FBXO28	4559	RIDA	1
1857	FBXO28	2411	HRAS	1
1857	FBXO28	2781	KRAS	1
1857	FBXO28	3579	NRAS	1
1858	FBXO3	3654	OCRL	1
1859	FBXO31	6266	ZNF500	1
1859	FBXO31	6285	ZNF574	1
1861	FBXO36	2411	HRAS	1
1861	FBXO36	2781	KRAS	1
1861	FBXO36	3579	NRAS	1
1862	FBXO40	2411	HRAS	1
1862	FBXO40	2781	KRAS	1
1862	FBXO40	3579	NRAS	1
1863	FBXO44	2411	HRAS	1
1863	FBXO44	2781	KRAS	1
1863	FBXO44	3579	NRAS	1
1863	FBXO44	3326	MYC	1
1863	FBXO44	3375	NAE1	1
1864	FBXO46	5405	TCF20	1
1864	FBXO46	5991	VRK3	1
1865	FBXO5	2722	KIF2A	1
1865	FBXO5	5778	TUBA1A	1
1865	FBXO5	3224	MRPL18	1
1865	FBXO5	5413	TCP1	1
1865	FBXO5	3375	NAE1	1
1866	FBXO6	3375	NAE1	1
1867	FBXO9	2411	HRAS	1
1867	FBXO9	2781	KRAS	1
1867	FBXO9	3579	NRAS	1
1867	FBXO9	3326	MYC	1
1868	FBXW10	2411	HRAS	1
1868	FBXW10	2781	KRAS	1
1868	FBXW10	3579	NRAS	1
1869	FBXW11	2411	HRAS	1
1869	FBXW11	2781	KRAS	1
1869	FBXW11	3579	NRAS	1
1871	FBXW7	3274	MSL2	1
1871	FBXW7	2411	HRAS	1
1871	FBXW7	2781	KRAS	1
1871	FBXW7	3579	NRAS	1
1871	FBXW7	3326	MYC	1
1871	FBXW7	1890	FEN1	1
1872	FBXW8	2411	HRAS	1
1872	FBXW8	2781	KRAS	1
1872	FBXW8	3579	NRAS	1
1873	FCAR	2248	HAMP	1
1873	FCAR	2758	KLK2	1
1873	FCAR	2879	LILRB3	1
1874	FCER2	4335	PTPRC	1
1874	FCER2	2768	KMT2D	1
1874	FCER2	3965	PILRA	1
1874	FCER2	3375	NAE1	1
1875	FCGBP	2411	HRAS	1
1875	FCGBP	2781	KRAS	1
1875	FCGBP	3579	NRAS	1
1876	FCGR1A	2411	HRAS	1
1876	FCGR1A	2781	KRAS	1
1876	FCGR1A	3579	NRAS	1
1877	FCGR3A	6113	ZBTB16	1
1878	FCGR3B	5729	TRPC7	1
1879	FCHO1	2411	HRAS	1
1879	FCHO1	2781	KRAS	1
1879	FCHO1	3579	NRAS	1
1881	FCMR	3375	NAE1	1
1882	FCN3	3715	ORM1	1
1882	FCN3	4320	PTGS1	1
1882	FCN3	2733	KIT	1
1882	FCN3	4519	RET	1
1882	FCN3	3607	NTRK1	1
1882	FCN3	3866	PDGFRA	1
1882	FCN3	3867	PDGFRB	1
1882	FCN3	4975	SLC22A1	1
1882	FCN3	4978	SLC22A2	1
1883	FCRL3	2411	HRAS	1
1883	FCRL3	2781	KRAS	1
1883	FCRL3	3579	NRAS	1
1884	FCRL4	3375	NAE1	1
1885	FDCSP	3375	NAE1	1
1886	FDX1	2038	GDE1	1
1886	FDX1	4483	RBM7	1
1888	FDXACB1	2359	HMBS	1
1889	FEM1B	3375	NAE1	1
1890	FEN1	4407	RAD51	1
1890	FEN1	3761	PAM16	1
1890	FEN1	2289	HELLS	1
1890	FEN1	4709	RRM2	1
1890	FEN1	5153	SPAG5	1
1890	FEN1	2709	KIF11	1
1890	FEN1	4508	RECQL4	1
1890	FEN1	2711	KIF14	1
1890	FEN1	5085	SMPD2	1
1890	FEN1	3213	MRE11	1
1890	FEN1	3375	NAE1	1
1890	FEN1	4414	RAD54B	1
1891	FER	3959	PIK3CA	1
1891	FER	4708	RRM1	1
1891	FER	5807	TYMS	1
1891	FER	5003	SLC29A1	1
1891	FER	5002	SLC28A1	1
1891	FER	5004	SLC29A2	1
1891	FER	3326	MYC	1
1892	FERMT1	2078	GJB3	1
1892	FERMT1	2739	KLF5	1
1893	FERMT2	1904	FGFR1	1
1893	FERMT2	2613	ITSN1	1
1893	FERMT2	2411	HRAS	1
1893	FERMT2	2781	KRAS	1
1893	FERMT2	3579	NRAS	1
1894	FETUB	2967	LY6G6D	1
1894	FETUB	3336	MYH4	1
1894	FETUB	3422	NCR1	1
1894	FETUB	3375	NAE1	1
1895	FEZ2	2486	IGFBP6	1
1895	FEZ2	4029	PLIN3	1
1895	FEZ2	2909	LMNA	1
1895	FEZ2	4169	PPP2R3A	1
1895	FEZ2	4734	RTN4	1
1895	FEZ2	2411	HRAS	1
1895	FEZ2	2781	KRAS	1
1895	FEZ2	3579	NRAS	1
1895	FEZ2	3326	MYC	1
1896	FEZF2	5372	TAS2R9	1
1897	FGD1	2411	HRAS	1
1897	FGD1	2781	KRAS	1
1897	FGD1	3579	NRAS	1
1899	FGD6	3326	MYC	1
1900	FGF2	3326	MYC	1
1901	FGF5	3375	NAE1	1
1902	FGF8	3527	NMUR1	1
1903	FGFBP1	2785	KRT15	1
1903	FGFBP1	4258	PRRG2	1
1903	FGFBP1	6202	ZNF165	1
1903	FGFBP1	2811	LAMA5	1
1903	FGFBP1	4840	SEMA4B	1
1904	FGFR1	5060	SMARCA2	1
1904	FGFR1	5061	SMARCA4	1
1906	FGFR3	2603	ITGB3	1
1907	FGG	2411	HRAS	1
1907	FGG	2781	KRAS	1
1907	FGG	3579	NRAS	1
1908	FGL2	2411	HRAS	1
1908	FGL2	2781	KRAS	1
1908	FGL2	3579	NRAS	1
1910	FH	6070	XPO7	1
1910	FH	4301	PSMD6	1
1910	FH	5913	UQCRC2	1
1910	FH	3617	NUDT21	1
1910	FH	4559	RIDA	1
1910	FH	2124	GNPAT	1
1910	FH	2453	IARS2	1
1910	FH	5386	TBCE	1
1910	FH	5472	TIMM17A	1
1911	FHL2	4424	RALB	1
1911	FHL2	3326	MYC	1
1912	FHL5	4967	SLC13A1	1
1912	FHL5	2062	GHRHR	1
1912	FHL5	3671	OPRK1	1
1913	FIGN	2411	HRAS	1
1913	FIGN	2781	KRAS	1
1913	FIGN	3579	NRAS	1
1914	FIP1L1	2411	HRAS	1
1914	FIP1L1	2781	KRAS	1
1914	FIP1L1	3579	NRAS	1
1915	FIS1	3261	MRPS33	1
1916	FIZ1	5692	TRIM28	1
1916	FIZ1	4241	PRPF31	1
1917	FKBP11	3715	ORM1	1
1917	FKBP11	4320	PTGS1	1
1917	FKBP11	2733	KIT	1
1917	FKBP11	4519	RET	1
1917	FKBP11	3607	NTRK1	1
1917	FKBP11	3866	PDGFRA	1
1917	FKBP11	3867	PDGFRB	1
1917	FKBP11	4975	SLC22A1	1
1917	FKBP11	4978	SLC22A2	1
1919	FKBP3	3375	NAE1	1
1920	FKBP5	3375	NAE1	1
1921	FKBP8	2025	GBF1	1
1921	FKBP8	4218	PRKCSH	1
1921	FKBP8	4326	PTOV1	1
1922	FKBPL	3375	NAE1	1
1923	FLAD1	3447	NDUFS2	1
1924	FLCN	5226	SSH1	1
1924	FLCN	5227	SSH2	1
1924	FLCN	5228	SSH3	1
1925	FLI1	2266	HCLS1	1
1925	FLI1	5234	SSX1	1
1925	FLI1	5180	SPINT2	1
1925	FLI1	5298	SUMO1	1
1926	FLII	4011	PLEC	1
1927	FLNB	4338	PTPRF	1
1928	FLOT2	3375	NAE1	1
1929	FLRT2	2411	HRAS	1
1929	FLRT2	2781	KRAS	1
1929	FLRT2	3579	NRAS	1
1930	FLT1	4708	RRM1	1
1930	FLT1	5807	TYMS	1
1930	FLT1	5003	SLC29A1	1
1930	FLT1	5002	SLC28A1	1
1930	FLT1	5004	SLC29A2	1
1931	FLT3	3036	MAPK8	1
1931	FLT3	2733	KIT	1
1932	FLT3LG	3715	ORM1	1
1932	FLT3LG	4320	PTGS1	1
1932	FLT3LG	2733	KIT	1
1932	FLT3LG	4519	RET	1
1932	FLT3LG	3607	NTRK1	1
1932	FLT3LG	3866	PDGFRA	1
1932	FLT3LG	3867	PDGFRB	1
1932	FLT3LG	4975	SLC22A1	1
1932	FLT3LG	4978	SLC22A2	1
1933	FLVCR1	6189	ZNF124	1
1934	FLVCR2	2411	HRAS	1
1934	FLVCR2	2781	KRAS	1
1934	FLVCR2	3579	NRAS	1
1935	FLYWCH1	2411	HRAS	1
1935	FLYWCH1	2781	KRAS	1
1935	FLYWCH1	3579	NRAS	1
1936	FMN1	2411	HRAS	1
1936	FMN1	2781	KRAS	1
1936	FMN1	3579	NRAS	1
1938	FMO2	4960	SLAMF6	1
1939	FMR1NB	2411	HRAS	1
1939	FMR1NB	2781	KRAS	1
1939	FMR1NB	3579	NRAS	1
1941	FNDC3B	2513	IL1R1	1
1941	FNDC3B	3739	P3H2	1
1941	FNDC3B	3724	OSMR	1
1941	FNDC3B	5590	TNFRSF1A	1
1942	FNDC9	2411	HRAS	1
1942	FNDC9	2781	KRAS	1
1942	FNDC9	3579	NRAS	1
1942	FNDC9	3375	NAE1	1
1943	FNTA	2207	GTF2B	1
1943	FNTA	2378	HNRNPC	1
1943	FNTA	5507	TMED2	1
1943	FNTA	2129	GOLGA7	1
1943	FNTA	5449	THAP1	1
1943	FNTA	5855	UBE2V2	1
1943	FNTA	5965	VDAC3	1
1944	FOPNL	3326	MYC	1
1945	FOS	4747	S100A10	1
1945	FOS	2739	KLF5	1
1945	FOS	3027	MAPK1	1
1945	FOS	4872	SET	1
1947	FOSL1	2864	LGALS1	1
1947	FOSL1	5749	TSPO	1
1947	FOSL1	3715	ORM1	1
1947	FOSL1	4320	PTGS1	1
1947	FOSL1	2733	KIT	1
1947	FOSL1	4519	RET	1
1947	FOSL1	3607	NTRK1	1
1947	FOSL1	3866	PDGFRA	1
1947	FOSL1	3867	PDGFRB	1
1947	FOSL1	4975	SLC22A1	1
1947	FOSL1	4978	SLC22A2	1
1948	FOSL2	3375	NAE1	1
1949	FOXA1	2173	GPX2	1
1949	FOXA1	5248	STARD10	1
1949	FOXA1	5394	TC2N	1
1949	FOXA1	5746	TSPAN13	1
1950	FOXA2	2411	HRAS	1
1950	FOXA2	2781	KRAS	1
1950	FOXA2	3579	NRAS	1
1951	FOXF1	5639	TP53	1
1952	FOXJ3	2141	GPBP1L1	1
1953	FOXL1	2060	GH1	1
1954	FOXM1	5825	UBE2C	1
1954	FOXM1	5310	SUV39H1	1
1955	FOXN4	4879	SEZ6L	1
1955	FOXN4	2413	HRH3	1
1956	FOXO1	3375	NAE1	1
1957	FOXO3	2242	HACD3	1
1957	FOXO3	4559	RIDA	1
1957	FOXO3	4110	POLR2K	1
1957	FOXO3	4803	SCYL2	1
1957	FOXO3	3375	NAE1	1
1958	FOXO4	3375	NAE1	1
1959	FOXR1	2411	HRAS	1
1959	FOXR1	2781	KRAS	1
1959	FOXR1	3579	NRAS	1
1961	FOXRED2	2803	L3MBTL2	1
1962	FPGS	5378	TBC1D13	1
1963	FRAT2	4707	RREB1	1
1964	FREM1	2411	HRAS	1
1964	FREM1	2781	KRAS	1
1964	FREM1	3579	NRAS	1
1965	FREM2	3375	NAE1	1
1966	FRK	5340	TACSTD2	1
1968	FRMPD1	2411	HRAS	1
1968	FRMPD1	2781	KRAS	1
1968	FRMPD1	3579	NRAS	1
1969	FSCN2	6136	ZC3H7B	1
1970	FSD1	3326	MYC	1
1971	FSIP1	3375	NAE1	1
1972	FSTL1	4423	RAI14	1
1973	FSTL3	3724	OSMR	1
1973	FSTL3	5320	SYDE1	1
1974	FTO	3375	NAE1	1
1975	FUBP1	4761	SAFB	1
1975	FUBP1	4311	PTBP2	1
1975	FUBP1	4891	SFPQ	1
1975	FUBP1	4468	RBM15	1
1976	FURIN	4708	RRM1	1
1976	FURIN	5807	TYMS	1
1976	FURIN	5003	SLC29A1	1
1976	FURIN	5002	SLC28A1	1
1976	FURIN	5004	SLC29A2	1
1977	FUS	2384	HNRNPH3	1
1977	FUS	2378	HNRNPC	1
1977	FUS	5844	UBE2N	1
1977	FUS	4181	PPP5C	1
1977	FUS	2363	HMGB2	1
1977	FUS	3626	NUP188	1
1977	FUS	3551	NOP56	1
1978	FUT1	2093	GLS2	1
1978	FUT1	4890	SFN	1
1979	FUT3	3731	OVOL1	1
1979	FUT3	2411	HRAS	1
1979	FUT3	2781	KRAS	1
1979	FUT3	3579	NRAS	1
1980	FUT9	3375	NAE1	1
1981	FUZ	3375	NAE1	1
1982	FXR1	3375	NAE1	1
1983	FXR2	4604	RNF167	1
1984	FXYD3	5280	STX19	1
1984	FXYD3	2902	LIPH	1
1985	FZD2	3715	ORM1	1
1985	FZD2	4320	PTGS1	1
1985	FZD2	2733	KIT	1
1985	FZD2	4519	RET	1
1985	FZD2	3607	NTRK1	1
1985	FZD2	3866	PDGFRA	1
1985	FZD2	3867	PDGFRB	1
1985	FZD2	4975	SLC22A1	1
1985	FZD2	4978	SLC22A2	1
1986	FZD3	2437	HSPD1	1
1987	FZD6	3340	MYL12A	1
1988	FZD8	2411	HRAS	1
1988	FZD8	2781	KRAS	1
1988	FZD8	3579	NRAS	1
1988	FZD8	3715	ORM1	1
1988	FZD8	4320	PTGS1	1
1988	FZD8	2733	KIT	1
1988	FZD8	4519	RET	1
1988	FZD8	3607	NTRK1	1
1988	FZD8	3866	PDGFRA	1
1988	FZD8	3867	PDGFRB	1
1988	FZD8	4975	SLC22A1	1
1988	FZD8	4978	SLC22A2	1
1989	FZR1	4594	RNF126	1
1989	FZR1	3375	NAE1	1
1990	G3BP1	2411	HRAS	1
1990	G3BP1	2781	KRAS	1
1990	G3BP1	3579	NRAS	1
1991	G3BP2	2832	LARP7	1
1991	G3BP2	4499	RCHY1	1
1991	G3BP2	5917	USO1	1
1992	G6PC2	2411	HRAS	1
1992	G6PC2	2781	KRAS	1
1992	G6PC2	3579	NRAS	1
1993	G6PC3	3376	NAGLU	1
1994	GABARAPL2	3375	NAE1	1
1995	GABPA	4850	SENP7	1
1995	GABPA	5211	SRP9	1
1996	GABPB1	4536	RFX7	1
1996	GABPB1	2411	HRAS	1
1996	GABPB1	2781	KRAS	1
1996	GABPB1	3579	NRAS	1
1997	GABPB1-IT1	3600	NSUN6	1
1998	GABRA6	2411	HRAS	1
1998	GABRA6	2781	KRAS	1
1998	GABRA6	3579	NRAS	1
1999	GAD2	3375	NAE1	1
2000	GADD45A	2292	HERC5	1
2000	GADD45A	3082	MCM5	1
2000	GADD45A	5298	SUMO1	1
2000	GADD45A	5813	UBA1	1
2001	GADD45B	3375	NAE1	1
2002	GADD45G	3375	NAE1	1
2003	GADD45GIP1	3431	NDUFA11	1
2003	GADD45GIP1	3444	NDUFB7	1
2004	GAGE12I	3375	NAE1	1
2005	GAGE2C	3375	NAE1	1
2006	GALC	2411	HRAS	1
2006	GALC	2781	KRAS	1
2006	GALC	3579	NRAS	1
2007	GALE	2960	LTBR	1
2008	GALM	3375	NAE1	1
2009	GALNT14	2411	HRAS	1
2009	GALNT14	2781	KRAS	1
2009	GALNT14	3579	NRAS	1
2010	GALNT15	2411	HRAS	1
2010	GALNT15	2781	KRAS	1
2010	GALNT15	3579	NRAS	1
2011	GALP	2411	HRAS	1
2011	GALP	2781	KRAS	1
2011	GALP	3579	NRAS	1
2012	GAPDH	3715	ORM1	1
2012	GAPDH	4320	PTGS1	1
2012	GAPDH	2733	KIT	1
2012	GAPDH	4519	RET	1
2012	GAPDH	3607	NTRK1	1
2012	GAPDH	3866	PDGFRA	1
2012	GAPDH	3867	PDGFRB	1
2012	GAPDH	4975	SLC22A1	1
2012	GAPDH	4978	SLC22A2	1
2013	GAPVD1	4182	PPP6C	1
2013	GAPVD1	4368	RAB14	1
2014	GARNL3	3375	NAE1	1
2015	GART	3231	MRPL3	1
2015	GART	4430	RANBP1	1
2015	GART	6029	WDR74	1
2015	GART	4291	PSMC3	1
2015	GART	3512	NLE1	1
2016	GAS2	3375	NAE1	1
2017	GAS2L1	5590	TNFRSF1A	1
2018	GAS2L2	3375	NAE1	1
2019	GATA3	4199	PRDX2	1
2020	GATA6	2411	HRAS	1
2020	GATA6	2781	KRAS	1
2020	GATA6	3579	NRAS	1
2021	GATAD1	2783	KRIT1	1
2022	GATAD2A	2411	HRAS	1
2022	GATAD2A	2781	KRAS	1
2022	GATAD2A	3579	NRAS	1
2023	GATAD2B	3094	MDM4	1
2024	GATC	4529	RFC5	1
2024	GATC	5117	SNRPF	1
2025	GBF1	3104	MED16	1
2026	GBGT1	2411	HRAS	1
2026	GBGT1	2781	KRAS	1
2026	GBGT1	3579	NRAS	1
2027	GBP1	5688	TRIM22	1
2028	GBP3	2880	LIMA1	1
2029	GBP4	3715	ORM1	1
2029	GBP4	4320	PTGS1	1
2029	GBP4	2733	KIT	1
2029	GBP4	4519	RET	1
2029	GBP4	3607	NTRK1	1
2029	GBP4	3866	PDGFRA	1
2029	GBP4	3867	PDGFRB	1
2029	GBP4	4975	SLC22A1	1
2029	GBP4	4978	SLC22A2	1
2030	GC	2411	HRAS	1
2030	GC	2781	KRAS	1
2030	GC	3579	NRAS	1
2030	GC	3326	MYC	1
2031	GCAT	3375	NAE1	1
2032	GCC1	3375	NAE1	1
2033	GCDH	2222	GTPBP3	1
2034	GCLM	3375	NAE1	1
2035	GCM1	3326	MYC	1
2036	GCM2	2411	HRAS	1
2036	GCM2	2781	KRAS	1
2036	GCM2	3579	NRAS	1
2038	GDE1	3074	MBTPS2	1
2038	GDE1	3365	NAA50	1
2038	GDE1	5743	TSN	1
2038	GDE1	5887	UGP2	1
2038	GDE1	4369	RAB1A	1
2038	GDE1	2453	IARS2	1
2038	GDE1	3904	PGGT1B	1
2038	GDE1	4401	RAD17	1
2038	GDE1	5503	TMCO1	1
2038	GDE1	5689	TRIM23	1
2038	GDE1	6093	YIPF5	1
2039	GDF1	3375	NAE1	1
2040	GDF10	2411	HRAS	1
2040	GDF10	2781	KRAS	1
2040	GDF10	3579	NRAS	1
2041	GDF15	2960	LTBR	1
2041	GDF15	2451	IAPP	1
2041	GDF15	5639	TP53	1
2042	GDF7	2411	HRAS	1
2042	GDF7	2781	KRAS	1
2042	GDF7	3579	NRAS	1
2044	GDI2	3136	MGAT2	1
2044	GDI2	4552	RHOA	1
2044	GDI2	4570	RIOK3	1
2044	GDI2	4669	RPP14	1
2044	GDI2	4374	RAB23	1
2044	GDI2	5211	SRP9	1
2044	GDI2	2382	HNRNPF	1
2045	GDNF	3375	NAE1	1
2046	GDPD4	2411	HRAS	1
2046	GDPD4	2781	KRAS	1
2046	GDPD4	3579	NRAS	1
2047	GEMIN4	4973	SLC19A1	1
2048	GEMIN5	2479	IFRD2	1
2048	GEMIN5	4714	RRP1B	1
2048	GEMIN5	2411	HRAS	1
2048	GEMIN5	2781	KRAS	1
2048	GEMIN5	3579	NRAS	1
2049	GEMIN6	3265	MRPS7	1
2049	GEMIN6	3297	MTIF2	1
2051	GEN1	3375	NAE1	1
2051	GEN1	6171	ZGRF1	1
2052	GFER	3172	MLST8	1
2053	GFM2	5356	TAF9	1
2055	GFPT2	3724	OSMR	1
2055	GFPT2	2411	HRAS	1
2055	GFPT2	2781	KRAS	1
2055	GFPT2	3579	NRAS	1
2056	GGA1	6057	XAB2	1
2056	GGA1	2803	L3MBTL2	1
2056	GGA1	5720	TRMT2A	1
2056	GGA1	4911	SGSM3	1
2056	GGA1	3326	MYC	1
2056	GGA1	3375	NAE1	1
2058	GGA3	3012	MAP2K7	1
2058	GGA3	5217	SRRM1	1
2058	GGA3	5805	TYK2	1
2058	GGA3	2925	LRCH4	1
2058	GGA3	5357	TAOK1	1
2058	GGA3	2298	HGS	1
2058	GGA3	4989	SLC25A19	1
2058	GGA3	5305	SUPT6H	1
2058	GGA3	5931	USP36	1
2059	GGCX	3715	ORM1	1
2059	GGCX	4320	PTGS1	1
2059	GGCX	2733	KIT	1
2059	GGCX	4519	RET	1
2059	GGCX	3607	NTRK1	1
2059	GGCX	3866	PDGFRA	1
2059	GGCX	3867	PDGFRB	1
2059	GGCX	4975	SLC22A1	1
2059	GGCX	4978	SLC22A2	1
2060	GH1	2394	HOXB1	1
2062	GHRHR	3789	PAX4	1
2063	GID8	2411	HRAS	1
2063	GID8	2781	KRAS	1
2063	GID8	3579	NRAS	1
2064	GIF	3326	MYC	1
2065	GIGYF2	3274	MSL2	1
2065	GIGYF2	5710	TRIP12	1
2066	GIMAP1	6108	ZAN	1
2067	GIMAP2	2411	HRAS	1
2067	GIMAP2	2781	KRAS	1
2067	GIMAP2	3579	NRAS	1
2068	GIN1	2432	HSPA8	1
2068	GIN1	5435	TFB2M	1
2068	GIN1	4238	PRPF18	1
2068	GIN1	2592	ITCH	1
2068	GIN1	4369	RAB1A	1
2068	GIN1	6105	YWHAZ	1
2068	GIN1	4205	PRKAA1	1
2068	GIN1	6081	YAF2	1
2068	GIN1	3904	PGGT1B	1
2068	GIN1	4164	PPP2CA	1
2068	GIN1	4446	RASA1	1
2068	GIN1	4569	RIOK2	1
2068	GIN1	5009	SLC30A5	1
2068	GIN1	5128	SNX2	1
2068	GIN1	5356	TAF9	1
2068	GIN1	6099	YTHDC2	1
2069	GINS1	5270	STMN1	1
2069	GINS1	2071	GINS3	1
2069	GINS1	5361	TAP2	1
2069	GINS1	2709	KIF11	1
2069	GINS1	2721	KIF23	1
2069	GINS1	5779	TUBA1B	1
2069	GINS1	3323	MYBL2	1
2069	GINS1	5825	UBE2C	1
2069	GINS1	2072	GINS4	1
2070	GINS2	3389	NASP	1
2070	GINS2	5270	STMN1	1
2070	GINS2	3375	NAE1	1
2071	GINS3	5361	TAP2	1
2071	GINS3	2072	GINS4	1
2072	GINS4	5361	TAP2	1
2073	GIPC1	2811	LAMA5	1
2073	GIPC1	3576	NR2F6	1
2073	GIPC1	2795	KRT80	1
2074	GIT1	5397	TCAP	1
2074	GIT1	5931	USP36	1
2075	GJA8	4882	SF3A2	1
2076	GJA9	3375	NAE1	1
2077	GJB2	2607	ITGB6	1
2077	GJB2	4840	SEMA4B	1
2078	GJB3	2786	KRT16	1
2078	GJB3	3993	PKP3	1
2078	GJB3	5616	TNS4	1
2078	GJB3	4840	SEMA4B	1
2078	GJB3	2179	GRB7	1
2079	GJC3	3375	NAE1	1
2080	GK3P	2411	HRAS	1
2080	GK3P	2781	KRAS	1
2080	GK3P	3579	NRAS	1
2081	GLA	3375	NAE1	1
2082	GLB1	2411	HRAS	1
2082	GLB1	2781	KRAS	1
2082	GLB1	3579	NRAS	1
2083	GLE1	2097	GLUD2	1
2083	GLE1	5389	TBL1XR1	1
2083	GLE1	5507	TMED2	1
2083	GLE1	4088	POLE3	1
2083	GLE1	5192	SPTLC1	1
2084	GLI1	3303	MTOR	1
2084	GLI1	3959	PIK3CA	1
2085	GLI2	3303	MTOR	1
2085	GLI2	3959	PIK3CA	1
2086	GLI3	2411	HRAS	1
2086	GLI3	2781	KRAS	1
2086	GLI3	3579	NRAS	1
2087	GLIPR1	3715	ORM1	1
2087	GLIPR1	4320	PTGS1	1
2087	GLIPR1	2733	KIT	1
2087	GLIPR1	4519	RET	1
2087	GLIPR1	3607	NTRK1	1
2087	GLIPR1	3866	PDGFRA	1
2087	GLIPR1	3867	PDGFRB	1
2087	GLIPR1	4975	SLC22A1	1
2087	GLIPR1	4978	SLC22A2	1
2088	GLMN	4634	RPAP2	1
2088	GLMN	4637	RPF1	1
2089	GLOD4	3010	MAP2K4	1
2090	GLP1R	4981	SLC22A7	1
2091	GLRX3	5225	SSBP1	1
2091	GLRX3	2432	HSPA8	1
2091	GLRX3	4559	RIDA	1
2092	GLRX5	3768	PAPOLA	1
2092	GLRX5	3375	NAE1	1
2093	GLS2	2507	IL17RB	1
2093	GLS2	5520	TMEM125	1
2094	GLT8D1	5517	TMEM115	1
2094	GLT8D1	3715	ORM1	1
2094	GLT8D1	4320	PTGS1	1
2094	GLT8D1	2733	KIT	1
2094	GLT8D1	4519	RET	1
2094	GLT8D1	3607	NTRK1	1
2094	GLT8D1	3866	PDGFRA	1
2094	GLT8D1	3867	PDGFRB	1
2094	GLT8D1	4975	SLC22A1	1
2094	GLT8D1	4978	SLC22A2	1
2095	GLT8D2	2176	GPX8	1
2095	GLT8D2	2411	HRAS	1
2095	GLT8D2	2781	KRAS	1
2095	GLT8D2	3579	NRAS	1
2096	GLUD1	5522	TMEM126B	1
2096	GLUD1	4815	SDHD	1
2096	GLUD1	4134	PPA1	1
2096	GLUD1	3375	NAE1	1
2097	GLUD2	2832	LARP7	1
2097	GLUD2	4955	SKIV2L2	1
2097	GLUD2	5689	TRIM23	1
2097	GLUD2	2210	GTF2H1	1
2097	GLUD2	2242	HACD3	1
2097	GLUD2	4827	SEC24B	1
2097	GLUD2	3222	MRPL13	1
2098	GLYATL3	3579	NRAS	1
2098	GLYATL3	2411	HRAS	1
2098	GLYATL3	2781	KRAS	1
2099	GMIP	5217	SRRM1	1
2099	GMIP	2426	HSH2D	1
2100	GML	2411	HRAS	1
2100	GML	2781	KRAS	1
2100	GML	3579	NRAS	1
2100	GML	3375	NAE1	1
2101	GMNN	3090	MDC1	1
2101	GMNN	3774	PARP1	1
2101	GMNN	3078	MCM10	1
2101	GMNN	6008	WDHD1	1
2101	GMNN	3375	NAE1	1
2102	GMPPB	2411	HRAS	1
2102	GMPPB	2781	KRAS	1
2102	GMPPB	3579	NRAS	1
2103	GMPR	3326	MYC	1
2104	GMPR2	3617	NUDT21	1
2105	GNA11	6243	ZNF358	1
2106	GNA12	3326	MYC	1
2107	GNA13	3518	NMD3	1
2108	GNA14	3326	MYC	1
2109	GNAI2	3738	P3H1	1
2110	GNAI3	5192	SPTLC1	1
2110	GNAI3	2535	ILF2	1
2110	GNAI3	4742	RWDD3	1
2111	GNAT1	3587	NRIP2	1
2112	GNB1	3919	PHF13	1
2113	GNB1L	3375	NAE1	1
2115	GNB4	6152	ZEB2	1
2116	GNG11	5027	SLC39A13	1
2117	GNG12	4749	S100A13	1
2117	GNG12	4753	S100A3	1
2117	GNG12	5091	SMURF2	1
2117	GNG12	2861	LEPROT	1
2117	GNG12	3555	NOTCH2	1
2118	GNG3	3375	NAE1	1
2119	GNG8	3375	NAE1	1
2120	GNGT1	2411	HRAS	1
2120	GNGT1	2781	KRAS	1
2120	GNGT1	3579	NRAS	1
2121	GNL1	3226	MRPL2	1
2122	GNL2	4143	PPIH	1
2123	GNL3L	2411	HRAS	1
2123	GNL3L	2781	KRAS	1
2123	GNL3L	3579	NRAS	1
2125	GNPDA1	3137	MGAT4B	1
2125	GNPDA1	2411	HRAS	1
2125	GNPDA1	2781	KRAS	1
2125	GNPDA1	3579	NRAS	1
2126	GNPDA2	3326	MYC	1
2127	GNS	5025	SLC38A6	1
2127	GNS	3725	OSTM1	1
2127	GNS	2593	ITFG1	1
2127	GNS	5196	SQSTM1	1
2127	GNS	4601	RNF14	1
2127	GNS	2411	HRAS	1
2127	GNS	2781	KRAS	1
2127	GNS	3579	NRAS	1
2127	GNS	3326	MYC	1
2128	GOLGA5	2198	GSKIP	1
2130	GOLGB1	2411	HRAS	1
2130	GOLGB1	2781	KRAS	1
2130	GOLGB1	3579	NRAS	1
2131	GOLT1A	2705	KIAA1522	1
2131	GOLT1A	5602	TNK1	1
2132	GON4L	2411	HRAS	1
2132	GON4L	2781	KRAS	1
2132	GON4L	3579	NRAS	1
2133	GON7	5869	UBR7	1
2134	GORASP1	3774	PARP1	1
2135	GOSR1	2411	HRAS	1
2135	GOSR1	2781	KRAS	1
2135	GOSR1	3579	NRAS	1
2136	GOT2	2411	HRAS	1
2136	GOT2	2781	KRAS	1
2136	GOT2	3579	NRAS	1
2137	GP9	2411	HRAS	1
2137	GP9	2781	KRAS	1
2137	GP9	3579	NRAS	1
2138	GPAT3	3579	NRAS	1
2138	GPAT3	2411	HRAS	1
2138	GPAT3	2781	KRAS	1
2139	GPATCH1	5276	STRN4	1
2139	GPATCH1	5304	SUPT5H	1
2139	GPATCH1	5692	TRIM28	1
2139	GPATCH1	2411	HRAS	1
2139	GPATCH1	2781	KRAS	1
2139	GPATCH1	3579	NRAS	1
2140	GPATCH2	2411	HRAS	1
2140	GPATCH2	2781	KRAS	1
2140	GPATCH2	3579	NRAS	1
2141	GPBP1L1	3599	NSUN4	1
2141	GPBP1L1	4610	RNF220	1
2141	GPBP1L1	6305	ZNF644	1
2142	GPC5	3715	ORM1	1
2142	GPC5	4320	PTGS1	1
2142	GPC5	2733	KIT	1
2142	GPC5	4519	RET	1
2142	GPC5	3607	NTRK1	1
2142	GPC5	3866	PDGFRA	1
2142	GPC5	3867	PDGFRB	1
2142	GPC5	4975	SLC22A1	1
2142	GPC5	4978	SLC22A2	1
2143	GPD1	2411	HRAS	1
2143	GPD1	2781	KRAS	1
2143	GPD1	3579	NRAS	1
2144	GPHN	3375	NAE1	1
2145	GPKOW	5473	TIMM17B	1
2146	GPLD1	5341	TADA1	1
2147	GPN1	3375	NAE1	1
2148	GPN3	2411	HRAS	1
2148	GPN3	2781	KRAS	1
2148	GPN3	3579	NRAS	1
2149	GPR119	3375	NAE1	1
2150	GPR132	3375	NAE1	1
2151	GPR157	2411	HRAS	1
2151	GPR157	2781	KRAS	1
2151	GPR157	3579	NRAS	1
2153	GPR182	2411	HRAS	1
2153	GPR182	2781	KRAS	1
2153	GPR182	3579	NRAS	1
2154	GPR183	3182	MNDA	1
2155	GPR3	5339	TACR1	1
2157	GPR33	2411	HRAS	1
2157	GPR33	2781	KRAS	1
2157	GPR33	3579	NRAS	1
2158	GPR37L1	3375	NAE1	1
2159	GPR39	4807	SDC4	1
2160	GPR53P	2411	HRAS	1
2160	GPR53P	2781	KRAS	1
2160	GPR53P	3579	NRAS	1
2161	GPR65	3375	NAE1	1
2162	GPR68	5339	TACR1	1
2162	GPR68	4191	PRB3	1
2163	GPR89A	3326	MYC	1
2164	GPR89B	5507	TMED2	1
2164	GPR89B	4847	SENP2	1
2164	GPR89B	5503	TMCO1	1
2165	GPRC5A	4837	SEMA3B	1
2165	GPRC5A	2738	KLF4	1
2165	GPRC5A	4861	SERPINB5	1
2165	GPRC5A	2939	LRRC8E	1
2165	GPRC5A	2682	KDELR3	1
2165	GPRC5A	2739	KLF5	1
2165	GPRC5A	2954	LSR	1
2165	GPRC5A	2960	LTBR	1
2165	GPRC5A	5286	STYK1	1
2165	GPRC5A	5493	TM4SF1	1
2166	GPRC5B	3326	MYC	1
2168	GPRIN2	3375	NAE1	1
2169	GPS1	3265	MRPS7	1
2170	GPS2	3924	PHF23	1
2171	GPSM2	3326	MYC	1
2174	GPX4	2411	HRAS	1
2174	GPX4	2781	KRAS	1
2174	GPX4	3579	NRAS	1
2174	GPX4	3375	NAE1	1
2175	GPX5	3326	MYC	1
2176	GPX8	4565	RIN2	1
2176	GPX8	4590	RND3	1
2176	GPX8	5091	SMURF2	1
2176	GPX8	2810	LAMA4	1
2176	GPX8	3175	MMP14	1
2176	GPX8	4752	S100A2	1
2176	GPX8	3738	P3H1	1
2176	GPX8	5447	TGM2	1
2176	GPX8	4169	PPP2R3A	1
2176	GPX8	3609	NUAK1	1
2176	GPX8	3760	PAM	1
2176	GPX8	5130	SNX24	1
2176	GPX8	5445	TGFBI	1
2176	GPX8	5590	TNFRSF1A	1
2176	GPX8	3429	NDST1	1
2176	GPX8	5156	SPARC	1
2178	GRAP2	5459	THPO	1
2178	GRAP2	2411	HRAS	1
2178	GRAP2	2781	KRAS	1
2178	GRAP2	3579	NRAS	1
2179	GRB7	2181	GRHL2	1
2179	GRB7	2605	ITGB4	1
2179	GRB7	2629	JUP	1
2180	GRHL1	2411	HRAS	1
2180	GRHL1	2781	KRAS	1
2180	GRHL1	3579	NRAS	1
2181	GRHL2	3026	MAP7	1
2181	GRHL2	2192	GRTP1	1
2181	GRHL2	2605	ITGB4	1
2181	GRHL2	4750	S100A14	1
2181	GRHL2	5280	STX19	1
2181	GRHL2	3457	NECTIN4	1
2181	GRHL2	2411	HRAS	1
2181	GRHL2	2781	KRAS	1
2181	GRHL2	3579	NRAS	1
2182	GRHL3	5228	SSH3	1
2182	GRHL3	2583	IRF6	1
2182	GRHL3	3731	OVOL1	1
2182	GRHL3	3056	MARVELD3	1
2182	GRHL3	3375	NAE1	1
2183	GRIA3	2398	HOXB8	1
2184	GRIK1	5459	THPO	1
2185	GRIN1	5755	TSSK3	1
2186	GRIP2	2411	HRAS	1
2186	GRIP2	2781	KRAS	1
2186	GRIP2	3579	NRAS	1
2187	GRIPAP1	3326	MYC	1
2188	GRK2	6001	WAS	1
2188	GRK2	3395	NBEAL2	1
2189	GRK6	4708	RRM1	1
2189	GRK6	5807	TYMS	1
2189	GRK6	5003	SLC29A1	1
2189	GRK6	5002	SLC28A1	1
2189	GRK6	5004	SLC29A2	1
2190	GRM4	2406	HOXD12	1
2190	GRM4	3880	PDX1	1
2191	GRM8	3568	NPVF	1
2191	GRM8	4162	PPP1R3A	1
2191	GRM8	2411	HRAS	1
2191	GRM8	2781	KRAS	1
2191	GRM8	3579	NRAS	1
2192	GRTP1	2739	KLF5	1
2192	GRTP1	2411	HRAS	1
2192	GRTP1	2781	KRAS	1
2192	GRTP1	3579	NRAS	1
2193	GRWD1	4467	RBM14	1
2193	GRWD1	2388	HNRNPUL1	1
2194	GSC	2949	LSM2	1
2194	GSC	3326	MYC	1
2194	GSC	3925	PHF5A	1
2195	GSDMC	3579	NRAS	1
2195	GSDMC	2411	HRAS	1
2195	GSDMC	2781	KRAS	1
2196	GSG2	3634	NUP88	1
2196	GSG2	4247	PRPF8	1
2196	GSG2	2411	HRAS	1
2196	GSG2	2781	KRAS	1
2196	GSG2	3579	NRAS	1
2197	GSK3B	5639	TP53	1
2197	GSK3B	3326	MYC	1
2199	GSN	2909	LMNA	1
2199	GSN	3375	NAE1	1
2200	GSPT1	5941	USP7	1
2200	GSPT1	2411	HRAS	1
2200	GSPT1	2781	KRAS	1
2200	GSPT1	3579	NRAS	1
2201	GSTA3	2411	HRAS	1
2201	GSTA3	2781	KRAS	1
2201	GSTA3	3579	NRAS	1
2202	GSTK1	4966	SLC12A9	1
2203	GSTM2	3375	NAE1	1
2204	GSTO2	5340	TACSTD2	1
2205	GTF2A1L	2411	HRAS	1
2205	GTF2A1L	2781	KRAS	1
2205	GTF2A1L	3579	NRAS	1
2206	GTF2A2	4276	PSMA2	1
2206	GTF2A2	4294	PSMD10	1
2206	GTF2A2	2535	ILF2	1
2206	GTF2A2	2411	HRAS	1
2206	GTF2A2	2781	KRAS	1
2206	GTF2A2	3579	NRAS	1
2207	GTF2B	3636	NUPL2	1
2207	GTF2B	2411	HRAS	1
2207	GTF2B	2781	KRAS	1
2207	GTF2B	3579	NRAS	1
2207	GTF2B	3326	MYC	1
2208	GTF2E2	3326	MYC	1
2209	GTF2F1	2700	KHSRP	1
2209	GTF2F1	4103	POLR2E	1
2210	GTF2H1	4291	PSMC3	1
2210	GTF2H1	4407	RAD51	1
2210	GTF2H1	2482	IGF1	1
2210	GTF2H1	4708	RRM1	1
2210	GTF2H1	5225	SSBP1	1
2210	GTF2H1	4644	RPL13A	1
2210	GTF2H1	3093	MDM2	1
2210	GTF2H1	6046	WRAP53	1
2210	GTF2H1	2315	HIST1H2AE	1
2210	GTF2H1	3774	PARP1	1
2210	GTF2H1	4061	PMS2	1
2210	GTF2H1	4086	POLE	1
2210	GTF2H1	4491	RBX1	1
2210	GTF2H1	4870	SESN2	1
2210	GTF2H1	6116	ZBTB32	1
2210	GTF2H1	3501	NHP2	1
2210	GTF2H1	5903	UNG	1
2210	GTF2H1	3778	PARP2	1
2210	GTF2H1	4081	POLD1	1
2210	GTF2H1	4405	RAD23B	1
2210	GTF2H1	5918	USP1	1
2210	GTF2H1	4083	POLD4	1
2210	GTF2H1	4099	POLR2A	1
2210	GTF2H1	5585	TNFRSF10B	1
2210	GTF2H1	4094	POLM	1
2210	GTF2H1	2334	HIST1H4A	1
2210	GTF2H1	2485	IGFBP3	1
2210	GTF2H1	4417	RAD9A	1
2210	GTF2H1	2693	KDR	1
2210	GTF2H1	4511	RELA	1
2210	GTF2H1	2489	IGHMBP2	1
2210	GTF2H1	3030	MAPK12	1
2210	GTF2H1	3285	MT1X	1
2210	GTF2H1	3303	MTOR	1
2210	GTF2H1	4150	PPM1D	1
2210	GTF2H1	6074	XRCC2	1
2210	GTF2H1	3375	NAE1	1
2211	GTF2H3	3288	MTA1	1
2211	GTF2H3	5603	TNK2	1
2212	GTF2H4	3375	NAE1	1
2213	GTF2H5	3375	NAE1	1
2213	GTF2H5	3715	ORM1	1
2213	GTF2H5	4320	PTGS1	1
2213	GTF2H5	2733	KIT	1
2213	GTF2H5	4519	RET	1
2213	GTF2H5	3607	NTRK1	1
2213	GTF2H5	3866	PDGFRA	1
2213	GTF2H5	3867	PDGFRB	1
2213	GTF2H5	4975	SLC22A1	1
2213	GTF2H5	4978	SLC22A2	1
2214	GTF2I	2236	H2AFV	1
2215	GTF3A	2362	HMGB1	1
2215	GTF3A	3361	NAA16	1
2216	GTF3C1	6266	ZNF500	1
2217	GTF3C3	2218	GTF3C4	1
2217	GTF3C3	4060	PMS1	1
2217	GTF3C3	4369	RAB1A	1
2217	GTF3C3	4847	SENP2	1
2217	GTF3C3	5246	STAMBP	1
2218	GTF3C4	4069	PNO1	1
2218	GTF3C4	4636	RPE	1
2218	GTF3C4	5298	SUMO1	1
2218	GTF3C4	3254	MRPS2	1
2218	GTF3C4	4405	RAD23B	1
2218	GTF3C4	4808	SDCCAG3	1
2218	GTF3C4	5307	SURF2	1
2218	GTF3C4	5309	SURF6	1
2218	GTF3C4	3326	MYC	1
2219	GTF3C5	5229	SSNA1	1
2219	GTF3C5	5542	TMEM203	1
2219	GTF3C5	5664	TRAF2	1
2219	GTF3C5	6183	ZMYND19	1
2219	GTF3C5	3471	NELFB	1
2220	GTPBP1	3037	MAPK8IP3	1
2220	GTPBP1	5720	TRMT2A	1
2220	GTPBP1	3406	NCAPH2	1
2220	GTPBP1	4085	POLDIP3	1
2220	GTPBP1	5202	SREBF2	1
2220	GTPBP1	6109	ZBED4	1
2221	GTPBP2	2411	HRAS	1
2221	GTPBP2	2781	KRAS	1
2221	GTPBP2	3579	NRAS	1
2222	GTPBP3	2536	ILF3	1
2222	GTPBP3	3110	MED26	1
2222	GTPBP3	3234	MRPL34	1
2222	GTPBP3	3238	MRPL4	1
2222	GTPBP3	4135	PPAN	1
2222	GTPBP3	4432	RANBP3	1
2222	GTPBP3	5531	TMEM161A	1
2223	GTPBP4	5311	SUV39H2	1
2223	GTPBP4	5906	UPF2	1
2223	GTPBP4	3326	MYC	1
2224	GTSE1	4398	RACGAP1	1
2224	GTSE1	3323	MYBL2	1
2224	GTSE1	2706	KIAA1524	1
2224	GTSE1	5063	SMARCB1	1
2224	GTSE1	5783	TUBB1	1
2224	GTSE1	3573	NR1I2	1
2224	GTSE1	3022	MAP4	1
2224	GTSE1	3007	MAP2	1
2224	GTSE1	3045	MAPT	1
2224	GTSE1	5042	SLCO1B3	1
2224	GTSE1	3375	NAE1	1
2226	GUCA2B	5410	TCL1A	1
2227	GULP1	3375	NAE1	1
2228	GYPB	3671	OPRK1	1
2228	GYPB	4547	RHAG	1
2229	GYPE	5371	TAS2R8	1
2229	GYPE	2793	KRT76	1
2230	GZMA	3375	NAE1	1
2231	GZMB	3375	NAE1	1
2232	GZMH	3375	NAE1	1
2233	GZMM	3375	NAE1	1
2234	H1FNT	3155	MIR1-1HG	1
2236	H2AFV	5721	TRMT5	1
2236	H2AFV	3627	NUP205	1
2236	H2AFV	4276	PSMA2	1
2237	H2AFX	4199	PRDX2	1
2237	H2AFX	6077	XRCC5	1
2237	H2AFX	3774	PARP1	1
2237	H2AFX	4407	RAD51	1
2237	H2AFX	5480	TIPARP	1
2237	H2AFX	4086	POLE	1
2237	H2AFX	5471	TIMELESS	1
2237	H2AFX	2766	KMT2A	1
2237	H2AFX	5639	TP53	1
2237	H2AFX	3375	NAE1	1
2238	H2AFZ	5852	UBE2T	1
2238	H2AFZ	4408	RAD51AP1	1
2239	H3F3B	5467	TIA1	1
2239	H3F3B	3375	NAE1	1
2240	H3F3C	6124	ZBTB6	1
2242	HACD3	4635	RPAP3	1
2242	HACD3	4500	RCN2	1
2242	HACD3	2428	HSP90AB1	1
2242	HACD3	4275	PSMA1	1
2243	HACE1	2411	HRAS	1
2243	HACE1	2781	KRAS	1
2243	HACE1	3579	NRAS	1
2243	HACE1	5783	TUBB1	1
2243	HACE1	3573	NR1I2	1
2243	HACE1	3022	MAP4	1
2243	HACE1	3007	MAP2	1
2243	HACE1	3045	MAPT	1
2243	HACE1	5042	SLCO1B3	1
2244	HACL1	3734	OXNAD1	1
2245	HADH	3079	MCM2	1
2246	HAGH	3375	NAE1	1
2247	HAL	2411	HRAS	1
2247	HAL	2781	KRAS	1
2247	HAL	3579	NRAS	1
2248	HAMP	3331	MYH13	1
2248	HAMP	2300	HHLA2	1
2249	HAO2	3375	NAE1	1
2250	HAT1	3630	NUP54	1
2250	HAT1	4223	PRKDC	1
2250	HAT1	3273	MSH6	1
2250	HAT1	4069	PNO1	1
2251	HAUS1	5802	TXNL1	1
2252	HAUS2	6300	ZNF611	1
2253	HAUS4	2411	HRAS	1
2253	HAUS4	2781	KRAS	1
2253	HAUS4	3579	NRAS	1
2254	HAUS5	2874	LIG1	1
2254	HAUS5	3023	MAP4K1	1
2254	HAUS5	3080	MCM3	1
2254	HAUS5	4096	POLQ	1
2255	HAUS6	4273	PSIP1	1
2257	HAUS8	3110	MED26	1
2258	HBP1	5836	UBE2H	1
2259	HBS1L	5211	SRP9	1
2259	HBS1L	2558	INTS12	1
2259	HBS1L	2411	HRAS	1
2259	HBS1L	2781	KRAS	1
2259	HBS1L	3579	NRAS	1
2260	HCAR1	2411	HRAS	1
2260	HCAR1	2781	KRAS	1
2260	HCAR1	3579	NRAS	1
2261	HCCS	3519	NME1	1
2261	HCCS	4136	PPARA	1
2261	HCCS	5578	TNF	1
2261	HCCS	3074	MBTPS2	1
2262	HCFC1	6266	ZNF500	1
2262	HCFC1	3139	MGRN1	1
2262	HCFC1	5813	UBA1	1
2262	HCFC1	5783	TUBB1	1
2262	HCFC1	3573	NR1I2	1
2262	HCFC1	3022	MAP4	1
2262	HCFC1	3007	MAP2	1
2262	HCFC1	3045	MAPT	1
2262	HCFC1	5042	SLCO1B3	1
2263	HCG27	3326	MYC	1
2264	HCG9	2411	HRAS	1
2264	HCG9	2781	KRAS	1
2264	HCG9	3579	NRAS	1
2265	HCK	2411	HRAS	1
2265	HCK	2781	KRAS	1
2265	HCK	3579	NRAS	1
2265	HCK	4708	RRM1	1
2265	HCK	5807	TYMS	1
2265	HCK	5003	SLC29A1	1
2265	HCK	5002	SLC28A1	1
2265	HCK	5004	SLC29A2	1
2267	HCN1	3375	NAE1	1
2268	HCN3	2411	HRAS	1
2268	HCN3	2781	KRAS	1
2268	HCN3	3579	NRAS	1
2269	HDAC1	3375	NAE1	1
2270	HDAC10	3375	NAE1	1
2271	HDAC11	3375	NAE1	1
2272	HDAC2	3062	MATR3	1
2272	HDAC2	2746	KLHL23	1
2272	HDAC2	3929	PHIP	1
2272	HDAC2	4623	RNGTT	1
2272	HDAC2	5716	TRMT11	1
2272	HDAC2	3375	NAE1	1
2273	HDAC3	3375	NAE1	1
2274	HDAC4	3375	NAE1	1
2275	HDAC7	2411	HRAS	1
2275	HDAC7	2781	KRAS	1
2275	HDAC7	3579	NRAS	1
2276	HDAC9	4460	RBBP8	1
2276	HDAC9	5639	TP53	1
2276	HDAC9	2411	HRAS	1
2276	HDAC9	2781	KRAS	1
2276	HDAC9	3579	NRAS	1
2276	HDAC9	4030	PLK1	1
2276	HDAC9	3375	NAE1	1
2277	HDDC3	3242	MRPL46	1
2278	HDGFL2	3969	PIN1	1
2279	HDHD2	5802	TXNL1	1
2279	HDHD2	3065	MBD1	1
2279	HDHD2	3097	ME2	1
2279	HDHD2	4599	RNF138	1
2279	HDHD2	4672	RPRD1A	1
2279	HDHD2	6215	ZNF24	1
2279	HDHD2	6222	ZNF271P	1
2279	HDHD2	6247	ZNF397	1
2280	HDHD5	4097	POLR1B	1
2281	HDLBP	3326	MYC	1
2282	HDX	3375	NAE1	1
2283	HEATR1	2411	HRAS	1
2283	HEATR1	2781	KRAS	1
2283	HEATR1	3579	NRAS	1
2284	HEBP1	2682	KDELR3	1
2284	HEBP1	2443	HTR7P1	1
2284	HEBP1	2960	LTBR	1
2285	HEBP2	2411	HRAS	1
2285	HEBP2	2781	KRAS	1
2285	HEBP2	3579	NRAS	1
2286	HECTD1	5275	STRN3	1
2287	HECTD3	5783	TUBB1	1
2287	HECTD3	3573	NR1I2	1
2287	HECTD3	3022	MAP4	1
2287	HECTD3	3007	MAP2	1
2287	HECTD3	3045	MAPT	1
2287	HECTD3	5042	SLCO1B3	1
2288	HEG1	3724	OSMR	1
2289	HELLS	4891	SFPQ	1
2289	HELLS	3838	PCNA	1
2289	HELLS	6186	ZNF107	1
2289	HELLS	4526	RFC2	1
2289	HELLS	5635	TOPBP1	1
2290	HEMK1	2411	HRAS	1
2290	HEMK1	2781	KRAS	1
2290	HEMK1	3579	NRAS	1
2291	HERC1	3326	MYC	1
2292	HERC5	3082	MCM5	1
2292	HERC5	5298	SUMO1	1
2292	HERC5	5813	UBA1	1
2292	HERC5	5783	TUBB1	1
2292	HERC5	3573	NR1I2	1
2292	HERC5	3022	MAP4	1
2292	HERC5	3007	MAP2	1
2292	HERC5	3045	MAPT	1
2292	HERC5	5042	SLCO1B3	1
2293	HERC6	3776	PARP14	1
2293	HERC6	5252	STAT1	1
2294	HEXB	3725	OSTM1	1
2294	HEXB	2532	IL6ST	1
2294	HEXB	3137	MGAT4B	1
2295	HEXDC	3072	MBTD1	1
2296	HFE	2508	IL17RC	1
2297	HGF	3077	MCL1	1
2297	HGF	3303	MTOR	1
2298	HGS	5022	SLC38A10	1
2299	HHATL	2411	HRAS	1
2299	HHATL	2781	KRAS	1
2299	HHATL	3579	NRAS	1
2301	HIBCH	2411	HRAS	1
2301	HIBCH	2781	KRAS	1
2301	HIBCH	3579	NRAS	1
2302	HIF1A	3375	NAE1	1
2303	HIF3A	3715	ORM1	1
2303	HIF3A	4320	PTGS1	1
2303	HIF3A	2733	KIT	1
2303	HIF3A	4519	RET	1
2303	HIF3A	3607	NTRK1	1
2303	HIF3A	3866	PDGFRA	1
2303	HIF3A	3867	PDGFRB	1
2303	HIF3A	4975	SLC22A1	1
2303	HIF3A	4978	SLC22A2	1
2304	HIGD2A	2411	HRAS	1
2304	HIGD2A	2781	KRAS	1
2304	HIGD2A	3579	NRAS	1
2305	HIKESHI	4294	PSMD10	1
2305	HIKESHI	3959	PIK3CA	1
2306	HINFP	2343	HJURP	1
2307	HINT1	3375	NAE1	1
2308	HIP1R	4314	PTCRA	1
2309	HIPK1	2927	LRIG2	1
2309	HIPK1	4943	SIKE1	1
2309	HIPK1	4708	RRM1	1
2309	HIPK1	5807	TYMS	1
2309	HIPK1	5003	SLC29A1	1
2309	HIPK1	5002	SLC28A1	1
2309	HIPK1	5004	SLC29A2	1
2310	HIPK2	3093	MDM2	1
2310	HIPK2	3094	MDM4	1
2310	HIPK2	5639	TP53	1
2313	HIST1H1C	2319	HIST1H2BD	1
2313	HIST1H1C	2320	HIST1H2BE	1
2313	HIST1H1C	2321	HIST1H2BF	1
2313	HIST1H1C	2322	HIST1H2BG	1
2313	HIST1H1C	2323	HIST1H2BH	1
2313	HIST1H1C	2324	HIST1H2BI	1
2313	HIST1H1C	2340	HIST1H4H	1
2314	HIST1H2AA	2411	HRAS	1
2314	HIST1H2AA	2781	KRAS	1
2314	HIST1H2AA	3579	NRAS	1
2315	HIST1H2AE	2317	HIST1H2AK	1
2315	HIST1H2AE	2318	HIST1H2AM	1
2315	HIST1H2AE	4086	POLE	1
2315	HIST1H2AE	4491	RBX1	1
2315	HIST1H2AE	4708	RRM1	1
2315	HIST1H2AE	2482	IGF1	1
2315	HIST1H2AE	4407	RAD51	1
2315	HIST1H2AE	4099	POLR2A	1
2315	HIST1H2AE	5225	SSBP1	1
2315	HIST1H2AE	4061	PMS2	1
2315	HIST1H2AE	6046	WRAP53	1
2315	HIST1H2AE	4094	POLM	1
2315	HIST1H2AE	4644	RPL13A	1
2315	HIST1H2AE	6116	ZBTB32	1
2315	HIST1H2AE	4511	RELA	1
2315	HIST1H2AE	3093	MDM2	1
2315	HIST1H2AE	3501	NHP2	1
2315	HIST1H2AE	4150	PPM1D	1
2315	HIST1H2AE	4405	RAD23B	1
2315	HIST1H2AE	2334	HIST1H4A	1
2315	HIST1H2AE	3285	MT1X	1
2315	HIST1H2AE	4083	POLD4	1
2315	HIST1H2AE	4417	RAD9A	1
2315	HIST1H2AE	2693	KDR	1
2315	HIST1H2AE	3030	MAPK12	1
2315	HIST1H2AE	3303	MTOR	1
2315	HIST1H2AE	5585	TNFRSF10B	1
2315	HIST1H2AE	5903	UNG	1
2315	HIST1H2AE	2485	IGFBP3	1
2315	HIST1H2AE	4870	SESN2	1
2315	HIST1H2AE	5918	USP1	1
2315	HIST1H2AE	6074	XRCC2	1
2315	HIST1H2AE	2489	IGHMBP2	1
2315	HIST1H2AE	3778	PARP2	1
2315	HIST1H2AE	3774	PARP1	1
2315	HIST1H2AE	4081	POLD1	1
2316	HIST1H2AJ	2334	HIST1H4A	1
2317	HIST1H2AK	3326	MYC	1
2320	HIST1H2BE	2329	HIST1H3E	1
2321	HIST1H2BF	2329	HIST1H3E	1
2322	HIST1H2BG	2411	HRAS	1
2322	HIST1H2BG	2781	KRAS	1
2322	HIST1H2BG	3579	NRAS	1
2325	HIST1H2BO	3375	NAE1	1
2326	HIST1H3B	2338	HIST1H4F	1
2327	HIST1H3C	3375	NAE1	1
2328	HIST1H3D	2329	HIST1H3E	1
2329	HIST1H3E	2334	HIST1H4A	1
2329	HIST1H3E	2337	HIST1H4E	1
2329	HIST1H3E	2340	HIST1H4H	1
2330	HIST1H3F	3715	ORM1	1
2330	HIST1H3F	4320	PTGS1	1
2330	HIST1H3F	2733	KIT	1
2330	HIST1H3F	4519	RET	1
2330	HIST1H3F	3607	NTRK1	1
2330	HIST1H3F	3866	PDGFRA	1
2330	HIST1H3F	3867	PDGFRB	1
2330	HIST1H3F	4975	SLC22A1	1
2330	HIST1H3F	4978	SLC22A2	1
2331	HIST1H3H	3375	NAE1	1
2332	HIST1H3I	2334	HIST1H4A	1
2333	HIST1H3J	2334	HIST1H4A	1
2334	HIST1H4A	2335	HIST1H4B	1
2334	HIST1H4A	2336	HIST1H4D	1
2334	HIST1H4A	2338	HIST1H4F	1
2334	HIST1H4A	2341	HIST1H4I	1
2334	HIST1H4A	2342	HIST1H4L	1
2334	HIST1H4A	4644	RPL13A	1
2334	HIST1H4A	4708	RRM1	1
2334	HIST1H4A	3093	MDM2	1
2334	HIST1H4A	4099	POLR2A	1
2334	HIST1H4A	5225	SSBP1	1
2334	HIST1H4A	4407	RAD51	1
2334	HIST1H4A	4086	POLE	1
2334	HIST1H4A	4491	RBX1	1
2334	HIST1H4A	2482	IGF1	1
2334	HIST1H4A	3285	MT1X	1
2334	HIST1H4A	4081	POLD1	1
2334	HIST1H4A	4405	RAD23B	1
2334	HIST1H4A	6046	WRAP53	1
2334	HIST1H4A	2485	IGFBP3	1
2334	HIST1H4A	3030	MAPK12	1
2334	HIST1H4A	3303	MTOR	1
2334	HIST1H4A	3501	NHP2	1
2334	HIST1H4A	3774	PARP1	1
2334	HIST1H4A	4083	POLD4	1
2334	HIST1H4A	4150	PPM1D	1
2334	HIST1H4A	5903	UNG	1
2334	HIST1H4A	6116	ZBTB32	1
2334	HIST1H4A	4094	POLM	1
2334	HIST1H4A	2693	KDR	1
2334	HIST1H4A	4061	PMS2	1
2334	HIST1H4A	4511	RELA	1
2334	HIST1H4A	5585	TNFRSF10B	1
2334	HIST1H4A	2489	IGHMBP2	1
2334	HIST1H4A	4417	RAD9A	1
2334	HIST1H4A	4870	SESN2	1
2334	HIST1H4A	5918	USP1	1
2334	HIST1H4A	6074	XRCC2	1
2337	HIST1H4E	2338	HIST1H4F	1
2339	HIST1H4G	3326	MYC	1
2344	HK1	3326	MYC	1
2345	HK2	3375	NAE1	1
2346	HLA-B	2579	IRF2	1
2347	HLA-C	2456	ICAM1	1
2348	HLA-DOA	4981	SLC22A7	1
2349	HLA-DOB	2411	HRAS	1
2349	HLA-DOB	2781	KRAS	1
2349	HLA-DOB	3579	NRAS	1
2350	HLA-DQB1	3375	NAE1	1
2351	HLA-DRA	3715	ORM1	1
2351	HLA-DRA	4320	PTGS1	1
2351	HLA-DRA	2733	KIT	1
2351	HLA-DRA	4519	RET	1
2351	HLA-DRA	3607	NTRK1	1
2351	HLA-DRA	3866	PDGFRA	1
2351	HLA-DRA	3867	PDGFRB	1
2351	HLA-DRA	4975	SLC22A1	1
2351	HLA-DRA	4978	SLC22A2	1
2352	HLA-DRB5	3715	ORM1	1
2352	HLA-DRB5	4320	PTGS1	1
2352	HLA-DRB5	2733	KIT	1
2352	HLA-DRB5	4519	RET	1
2352	HLA-DRB5	3607	NTRK1	1
2352	HLA-DRB5	3866	PDGFRA	1
2352	HLA-DRB5	3867	PDGFRB	1
2352	HLA-DRB5	4975	SLC22A1	1
2352	HLA-DRB5	4978	SLC22A2	1
2353	HLA-E	5361	TAP2	1
2354	HLA-F	2355	HLA-G	1
2356	HLCS	3375	NAE1	1
2357	HM13	2411	HRAS	1
2357	HM13	2781	KRAS	1
2357	HM13	3579	NRAS	1
2358	HMBOX1	2557	INTS10	1
2358	HMBOX1	3086	MCPH1	1
2358	HMBOX1	3302	MTMR9	1
2358	HMBOX1	5604	TNKS	1
2358	HMBOX1	2411	HRAS	1
2358	HMBOX1	2781	KRAS	1
2358	HMBOX1	3579	NRAS	1
2359	HMBS	5021	SLC37A4	1
2360	HMCN1	3375	NAE1	1
2362	HMGB1	5918	USP1	1
2362	HMGB1	2375	HNRNPA2B1	1
2362	HMGB1	4458	RBBP4	1
2362	HMGB1	5807	TYMS	1
2362	HMGB1	5270	STMN1	1
2362	HMGB1	4079	POLA2	1
2362	HMGB1	4415	RAD54L	1
2362	HMGB1	3323	MYBL2	1
2362	HMGB1	3375	NAE1	1
2363	HMGB2	2374	HNRNPA1	1
2363	HMGB2	5932	USP37	1
2363	HMGB2	2376	HNRNPA3	1
2363	HMGB2	2375	HNRNPA2B1	1
2363	HMGB2	5471	TIMELESS	1
2363	HMGB2	5770	TTK	1
2363	HMGB2	4957	SKP2	1
2363	HMGB2	3375	NAE1	1
2364	HMGN1	2832	LARP7	1
2364	HMGN1	3791	PAXBP1	1
2365	HMGN1P2	3326	MYC	1
2366	HMGN2	2411	HRAS	1
2366	HMGN2	2781	KRAS	1
2366	HMGN2	3579	NRAS	1
2367	HMGN2P11	2411	HRAS	1
2367	HMGN2P11	2781	KRAS	1
2367	HMGN2P11	3579	NRAS	1
2368	HMGN4	6206	ZNF184	1
2369	HMMR	3838	PCNA	1
2369	HMMR	2719	KIF20A	1
2369	HMMR	4344	PTTG1	1
2370	HMOX1	3375	NAE1	1
2371	HNF4A	3016	MAP3K19	1
2371	HNF4A	5750	TSPO2	1
2371	HNF4A	3880	PDX1	1
2372	HNF4G	2411	HRAS	1
2372	HNF4G	2781	KRAS	1
2372	HNF4G	3579	NRAS	1
2373	HNRNPA0	2910	LMNB1	1
2374	HNRNPA1	4665	RPL5	1
2374	HNRNPA1	6121	ZBTB44	1
2374	HNRNPA1	2380	HNRNPD	1
2374	HNRNPA1	3389	NASP	1
2374	HNRNPA1	2984	MAD2L1	1
2375	HNRNPA2B1	3003	MANEA	1
2375	HNRNPA2B1	4117	POLR3K	1
2375	HNRNPA2B1	6086	YBX1	1
2375	HNRNPA2B1	2382	HNRNPF	1
2375	HNRNPA2B1	3240	MRPL42	1
2375	HNRNPA2B1	4527	RFC3	1
2375	HNRNPA2B1	4529	RFC5	1
2375	HNRNPA2B1	5658	TPX2	1
2375	HNRNPA2B1	6223	ZNF273	1
2375	HNRNPA2B1	3403	NCAPG	1
2376	HNRNPA3	4609	RNF219	1
2376	HNRNPA3	4473	RBM26	1
2376	HNRNPA3	4761	SAFB	1
2376	HNRNPA3	5403	TCERG1	1
2377	HNRNPAB	3326	MYC	1
2378	HNRNPC	4955	SKIV2L2	1
2378	HNRNPC	4376	RAB28	1
2378	HNRNPC	6144	ZCCHC4	1
2378	HNRNPC	6086	YBX1	1
2378	HNRNPC	5389	TBL1XR1	1
2378	HNRNPC	2996	MAGOH	1
2378	HNRNPC	3751	PAICS	1
2378	HNRNPC	5654	TPR	1
2378	HNRNPC	4068	PNN	1
2378	HNRNPC	2411	HRAS	1
2378	HNRNPC	2781	KRAS	1
2378	HNRNPC	3579	NRAS	1
2380	HNRNPD	3625	NUP160	1
2380	HNRNPD	3585	NRF1	1
2380	HNRNPD	5635	TOPBP1	1
2380	HNRNPD	5631	TOP2A	1
2380	HNRNPD	2381	HNRNPDL	1
2380	HNRNPD	3253	MRPS18C	1
2380	HNRNPD	3630	NUP54	1
2382	HNRNPF	4998	SLC25A40	1
2382	HNRNPF	4813	SDHB	1
2382	HNRNPF	5525	TMEM135	1
2382	HNRNPF	5345	TAF12	1
2382	HNRNPF	6344	ZNF780A	1
2382	HNRNPF	3187	MOCS3	1
2382	HNRNPF	3424	NDC1	1
2382	HNRNPF	5879	UCHL5	1
2382	HNRNPF	5550	TMEM230	1
2383	HNRNPH1	2536	ILF3	1
2383	HNRNPH1	5624	TOMM22	1
2383	HNRNPH1	3062	MATR3	1
2384	HNRNPH3	2385	HNRNPM	1
2384	HNRNPH3	2709	KIF11	1
2384	HNRNPH3	3326	MYC	1
2385	HNRNPM	3632	NUP62	1
2385	HNRNPM	4081	POLD1	1
2385	HNRNPM	2700	KHSRP	1
2385	HNRNPM	2782	KRI1	1
2385	HNRNPM	5061	SMARCA4	1
2385	HNRNPM	2411	HRAS	1
2385	HNRNPM	2781	KRAS	1
2385	HNRNPM	3579	NRAS	1
2385	HNRNPM	6007	WDCP	1
2386	HNRNPR	4467	RBM14	1
2386	HNRNPR	3080	MCM3	1
2386	HNRNPR	4764	SAMD1	1
2386	HNRNPR	4163	PPP1R8	1
2386	HNRNPR	5170	SPEN	1
2386	HNRNPR	6101	YTHDF2	1
2387	HNRNPU	3594	NSL1	1
2387	HNRNPU	3774	PARP1	1
2388	HNRNPUL1	3382	NAP1L4	1
2388	HNRNPUL1	4760	SAE1	1
2388	HNRNPUL1	5172	SPHK2	1
2388	HNRNPUL1	5339	TACR1	1
2388	HNRNPUL1	6300	ZNF611	1
2389	HOMER1	2411	HRAS	1
2389	HOMER1	2781	KRAS	1
2389	HOMER1	3579	NRAS	1
2390	HOOK2	2931	LRRC1	1
2391	HOXA1	3326	MYC	1
2392	HOXA10	2393	HOXA9	1
2395	HOXB4	3375	NAE1	1
2396	HOXB5	2397	HOXB7	1
2396	HOXB5	2411	HRAS	1
2396	HOXB5	2781	KRAS	1
2396	HOXB5	3579	NRAS	1
2398	HOXB8	2920	LPAL2	1
2399	HOXC10	2403	HOXC9	1
2400	HOXC11	2411	HRAS	1
2400	HOXC11	2781	KRAS	1
2400	HOXC11	3579	NRAS	1
2401	HOXC6	2402	HOXC8	1
2402	HOXC8	2403	HOXC9	1
2404	HOXD1	2411	HRAS	1
2404	HOXD1	2781	KRAS	1
2404	HOXD1	3579	NRAS	1
2405	HOXD10	3326	MYC	1
2407	HPD	3375	NAE1	1
2408	HPF1	3466	NEK1	1
2409	HPS1	5783	TUBB1	1
2409	HPS1	3573	NR1I2	1
2409	HPS1	3022	MAP4	1
2409	HPS1	3007	MAP2	1
2409	HPS1	3045	MAPT	1
2409	HPS1	5042	SLCO1B3	1
2410	HPS5	2411	HRAS	1
2410	HPS5	2781	KRAS	1
2410	HPS5	3579	NRAS	1
2411	HRAS	3326	MYC	1
2411	HRAS	5639	TP53	1
2411	HRAS	5534	TMEM17	1
2411	HRAS	5206	SRMS	1
2411	HRAS	2913	LMO3	1
2411	HRAS	5681	TRERF1	1
2411	HRAS	4281	PSMA7	1
2411	HRAS	3869	PDHB	1
2411	HRAS	5210	SRP72	1
2411	HRAS	2955	LSS	1
2411	HRAS	5247	STAR	1
2411	HRAS	5213	SRPK3	1
2411	HRAS	3141	MIA	1
2411	HRAS	2698	KHDRBS3	1
2411	HRAS	6051	WWC2	1
2411	HRAS	3316	MX1	1
2411	HRAS	5853	UBE2U	1
2411	HRAS	3622	NUMB	1
2411	HRAS	5821	UBAP2L	1
2411	HRAS	3323	MYBL2	1
2411	HRAS	5617	TNXB	1
2411	HRAS	3658	OFCC1	1
2411	HRAS	4235	PROK1	1
2411	HRAS	2854	LECT2	1
2411	HRAS	5620	TOGARAM1	1
2411	HRAS	2630	KALRN	1
2411	HRAS	4418	RAD9B	1
2411	HRAS	4385	RAB41	1
2411	HRAS	2576	IRAK3	1
2411	HRAS	3011	MAP2K5	1
2411	HRAS	2546	ING1	1
2411	HRAS	2616	JADE2	1
2411	HRAS	4038	PLP1	1
2411	HRAS	6323	ZNF695	1
2411	HRAS	5169	SPECC1	1
2411	HRAS	5900	UNC13C	1
2411	HRAS	5740	TSHB	1
2411	HRAS	2762	KLK8	1
2411	HRAS	4597	RNF130	1
2411	HRAS	5250	STARD6	1
2411	HRAS	6361	ZNRF2	1
2411	HRAS	5220	SRSF8	1
2411	HRAS	5891	UGT3A1	1
2411	HRAS	3348	MYO1E	1
2411	HRAS	4422	RAG2	1
2411	HRAS	2992	MAGED4	1
2411	HRAS	4031	PLK2	1
2411	HRAS	4019	PLEKHG4	1
2411	HRAS	6118	ZBTB34	1
2411	HRAS	5885	UFSP1	1
2411	HRAS	5195	SQOR	1
2411	HRAS	4448	RASGEF1C	1
2411	HRAS	4607	RNF20	1
2411	HRAS	5886	UGCG	1
2411	HRAS	5567	TMEM86B	1
2411	HRAS	4151	PPM1E	1
2411	HRAS	3699	OR52B2	1
2411	HRAS	5771	TTLL3	1
2411	HRAS	5607	TNNT3	1
2411	HRAS	3562	NPNT	1
2411	HRAS	2907	LMAN1L	1
2411	HRAS	6161	ZFP37	1
2411	HRAS	5892	UHMK1	1
2411	HRAS	4663	RPL39	1
2411	HRAS	2569	IPW	1
2411	HRAS	4379	RAB33B	1
2411	HRAS	6239	ZNF33A	1
2411	HRAS	4268	PRTN3	1
2411	HRAS	4086	POLE	1
2411	HRAS	4859	SERPINB12	1
2411	HRAS	5294	SULT1B1	1
2411	HRAS	6375	ZZZ3	1
2411	HRAS	5196	SQSTM1	1
2411	HRAS	3144	MICAL1	1
2411	HRAS	5978	VPS13C	1
2411	HRAS	5409	TCHHL1	1
2411	HRAS	5606	TNNI3K	1
2411	HRAS	3666	OLIG2	1
2411	HRAS	4306	PSMF1	1
2411	HRAS	4075	POFUT1	1
2411	HRAS	2669	KCNQ5	1
2411	HRAS	4904	SGMS1	1
2411	HRAS	4785	SCARF1	1
2411	HRAS	6297	ZNF608	1
2411	HRAS	3380	NANP	1
2411	HRAS	2950	LSM3	1
2411	HRAS	6245	ZNF383	1
2411	HRAS	2459	ICMT	1
2411	HRAS	2564	INTU	1
2411	HRAS	6158	ZFP2	1
2411	HRAS	6278	ZNF556	1
2411	HRAS	2919	LOXL2	1
2411	HRAS	5995	VTI1A	1
2411	HRAS	4678	RPS14	1
2411	HRAS	2475	IFNA6	1
2411	HRAS	3708	OR7A10	1
2411	HRAS	2568	IPO9	1
2411	HRAS	5981	VPS33A	1
2411	HRAS	2637	KAT6B	1
2411	HRAS	2498	IKZF2	1
2411	HRAS	2796	KRT88P	1
2411	HRAS	6190	ZNF132	1
2411	HRAS	3529	NNT	1
2411	HRAS	3879	PDSS2	1
2411	HRAS	5752	TSPYL5	1
2411	HRAS	5687	TRIM21	1
2411	HRAS	3108	MED23	1
2411	HRAS	2935	LRRC39	1
2411	HRAS	5208	SRP54	1
2411	HRAS	3678	OR13A1	1
2411	HRAS	5219	SRSF1	1
2411	HRAS	5461	THRSP	1
2411	HRAS	5071	SMC4	1
2411	HRAS	3125	METRNL	1
2411	HRAS	2977	LYST	1
2411	HRAS	3590	NSA2	1
2411	HRAS	6264	ZNF485	1
2411	HRAS	4080	POLB	1
2411	HRAS	5776	TTTY13	1
2411	HRAS	3400	NCAM1	1
2411	HRAS	4728	RTEL1	1
2411	HRAS	6035	WDR97	1
2411	HRAS	5947	UTP14A	1
2411	HRAS	6090	YES1	1
2411	HRAS	5651	TPH1	1
2411	HRAS	5450	THAP10	1
2411	HRAS	6358	ZNHIT3	1
2411	HRAS	4935	SHTN1	1
2411	HRAS	5201	SRD5A3	1
2411	HRAS	3882	PDZD8	1
2411	HRAS	3507	NKAP	1
2411	HRAS	3797	PCBP2P1	1
2411	HRAS	2460	ICOS	1
2411	HRAS	4707	RREB1	1
2411	HRAS	5529	TMEM150A	1
2411	HRAS	2525	IL2RB	1
2411	HRAS	5829	UBE2D4	1
2411	HRAS	3120	MESDC1	1
2411	HRAS	4580	RMI2	1
2411	HRAS	5414	TCTE1	1
2411	HRAS	5171	SPHK1	1
2411	HRAS	4924	SH3TC2	1
2411	HRAS	2591	ISG20L2	1
2411	HRAS	4843	SEMA7A	1
2411	HRAS	3069	MBL1P	1
2411	HRAS	5120	SNTB2	1
2411	HRAS	3206	MPO	1
2411	HRAS	2971	LY96	1
2411	HRAS	4082	POLD3	1
2411	HRAS	2966	LY6G6C	1
2411	HRAS	5460	THRA	1
2411	HRAS	3419	NCOA6	1
2411	HRAS	2679	KCTD3	1
2411	HRAS	4055	PMF1	1
2411	HRAS	5969	VGLL2	1
2411	HRAS	5354	TAF6	1
2411	HRAS	2983	MACROD2	1
2411	HRAS	3279	MSRB2	1
2411	HRAS	3126	METTL14	1
2411	HRAS	2593	ITFG1	1
2411	HRAS	2917	LONRF3	1
2411	HRAS	3289	MTA2	1
2411	HRAS	2530	IL5RA	1
2411	HRAS	2941	LRRN4CL	1
2411	HRAS	4595	RNF128	1
2411	HRAS	3454	NECAP1	1
2411	HRAS	4373	RAB22A	1
2411	HRAS	2778	KPNA7	1
2411	HRAS	5536	TMEM184A	1
2411	HRAS	5721	TRMT5	1
2411	HRAS	4131	POU4F1	1
2411	HRAS	4568	RIOK1	1
2411	HRAS	2875	LIG3	1
2411	HRAS	4559	RIDA	1
2411	HRAS	3675	OR10A7	1
2411	HRAS	6360	ZNRF1	1
2411	HRAS	5525	TMEM135	1
2411	HRAS	5184	SPPL2B	1
2411	HRAS	5343	TAF1	1
2411	HRAS	4891	SFPQ	1
2411	HRAS	5457	THOC7	1
2411	HRAS	6369	ZSCAN9	1
2411	HRAS	3956	PIGV	1
2411	HRAS	5626	TOMM40	1
2411	HRAS	5515	TMEM109	1
2411	HRAS	5777	TTTY6	1
2411	HRAS	3610	NUB1	1
2411	HRAS	2673	KCNV1	1
2411	HRAS	3475	NEU1	1
2411	HRAS	2889	LINC00200	1
2411	HRAS	3448	NDUFS4	1
2411	HRAS	3387	NARS	1
2411	HRAS	2711	KIF14	1
2411	HRAS	5314	SVEP1	1
2411	HRAS	4377	RAB29	1
2411	HRAS	5970	VHL	1
2411	HRAS	4640	RPIA	1
2411	HRAS	4681	RPS17	1
2411	HRAS	5879	UCHL5	1
2411	HRAS	4449	RASGRF2	1
2411	HRAS	4384	RAB3IP	1
2411	HRAS	4531	RFPL2	1
2411	HRAS	5230	SSR3	1
2411	HRAS	5018	SLC35G2	1
2411	HRAS	4881	SF3A1	1
2411	HRAS	3042	MAPKAPK5	1
2411	HRAS	3983	PKD1L3	1
2411	HRAS	6041	WNK3	1
2411	HRAS	2894	LINC01623	1
2411	HRAS	3939	PI3	1
2411	HRAS	2857	LENG1	1
2411	HRAS	5415	TCTE3	1
2411	HRAS	4969	SLC15A3	1
2411	HRAS	4108	POLR2J	1
2411	HRAS	2849	LDHBP2	1
2411	HRAS	4992	SLC25A28	1
2411	HRAS	5352	TAF5	1
2411	HRAS	6362	ZNRF3	1
2411	HRAS	3850	PDCD5	1
2411	HRAS	4735	RTN4RL2	1
2411	HRAS	5242	ST8SIA3	1
2411	HRAS	5840	UBE2K	1
2411	HRAS	4387	RAB5B	1
2411	HRAS	2961	LTK	1
2411	HRAS	5403	TCERG1	1
2411	HRAS	5901	UNC45A	1
2411	HRAS	3432	NDUFA12	1
2411	HRAS	2644	KBTBD3	1
2411	HRAS	3546	NOP14	1
2411	HRAS	3414	NCKIPSD	1
2411	HRAS	2771	KMT5B	1
2411	HRAS	4085	POLDIP3	1
2411	HRAS	6341	ZNF775	1
2411	HRAS	4451	RASL11A	1
2411	HRAS	5202	SREBF2	1
2411	HRAS	3196	MOS	1
2411	HRAS	5081	SMN1	1
2411	HRAS	3391	NAT2	1
2411	HRAS	2526	IL2RG	1
2411	HRAS	3464	NEIL2	1
2411	HRAS	4972	SLC17A7	1
2411	HRAS	3083	MCM6	1
2411	HRAS	4730	RTL6	1
2411	HRAS	3036	MAPK8	1
2411	HRAS	6231	ZNF32	1
2411	HRAS	4920	SH3GLB1	1
2411	HRAS	2702	KIAA0408	1
2411	HRAS	3588	NRM	1
2411	HRAS	5207	SRP14	1
2411	HRAS	5437	TFCP2L1	1
2411	HRAS	2650	KCNA10	1
2411	HRAS	4661	RPL37AP1	1
2411	HRAS	3309	MUC17	1
2411	HRAS	4795	SCN8A	1
2411	HRAS	5256	STAU2	1
2411	HRAS	6058	XAGE3	1
2411	HRAS	4436	RAP1GDS1	1
2411	HRAS	3344	MYLK3	1
2411	HRAS	4984	SLC25A1	1
2411	HRAS	4643	RPL13	1
2411	HRAS	4990	SLC25A2	1
2411	HRAS	5792	TUBGCP5	1
2411	HRAS	4848	SENP5	1
2411	HRAS	5006	SLC2A2	1
2411	HRAS	2724	KIF4A	1
2411	HRAS	6343	ZNF777	1
2411	HRAS	4710	RRM2B	1
2411	HRAS	3916	PHC3	1
2411	HRAS	3403	NCAPG	1
2411	HRAS	3572	NR1H2	1
2411	HRAS	4226	PRLR	1
2411	HRAS	5293	SULT1A2	1
2411	HRAS	4544	RGS22	1
2411	HRAS	4510	REG1A	1
2411	HRAS	2614	IYD	1
2411	HRAS	5893	UHRF2	1
2411	HRAS	5188	SPRY2	1
2411	HRAS	3452	NDUFV2	1
2411	HRAS	4929	SHE	1
2411	HRAS	5905	UPF1	1
2411	HRAS	4648	RPL17	1
2411	HRAS	2417	HS3ST5	1
2411	HRAS	2991	MAGEC3	1
2411	HRAS	3276	MSLN	1
2411	HRAS	4583	RN7SL8P	1
2411	HRAS	3462	NEFL	1
2411	HRAS	6336	ZNF76	1
2411	HRAS	3911	PGPEP1	1
2411	HRAS	3830	PCGF2	1
2411	HRAS	4409	RAD51AP2	1
2411	HRAS	4852	SEP-04	1
2411	HRAS	3082	MCM5	1
2411	HRAS	2822	LAMTOR3	1
2411	HRAS	2631	KANSL1	1
2411	HRAS	3086	MCPH1	1
2411	HRAS	5423	TEF	1
2411	HRAS	5241	ST7	1
2411	HRAS	6328	ZNF705E	1
2411	HRAS	3274	MSL2	1
2411	HRAS	4529	RFC5	1
2411	HRAS	4991	SLC25A26	1
2411	HRAS	3392	NAT8	1
2411	HRAS	4778	SBK2	1
2411	HRAS	3525	NMNAT1	1
2411	HRAS	4003	PLAUR	1
2411	HRAS	2535	ILF2	1
2411	HRAS	6219	ZNF260	1
2411	HRAS	6166	ZFX	1
2411	HRAS	4186	PQLC2	1
2411	HRAS	4329	PTPN1	1
2411	HRAS	4685	RPS25	1
2411	HRAS	2632	KARS	1
2411	HRAS	2688	KDM3B	1
2411	HRAS	3694	OR4K1	1
2411	HRAS	3315	MVP	1
2411	HRAS	6045	WNT9A	1
2411	HRAS	3720	OSBPL9	1
2411	HRAS	4833	SELENOS	1
2411	HRAS	5895	ULBP2	1
2411	HRAS	4356	PYM1	1
2411	HRAS	4364	R3HDM2	1
2411	HRAS	3377	NAGS	1
2411	HRAS	6119	ZBTB39	1
2411	HRAS	2901	LIPG	1
2411	HRAS	3573	NR1I2	1
2411	HRAS	5194	SPTY2D1	1
2411	HRAS	4416	RAD54L2	1
2411	HRAS	5505	TMCO5A	1
2411	HRAS	5125	SNX10	1
2411	HRAS	5370	TAS2R62P	1
2411	HRAS	5977	VNN1	1
2411	HRAS	3182	MNDA	1
2411	HRAS	4724	RSPH14	1
2411	HRAS	3726	OTOF	1
2411	HRAS	3985	PKD2L1	1
2411	HRAS	2609	ITM2A	1
2411	HRAS	2501	IL10RA	1
2411	HRAS	5248	STARD10	1
2411	HRAS	4459	RBBP6	1
2411	HRAS	3345	MYLPF	1
2411	HRAS	2737	KLF3	1
2411	HRAS	2958	LTBP2	1
2411	HRAS	2656	KCNG4	1
2411	HRAS	4783	SCAMP3	1
2411	HRAS	2942	LRRTM2	1
2411	HRAS	5820	UBAC2	1
2411	HRAS	3744	PABPC4L	1
2411	HRAS	5975	VMP1	1
2411	HRAS	3420	NCOR1	1
2411	HRAS	3680	OR1F1	1
2411	HRAS	5510	TMED8	1
2411	HRAS	2663	KCNJ3	1
2411	HRAS	4527	RFC3	1
2411	HRAS	3775	PARP12	1
2411	HRAS	2521	IL24	1
2411	HRAS	5648	TP73-AS1	1
2411	HRAS	5328	SYPL2	1
2411	HRAS	4004	PLB1	1
2411	HRAS	5902	UNC80	1
2411	HRAS	5038	SLC7A5	1
2411	HRAS	3333	MYH15	1
2411	HRAS	3313	MUT	1
2411	HRAS	3290	MTBP	1
2411	HRAS	5803	TXNL4A	1
2411	HRAS	5754	TSSK1B	1
2411	HRAS	2520	IL22RA2	1
2411	HRAS	5037	SLC7A3	1
2411	HRAS	2996	MAGOH	1
2411	HRAS	4836	SEM1	1
2411	HRAS	5346	TAF15	1
2411	HRAS	2667	KCNMA1	1
2411	HRAS	3200	MPHOSPH10	1
2411	HRAS	3513	NLRC4	1
2411	HRAS	3092	MDH2	1
2411	HRAS	4396	RAC1	1
2411	HRAS	3229	MRPL23	1
2411	HRAS	4144	PPIL1	1
2411	HRAS	6283	ZNF570	1
2411	HRAS	4438	RAPGEF2	1
2411	HRAS	5943	USP9X	1
2411	HRAS	3970	PINK1	1
2411	HRAS	3548	NOP16	1
2411	HRAS	3885	PEAK1	1
2411	HRAS	4842	SEMA4F	1
2411	HRAS	5764	TTC3	1
2411	HRAS	4856	SERINC1	1
2411	HRAS	5421	TEAD2	1
2411	HRAS	2765	KLRD1	1
2411	HRAS	6141	ZCCHC13	1
2411	HRAS	3174	MMEL1	1
2411	HRAS	5768	TTC7B	1
2411	HRAS	3022	MAP4	1
2411	HRAS	5277	STT3A	1
2411	HRAS	5435	TFB2M	1
2411	HRAS	5613	TNRC6C	1
2411	HRAS	6287	ZNF579	1
2411	HRAS	5910	UQCR10	1
2411	HRAS	6327	ZNF701	1
2411	HRAS	6170	ZGPAT	1
2411	HRAS	4026	PLG	1
2411	HRAS	5627	TOMM6	1
2411	HRAS	4275	PSMA1	1
2411	HRAS	3707	OR5M9	1
2411	HRAS	5272	STRADA	1
2411	HRAS	5555	TMEM30B	1
2411	HRAS	2649	KCMF1	1
2411	HRAS	3833	PCID2	1
2411	HRAS	4236	PROM1	1
2411	HRAS	2655	KCNG3	1
2411	HRAS	6017	WDR37	1
2411	HRAS	3474	NET1	1
2411	HRAS	3061	MATN2	1
2411	HRAS	5375	TBC1D1	1
2411	HRAS	4963	SLC11A2	1
2411	HRAS	4671	RPP38	1
2411	HRAS	4218	PRKCSH	1
2411	HRAS	4666	RPL7AP13	1
2411	HRAS	5810	U2AF1	1
2411	HRAS	3237	MRPL39	1
2411	HRAS	4818	SDR42E1	1
2411	HRAS	3683	OR2B11	1
2411	HRAS	5484	TK2	1
2411	HRAS	3749	PAFAH1B1	1
2411	HRAS	3988	PKIA	1
2411	HRAS	3430	NDST3	1
2411	HRAS	3306	MTR	1
2411	HRAS	5822	UBC	1
2411	HRAS	6062	XKR6	1
2411	HRAS	6050	WWC1	1
2411	HRAS	5706	TRIM52	1
2411	HRAS	5944	USP9Y	1
2411	HRAS	5000	SLC26A6	1
2411	HRAS	2779	KPRP	1
2411	HRAS	6271	ZNF512	1
2411	HRAS	5191	SPTBN5	1
2411	HRAS	6130	ZC3H13	1
2411	HRAS	4106	POLR2H	1
2411	HRAS	2494	IKBKB	1
2411	HRAS	3831	PCGF5	1
2411	HRAS	2797	KRT89P	1
2411	HRAS	5297	SULT6B1	1
2411	HRAS	3967	PIM2	1
2411	HRAS	3427	NDN	1
2411	HRAS	5091	SMURF2	1
2411	HRAS	5818	UBA6	1
2411	HRAS	3373	NADK	1
2411	HRAS	4760	SAE1	1
2411	HRAS	4789	SCFD1	1
2411	HRAS	2514	IL1RAP	1
2411	HRAS	4256	PRR4	1
2411	HRAS	2455	IBTK	1
2411	HRAS	2723	KIF2C	1
2411	HRAS	3895	PFDN1	1
2411	HRAS	2472	IFI6	1
2411	HRAS	4213	PRKAR2B	1
2411	HRAS	5240	ST6GALNAC5	1
2411	HRAS	3179	MN1	1
2411	HRAS	3047	MAR-05	1
2411	HRAS	5135	SOCS2	1
2411	HRAS	6274	ZNF542P	1
2411	HRAS	3629	NUP43	1
2411	HRAS	2747	KLHL25	1
2411	HRAS	4554	RHOBTB3	1
2411	HRAS	5216	SRR	1
2411	HRAS	3759	PALMD	1
2411	HRAS	2897	LINC02288	1
2411	HRAS	2488	IGHD3-16	1
2411	HRAS	2672	KCNT2	1
2411	HRAS	2462	ID2B	1
2411	HRAS	3971	PIP4K2A	1
2411	HRAS	3185	MOB3A	1
2411	HRAS	2886	LIN7C	1
2411	HRAS	3264	MRPS36P4	1
2411	HRAS	4130	POU2F2	1
2411	HRAS	5454	THOC1	1
2411	HRAS	2853	LEAP2	1
2411	HRAS	5128	SNX2	1
2411	HRAS	5486	TLCD2	1
2411	HRAS	5393	TBX20	1
2411	HRAS	4265	PRSS55	1
2411	HRAS	4656	RPL35	1
2411	HRAS	3545	NOP10	1
2411	HRAS	5345	TAF12	1
2411	HRAS	5871	UBTF	1
2411	HRAS	3459	NEDD4L	1
2411	HRAS	2726	KIF5C	1
2411	HRAS	3499	NGLY1	1
2411	HRAS	4267	PRTFDC1	1
2411	HRAS	4093	POLK	1
2411	HRAS	3840	PCSK2	1
2411	HRAS	3937	PHTF1	1
2411	HRAS	6276	ZNF550	1
2411	HRAS	3399	NBR2	1
2411	HRAS	3483	NFATC2	1
2411	HRAS	5222	SRXN1	1
2411	HRAS	2474	IFIT2	1
2411	HRAS	2828	LAPTM5	1
2411	HRAS	4577	RLF	1
2411	HRAS	5564	TMEM61	1
2411	HRAS	3692	OR4E2	1
2411	HRAS	4639	RPGR	1
2411	HRAS	2421	HSD3B7	1
2411	HRAS	3524	NMI	1
2411	HRAS	2784	KRT1	1
2411	HRAS	3205	MPL	1
2411	HRAS	5333	SYTL2	1
2411	HRAS	5791	TUBGCP4	1
2411	HRAS	3835	PCLAF	1
2411	HRAS	3689	OR2Z1	1
2411	HRAS	4914	SH2D3A	1
2411	HRAS	3056	MARVELD3	1
2411	HRAS	6033	WDR83	1
2411	HRAS	5474	TIMM22	1
2411	HRAS	5200	SRD5A1	1
2411	HRAS	4189	PRAMEF33	1
2411	HRAS	5699	TRIM39	1
2411	HRAS	4822	SEC14L3	1
2411	HRAS	3679	OR14A16	1
2411	HRAS	5575	TMPRSS6	1
2411	HRAS	6332	ZNF74	1
2411	HRAS	4809	SDCCAG8	1
2411	HRAS	4861	SERPINB5	1
2411	HRAS	6014	WDR3	1
2411	HRAS	3341	MYL12B	1
2411	HRAS	4679	RPS15	1
2411	HRAS	5093	SNAP23	1
2411	HRAS	6142	ZCCHC24	1
2411	HRAS	3503	NIFK	1
2411	HRAS	5631	TOP2A	1
2411	HRAS	5420	TEAD1	1
2411	HRAS	5796	TWIST1	1
2411	HRAS	6039	WFDC12	1
2411	HRAS	3733	OXA1L	1
2411	HRAS	2680	KDELC1	1
2411	HRAS	5040	SLC9A7	1
2411	HRAS	3564	NPR2	1
2411	HRAS	6217	ZNF254	1
2411	HRAS	3685	OR2H2	1
2411	HRAS	4212	PRKAR1B	1
2411	HRAS	4132	POU4F3	1
2411	HRAS	2792	KRT72	1
2411	HRAS	3540	NOL4	1
2411	HRAS	5830	UBE2E1	1
2411	HRAS	3664	OIP5	1
2411	HRAS	5513	TMEM102	1
2411	HRAS	4562	RIMS1	1
2411	HRAS	4682	RPS19	1
2411	HRAS	3999	PLAA	1
2411	HRAS	2651	KCNA5	1
2411	HRAS	3393	NAV3	1
2411	HRAS	2420	HSD3B2	1
2411	HRAS	3013	MAP3K1	1
2411	HRAS	5939	USP49	1
2411	HRAS	4070	PNPLA4	1
2411	HRAS	5623	TOMM20	1
2411	HRAS	5008	SLC30A3	1
2411	HRAS	3145	MICAL3	1
2411	HRAS	4677	RPS12	1
2411	HRAS	3008	MAP2K1	1
2411	HRAS	5251	STARD7	1
2411	HRAS	6252	ZNF418	1
2411	HRAS	4016	PLEKHB1	1
2411	HRAS	4956	SKP1	1
2411	HRAS	4138	PPFIA1	1
2411	HRAS	4896	SFXN2	1
2411	HRAS	6148	ZDHHC16	1
2411	HRAS	4794	SCN4A	1
2411	HRAS	3325	MYBPC3	1
2411	HRAS	4349	PWP1	1
2411	HRAS	2422	HSDL2	1
2411	HRAS	5859	UBE3B	1
2411	HRAS	4148	PPL	1
2411	HRAS	4280	PSMA6	1
2411	HRAS	4617	RNF41	1
2411	HRAS	2598	ITGA5	1
2411	HRAS	2437	HSPD1	1
2411	HRAS	3102	MED13L	1
2411	HRAS	6365	ZPR1	1
2411	HRAS	4689	RPS4X	1
2411	HRAS	2690	KDM5B	1
2411	HRAS	3647	OAF	1
2411	HRAS	4274	PSKH2	1
2411	HRAS	5928	USP30	1
2411	HRAS	2578	IREB2	1
2411	HRAS	3303	MTOR	1
2411	HRAS	4520	RETNLB	1
2411	HRAS	6178	ZMAT1	1
2411	HRAS	3165	MLF2	1
2411	HRAS	2619	JAK1	1
2411	HRAS	3542	NOL8	1
2411	HRAS	3035	MAPK7	1
2411	HRAS	2709	KIF11	1
2411	HRAS	5521	TMEM126A	1
2411	HRAS	3923	PHF21B	1
2411	HRAS	6210	ZNF207	1
2411	HRAS	5573	TMPRSS13	1
2411	HRAS	3978	PITX2	1
2411	HRAS	2940	LRRN1	1
2411	HRAS	3979	PIWIL4	1
2411	HRAS	6096	YME1L1	1
2411	HRAS	3846	PDCD11	1
2411	HRAS	4123	PON2	1
2411	HRAS	4196	PRDM4	1
2411	HRAS	5783	TUBB1	1
2411	HRAS	2515	IL1RL2	1
2411	HRAS	3601	NSUN7	1
2411	HRAS	5697	TRIM36	1
2411	HRAS	5361	TAP2	1
2411	HRAS	2617	JADE3	1
2411	HRAS	4534	RFX4	1
2411	HRAS	3859	PDE4DIP	1
2411	HRAS	4948	SIRPA	1
2411	HRAS	5857	UBE2Z	1
2411	HRAS	4790	SCFD2	1
2411	HRAS	5940	USP6	1
2411	HRAS	4284	PSMB4	1
2411	HRAS	3383	NAP1L6	1
2411	HRAS	2522	IL26	1
2411	HRAS	6137	ZC3HAV1L	1
2411	HRAS	6123	ZBTB5	1
2411	HRAS	2932	LRRC10	1
2411	HRAS	4421	RAG1	1
2411	HRAS	2841	LCE5A	1
2411	HRAS	4732	RTN2	1
2411	HRAS	3091	MDH1	1
2411	HRAS	5761	TTC21B	1
2411	HRAS	3415	NCL	1
2411	HRAS	3412	NCKAP1	1
2411	HRAS	5158	SPATA17	1
2411	HRAS	5150	SP4	1
2411	HRAS	3437	NDUFA9	1
2411	HRAS	4391	RAB9B	1
2411	HRAS	5291	SUGP1	1
2411	HRAS	2658	KCNH4	1
2411	HRAS	5535	TMEM177	1
2411	HRAS	5296	SULT4A1	1
2411	HRAS	3583	NRDC	1
2411	HRAS	6128	ZC3H10	1
2411	HRAS	4010	PLD4	1
2411	HRAS	6292	ZNF584	1
2411	HRAS	4064	PNLDC1	1
2411	HRAS	3539	NOL3	1
2411	HRAS	4718	RSBN1	1
2411	HRAS	5024	SLC38A4	1
2411	HRAS	4603	RNF166	1
2411	HRAS	4851	SEP-01	1
2411	HRAS	6208	ZNF2	1
2411	HRAS	6061	XK	1
2411	HRAS	2433	HSPA9	1
2411	HRAS	2453	IARS2	1
2411	HRAS	2984	MAD2L1	1
2411	HRAS	2675	KCTD12	1
2411	HRAS	5653	TPP2	1
2411	HRAS	3570	NQO2	1
2411	HRAS	3641	NVL	1
2411	HRAS	4746	RYR2	1
2411	HRAS	5047	SLITRK2	1
2411	HRAS	4854	SEP-14	1
2411	HRAS	4478	RBM39	1
2411	HRAS	4112	POLR3B	1
2411	HRAS	4437	RAPGEF1	1
2411	HRAS	3244	MRPL49	1
2411	HRAS	5539	TMEM19	1
2411	HRAS	6168	ZFYVE16	1
2411	HRAS	5178	SPINK2	1
2411	HRAS	5122	SNUPN	1
2411	HRAS	4292	PSMC5	1
2411	HRAS	3231	MRPL3	1
2411	HRAS	5123	SNW1	1
2411	HRAS	4296	PSMD12	1
2411	HRAS	4722	RSL24D1P6	1
2411	HRAS	3996	PLA2G2A	1
2411	HRAS	4931	SHKBP1	1
2411	HRAS	4239	PRPF19	1
2411	HRAS	6073	XRCC1	1
2411	HRAS	5760	TTBK2	1
2411	HRAS	2430	HSPA14	1
2411	HRAS	2885	LIN7A	1
2411	HRAS	3460	NEDD8	1
2411	HRAS	3688	OR2T11	1
2411	HRAS	5725	TRNT1	1
2411	HRAS	4631	RPA2	1
2411	HRAS	2412	HRG	1
2411	HRAS	4715	RRP9	1
2411	HRAS	4184	PPWD1	1
2411	HRAS	4405	RAD23B	1
2411	HRAS	4094	POLM	1
2411	HRAS	5751	TSPY26P	1
2411	HRAS	2418	HSCB	1
2411	HRAS	5312	SUZ12	1
2411	HRAS	5925	USP25	1
2411	HRAS	5945	USPL1	1
2411	HRAS	4654	RPL30	1
2411	HRAS	5600	TNIK	1
2411	HRAS	2701	KIAA0355	1
2411	HRAS	4664	RPL4	1
2411	HRAS	2452	IARS	1
2411	HRAS	4286	PSMB6	1
2411	HRAS	3711	OR9A2	1
2411	HRAS	3925	PHF5A	1
2411	HRAS	5506	TMED10	1
2411	HRAS	5643	TP53I3	1
2411	HRAS	2933	LRRC32	1
2411	HRAS	5221	SRSF9	1
2411	HRAS	3857	PDE3A	1
2411	HRAS	2789	KRT32	1
2411	HRAS	5330	SYT14	1
2411	HRAS	3123	METAP2	1
2411	HRAS	5817	UBA52	1
2411	HRAS	5118	SNRPN	1
2411	HRAS	6182	ZMYM5	1
2411	HRAS	2734	KLB	1
2411	HRAS	5781	TUBAL3	1
2411	HRAS	6132	ZC3H15	1
2411	HRAS	2895	LINC01743	1
2411	HRAS	3308	MTX2	1
2411	HRAS	4921	SH3PXD2B	1
2411	HRAS	3969	PIN1	1
2411	HRAS	4545	RGS5	1
2411	HRAS	4655	RPL34	1
2411	HRAS	3927	PHF7	1
2411	HRAS	5311	SUV39H2	1
2411	HRAS	3943	PIAS1	1
2411	HRAS	3627	NUP205	1
2411	HRAS	5730	TRPM2	1
2411	HRAS	3589	NRXN1	1
2411	HRAS	5747	TSPAN15	1
2411	HRAS	5446	TGIF2	1
2411	HRAS	3168	MLKL	1
2411	HRAS	5157	SPAST	1
2411	HRAS	5904	UNKL	1
2411	HRAS	3656	ODC1	1
2411	HRAS	5412	TCOF1	1
2411	HRAS	5873	UBXN2A	1
2411	HRAS	3625	NUP160	1
2411	HRAS	3232	MRPL30	1
2411	HRAS	3424	NDC1	1
2411	HRAS	2537	ILK	1
2411	HRAS	5113	SNRPC	1
2411	HRAS	2753	KLHL8	1
2411	HRAS	3401	NCAPD2	1
2411	HRAS	4821	SEC13	1
2411	HRAS	4167	PPP2R1B	1
2411	HRAS	4301	PSMD6	1
2411	HRAS	4272	PSEN1	1
2411	HRAS	5166	SPC24	1
2411	HRAS	4098	POLR1C	1
2411	HRAS	3931	PHKBP2	1
2411	HRAS	2670	KCNRG	1
2411	HRAS	5518	TMEM117	1
2411	HRAS	5933	USP38	1
2411	HRAS	5694	TRIM3	1
2411	HRAS	5385	TBCD	1
2411	HRAS	4017	PLEKHG2	1
2411	HRAS	3541	NOL6	1
2411	HRAS	4499	RCHY1	1
2411	HRAS	3059	MASTL	1
2411	HRAS	5702	TRIM44	1
2411	HRAS	3714	ORC5	1
2411	HRAS	3201	MPHOSPH6	1
2411	HRAS	2480	IFT80	1
2411	HRAS	2868	LGALSL	1
2411	HRAS	2425	HSFX1	1
2411	HRAS	5790	TUBGCP3	1
2411	HRAS	3342	MYLIP	1
2411	HRAS	5814	UBA2	1
2411	HRAS	6016	WDR36	1
2411	HRAS	4512	RELN	1
2411	HRAS	5934	USP39	1
2411	HRAS	5052	SLU7	1
2411	HRAS	5948	UTP15	1
2411	HRAS	6126	ZBTB8OS	1
2411	HRAS	5999	WAC	1
2411	HRAS	3676	OR10AG1	1
2411	HRAS	4278	PSMA4	1
2411	HRAS	2833	LAS1L	1
2411	HRAS	5914	URI1	1
2411	HRAS	5417	TDP1	1
2411	HRAS	5865	UBQLN2	1
2411	HRAS	5703	TRIM46	1
2411	HRAS	6087	YBX2	1
2411	HRAS	3375	NAE1	1
2411	HRAS	4616	RNF40	1
2411	HRAS	3880	PDX1	1
2411	HRAS	4744	RXRG	1
2411	HRAS	3786	PATZ1	1
2411	HRAS	4115	POLR3F	1
2411	HRAS	3657	ODF3L1	1
2411	HRAS	6005	WBP11P1	1
2411	HRAS	3198	MPDZ	1
2411	HRAS	3883	PDZK1	1
2411	HRAS	3536	NOL10	1
2411	HRAS	4030	PLK1	1
2411	HRAS	4358	QARS	1
2411	HRAS	3690	OR4C16	1
2411	HRAS	2766	KMT2A	1
2411	HRAS	5357	TAOK1	1
2411	HRAS	3578	NR5A1	1
2411	HRAS	5826	UBE2D1	1
2411	HRAS	3921	PHF20	1
2411	HRAS	3161	MKI67	1
2411	HRAS	4279	PSMA5	1
2411	HRAS	2449	HUWE1	1
2411	HRAS	5846	UBE2O	1
2411	HRAS	3360	NAA15	1
2411	HRAS	4887	SF3B6	1
2411	HRAS	4549	RHBDL2	1
2411	HRAS	4089	POLG	1
2411	HRAS	5850	UBE2R2	1
2411	HRAS	3481	NF2	1
2411	HRAS	4716	RRS1	1
2411	HRAS	5813	UBA1	1
2411	HRAS	5843	UBE2M	1
2411	HRAS	5252	STAT1	1
2411	HRAS	2660	KCNH7	1
2411	HRAS	4830	SEH1L	1
2411	HRAS	4708	RRM1	1
2411	HRAS	4484	RBM8A	1
2411	HRAS	3466	NEK1	1
2411	HRAS	4541	RGP1	1
2411	HRAS	3635	NUP93	1
2411	HRAS	5268	STK33	1
2411	HRAS	6133	ZC3H18	1
2411	HRAS	4285	PSMB5	1
2411	HRAS	3642	NXF1	1
2411	HRAS	5986	VPS53	1
2411	HRAS	3551	NOP56	1
2411	HRAS	2458	ICK	1
2411	HRAS	4078	POLA1	1
2411	HRAS	3628	NUP214	1
2411	HRAS	6067	XPO1	1
2411	HRAS	4163	PPP1R8	1
2411	HRAS	5837	UBE2I	1
2411	HRAS	5705	TRIM49B	1
2411	HRAS	2733	KIT	1
2411	HRAS	3480	NF1	1
2411	HRAS	4215	PRKCD	1
2411	HRAS	2470	IFI27L2	1
2411	HRAS	2534	ILDR2	1
2411	HRAS	2553	INO80E	1
2411	HRAS	2685	KDM2A	1
2411	HRAS	2686	KDM2B	1
2411	HRAS	2751	KLHL36	1
2411	HRAS	2752	KLHL38	1
2411	HRAS	2773	KNL1	1
2411	HRAS	2805	LACC1	1
2411	HRAS	2863	LEXM	1
2411	HRAS	2888	LINC00029	1
2411	HRAS	2893	LINC01547	1
2411	HRAS	2896	LINC02145	1
2411	HRAS	3129	MFF	1
2411	HRAS	3132	MFSD12	1
2411	HRAS	3135	MFSD6	1
2411	HRAS	3151	MINDY1	1
2411	HRAS	3158	MIS18A	1
2411	HRAS	3216	MRGPRG-AS1	1
2411	HRAS	3220	MROH5	1
2411	HRAS	3359	NAA10	1
2411	HRAS	3394	NBEAL1	1
2411	HRAS	3439	NDUFAF6	1
2411	HRAS	3453	NECAB2	1
2411	HRAS	3547	NOP14-AS1	1
2411	HRAS	3584	NRDE2	1
2411	HRAS	3644	NXPE2	1
2411	HRAS	3762	PAMR1	1
2411	HRAS	3784	PATE2	1
2411	HRAS	4021	PLEKHG7	1
2411	HRAS	4025	PLEKHS1	1
2411	HRAS	4028	PLIN2	1
2411	HRAS	4161	PPP1R32	1
2411	HRAS	4187	PQLC2L	1
2411	HRAS	4351	PXDC1	1
2411	HRAS	4539	RGCC	1
2411	HRAS	4575	RIPOR3	1
2411	HRAS	4637	RPF1	1
2411	HRAS	4638	RPF2	1
2411	HRAS	4670	RPP25L	1
2411	HRAS	4726	RSRP1	1
2411	HRAS	4758	S1PR5	1
2411	HRAS	4928	SHCBP1L	1
2411	HRAS	5106	SNRNP200	1
2411	HRAS	5152	SPACA7	1
2411	HRAS	5164	SPATA6L	1
2411	HRAS	5183	SPOUT1	1
2411	HRAS	5270	STMN1	1
2411	HRAS	5326	SYNM	1
2411	HRAS	5396	TCAF2	1
2411	HRAS	5543	TMEM206	1
2411	HRAS	5551	TMEM248	1
2411	HRAS	5713	TRMO	1
2411	HRAS	5766	TTC39A	1
2411	HRAS	5775	TTPAL	1
2411	HRAS	5951	UTP4	1
2411	HRAS	6002	WASH3P	1
2411	HRAS	6052	WWC2-AS2	1
2411	HRAS	6155	ZFC3H1	1
2412	HRG	2781	KRAS	1
2412	HRG	3579	NRAS	1
2415	HRK	3375	NAE1	1
2416	HS3ST3A1	3375	NAE1	1
2417	HS3ST5	2781	KRAS	1
2417	HS3ST5	3579	NRAS	1
2418	HSCB	2781	KRAS	1
2418	HSCB	3579	NRAS	1
2419	HSD17B11	3326	MYC	1
2420	HSD3B2	5459	THPO	1
2420	HSD3B2	5088	SMR3B	1
2420	HSD3B2	4132	POU4F3	1
2420	HSD3B2	2781	KRAS	1
2420	HSD3B2	3579	NRAS	1
2421	HSD3B7	2781	KRAS	1
2421	HSD3B7	3579	NRAS	1
2422	HSDL2	2781	KRAS	1
2422	HSDL2	3579	NRAS	1
2423	HSF1	4508	RECQL4	1
2423	HSF1	6324	ZNF696	1
2423	HSF1	5639	TP53	1
2423	HSF1	2554	INS	1
2423	HSF1	3375	NAE1	1
2424	HSF2	5322	SYNCRIP	1
2424	HSF2	6007	WDCP	1
2425	HSFX1	2781	KRAS	1
2425	HSFX1	3579	NRAS	1
2427	HSP90AA1	5639	TP53	1
2428	HSP90AB1	5003	SLC29A1	1
2428	HSP90AB1	3438	NDUFAF4	1
2429	HSPA13	3005	MAP1LC3B	1
2430	HSPA14	3619	NUDT5	1
2430	HSPA14	2781	KRAS	1
2430	HSPA14	3579	NRAS	1
2430	HSPA14	3375	NAE1	1
2431	HSPA4	2432	HSPA8	1
2431	HSPA4	3020	MAP3K7	1
2431	HSPA4	2626	JUN	1
2431	HSPA4	3571	NR1D1	1
2431	HSPA4	4406	RAD50	1
2431	HSPA4	5765	TTC37	1
2431	HSPA4	6081	YAF2	1
2431	HSPA4	3115	MED7	1
2431	HSPA4	4223	PRKDC	1
2432	HSPA8	3448	NDUFS4	1
2432	HSPA8	5155	SPAG9	1
2433	HSPA9	2781	KRAS	1
2433	HSPA9	3579	NRAS	1
2435	HSPB3	3375	NAE1	1
2436	HSPBP1	5692	TRIM28	1
2437	HSPD1	4815	SDHD	1
2437	HSPD1	6070	XPO7	1
2437	HSPD1	2906	LMAN1	1
2437	HSPD1	4223	PRKDC	1
2437	HSPD1	4803	SCYL2	1
2437	HSPD1	3091	MDH1	1
2437	HSPD1	2781	KRAS	1
2437	HSPD1	3579	NRAS	1
2439	HTATIP2	3375	NAE1	1
2440	HTN1	5371	TAS2R8	1
2441	HTR1E	3375	NAE1	1
2442	HTR5A	3326	MYC	1
2444	HTRA1	2485	IGFBP3	1
2444	HTRA1	2732	KIRREL	1
2444	HTRA1	4035	PLOD1	1
2445	HTRA2	3375	NAE1	1
2446	HTT	3375	NAE1	1
2447	HUS1	6094	YKT6	1
2447	HUS1	3375	NAE1	1
2448	HUS1B	3375	NAE1	1
2449	HUWE1	2781	KRAS	1
2449	HUWE1	3579	NRAS	1
2451	IAPP	5639	TP53	1
2451	IAPP	3375	NAE1	1
2452	IARS	6083	YARS	1
2452	IARS	2781	KRAS	1
2452	IARS	3579	NRAS	1
2453	IARS2	4602	RNF146	1
2453	IARS2	3893	PEX2	1
2453	IARS2	5345	TAF12	1
2453	IARS2	4601	RNF14	1
2453	IARS2	5192	SPTLC1	1
2453	IARS2	4275	PSMA1	1
2453	IARS2	3293	MTFR1	1
2453	IARS2	2744	KLHL12	1
2453	IARS2	3222	MRPL13	1
2453	IARS2	2781	KRAS	1
2453	IARS2	3579	NRAS	1
2454	IBSP	2758	KLK2	1
2455	IBTK	2781	KRAS	1
2455	IBTK	3579	NRAS	1
2456	ICAM1	3375	NAE1	1
2458	ICK	2781	KRAS	1
2458	ICK	3579	NRAS	1
2459	ICMT	2781	KRAS	1
2459	ICMT	3579	NRAS	1
2460	ICOS	2781	KRAS	1
2460	ICOS	3579	NRAS	1
2461	ID1	2739	KLF5	1
2461	ID1	2463	ID3	1
2462	ID2B	2781	KRAS	1
2462	ID2B	3579	NRAS	1
2464	IDH3G	2575	IRAK1	1
2464	IDH3G	5374	TAZ	1
2465	IDI1	2555	INSIG1	1
2466	IER3IP1	5802	TXNL1	1
2467	IFFO1	3018	MAP3K3	1
2468	IFI16	3715	ORM1	1
2468	IFI16	4320	PTGS1	1
2468	IFI16	2733	KIT	1
2468	IFI16	4519	RET	1
2468	IFI16	3607	NTRK1	1
2468	IFI16	3866	PDGFRA	1
2468	IFI16	3867	PDGFRB	1
2468	IFI16	4975	SLC22A1	1
2468	IFI16	4978	SLC22A2	1
2469	IFI27	2473	IFIT1	1
2470	IFI27L2	2781	KRAS	1
2470	IFI27L2	3579	NRAS	1
2471	IFI35	3673	OPTN	1
2472	IFI6	2781	KRAS	1
2472	IFI6	3579	NRAS	1
2472	IFI6	3375	NAE1	1
2474	IFIT2	2781	KRAS	1
2474	IFIT2	3579	NRAS	1
2475	IFNA6	4162	PPP1R3A	1
2475	IFNA6	2781	KRAS	1
2475	IFNA6	3579	NRAS	1
2476	IFNG	3326	MYC	1
2477	IFNGR1	3173	MMADHC	1
2477	IFNGR1	5023	SLC38A2	1
2477	IFNGR1	4369	RAB1A	1
2478	IFRD1	5836	UBE2H	1
2480	IFT80	2781	KRAS	1
2480	IFT80	3579	NRAS	1
2481	IGBP1	3375	NAE1	1
2482	IGF1	4407	RAD51	1
2482	IGF1	3093	MDM2	1
2482	IGF1	4644	RPL13A	1
2482	IGF1	4099	POLR2A	1
2482	IGF1	5225	SSBP1	1
2482	IGF1	4086	POLE	1
2482	IGF1	4150	PPM1D	1
2482	IGF1	3774	PARP1	1
2482	IGF1	4417	RAD9A	1
2482	IGF1	4708	RRM1	1
2482	IGF1	6046	WRAP53	1
2482	IGF1	4081	POLD1	1
2482	IGF1	4405	RAD23B	1
2482	IGF1	3285	MT1X	1
2482	IGF1	2485	IGFBP3	1
2482	IGF1	3030	MAPK12	1
2482	IGF1	3501	NHP2	1
2482	IGF1	4491	RBX1	1
2482	IGF1	4870	SESN2	1
2482	IGF1	5903	UNG	1
2482	IGF1	5918	USP1	1
2482	IGF1	6116	ZBTB32	1
2482	IGF1	4061	PMS2	1
2482	IGF1	4511	RELA	1
2482	IGF1	2693	KDR	1
2482	IGF1	4083	POLD4	1
2482	IGF1	4094	POLM	1
2482	IGF1	2489	IGHMBP2	1
2482	IGF1	3303	MTOR	1
2482	IGF1	3778	PARP2	1
2482	IGF1	5585	TNFRSF10B	1
2482	IGF1	6074	XRCC2	1
2482	IGF1	3326	MYC	1
2483	IGF1R	4691	RPS6	1
2483	IGF1R	3375	NAE1	1
2484	IGF2	5639	TP53	1
2485	IGFBP3	3724	OSMR	1
2485	IGFBP3	4838	SEMA3C	1
2485	IGFBP3	5585	TNFRSF10B	1
2485	IGFBP3	4099	POLR2A	1
2485	IGFBP3	4405	RAD23B	1
2485	IGFBP3	4407	RAD51	1
2485	IGFBP3	4708	RRM1	1
2485	IGFBP3	4417	RAD9A	1
2485	IGFBP3	4644	RPL13A	1
2485	IGFBP3	4150	PPM1D	1
2485	IGFBP3	5225	SSBP1	1
2485	IGFBP3	3285	MT1X	1
2485	IGFBP3	4870	SESN2	1
2485	IGFBP3	3093	MDM2	1
2485	IGFBP3	3501	NHP2	1
2485	IGFBP3	4083	POLD4	1
2485	IGFBP3	4061	PMS2	1
2485	IGFBP3	4086	POLE	1
2485	IGFBP3	4491	RBX1	1
2485	IGFBP3	5918	USP1	1
2485	IGFBP3	4511	RELA	1
2485	IGFBP3	2489	IGHMBP2	1
2485	IGFBP3	2693	KDR	1
2485	IGFBP3	3303	MTOR	1
2485	IGFBP3	3774	PARP1	1
2485	IGFBP3	4094	POLM	1
2485	IGFBP3	3030	MAPK12	1
2485	IGFBP3	4081	POLD1	1
2485	IGFBP3	6046	WRAP53	1
2485	IGFBP3	6116	ZBTB32	1
2485	IGFBP3	6074	XRCC2	1
2486	IGFBP6	3409	NCEH1	1
2486	IGFBP6	3724	OSMR	1
2486	IGFBP6	4232	PRNP	1
2487	IGFBP7	2598	ITGA5	1
2488	IGHD3-16	2781	KRAS	1
2488	IGHD3-16	3579	NRAS	1
2489	IGHMBP2	4644	RPL13A	1
2489	IGHMBP2	5918	USP1	1
2489	IGHMBP2	3303	MTOR	1
2489	IGHMBP2	4417	RAD9A	1
2489	IGHMBP2	4708	RRM1	1
2489	IGHMBP2	4083	POLD4	1
2489	IGHMBP2	4407	RAD51	1
2489	IGHMBP2	5225	SSBP1	1
2489	IGHMBP2	3285	MT1X	1
2489	IGHMBP2	4099	POLR2A	1
2489	IGHMBP2	4094	POLM	1
2489	IGHMBP2	3093	MDM2	1
2489	IGHMBP2	4086	POLE	1
2489	IGHMBP2	4150	PPM1D	1
2489	IGHMBP2	2693	KDR	1
2489	IGHMBP2	3030	MAPK12	1
2489	IGHMBP2	4061	PMS2	1
2489	IGHMBP2	4870	SESN2	1
2489	IGHMBP2	4511	RELA	1
2489	IGHMBP2	5585	TNFRSF10B	1
2489	IGHMBP2	5903	UNG	1
2489	IGHMBP2	3501	NHP2	1
2489	IGHMBP2	3774	PARP1	1
2489	IGHMBP2	4081	POLD1	1
2489	IGHMBP2	4405	RAD23B	1
2489	IGHMBP2	4491	RBX1	1
2489	IGHMBP2	6046	WRAP53	1
2489	IGHMBP2	6116	ZBTB32	1
2490	IGLL1	3375	NAE1	1
2491	IGSF9	2998	MAL2	1
2492	IK	3375	NAE1	1
2493	IKBIP	5657	TPST1	1
2493	IKBIP	5401	TCEAL9	1
2494	IKBKB	5198	SRC	1
2494	IKBKB	5584	TNFRSF10A	1
2494	IKBKB	5585	TNFRSF10B	1
2494	IKBKB	2781	KRAS	1
2494	IKBKB	3579	NRAS	1
2494	IKBKB	3375	NAE1	1
2495	IKBKE	5581	TNFAIP3	1
2495	IKBKE	5578	TNF	1
2496	IKBKG	2575	IRAK1	1
2496	IKBKG	4962	SLC10A3	1
2496	IKBKG	5374	TAZ	1
2496	IKBKG	5862	UBL4A	1
2496	IKBKG	3375	NAE1	1
2497	IKZF1	2953	LSP1	1
2498	IKZF2	2781	KRAS	1
2498	IKZF2	3579	NRAS	1
2499	IKZF5	3597	NSMCE4A	1
2500	IL10	3375	NAE1	1
2501	IL10RA	2781	KRAS	1
2501	IL10RA	3579	NRAS	1
2502	IL10RB	3326	MYC	1
2503	IL12B	2527	IL3	1
2504	IL13RA1	4042	PLS3	1
2506	IL17A	3375	NAE1	1
2509	IL18	4971	SLC16A5	1
2509	IL18	4861	SERPINB5	1
2509	IL18	3375	NAE1	1
2510	IL18BP	4593	RNF121	1
2511	IL1A	3375	NAE1	1
2512	IL1B	3375	NAE1	1
2513	IL1R1	3724	OSMR	1
2514	IL1RAP	2781	KRAS	1
2514	IL1RAP	3579	NRAS	1
2515	IL1RL2	2781	KRAS	1
2515	IL1RL2	3579	NRAS	1
2516	IL1RN	3326	MYC	1
2517	IL2	3375	NAE1	1
2518	IL20RA	5280	STX19	1
2519	IL20RB	3717	OSBPL11	1
2519	IL20RB	5439	TFG	1
2519	IL20RB	5550	TMEM230	1
2520	IL22RA2	2781	KRAS	1
2520	IL22RA2	3579	NRAS	1
2520	IL22RA2	3375	NAE1	1
2521	IL24	2781	KRAS	1
2521	IL24	3579	NRAS	1
2521	IL24	3375	NAE1	1
2522	IL26	2781	KRAS	1
2522	IL26	3579	NRAS	1
2523	IL27RA	3715	ORM1	1
2523	IL27RA	4320	PTGS1	1
2523	IL27RA	2733	KIT	1
2523	IL27RA	4519	RET	1
2523	IL27RA	3607	NTRK1	1
2523	IL27RA	3866	PDGFRA	1
2523	IL27RA	3867	PDGFRB	1
2523	IL27RA	4975	SLC22A1	1
2523	IL27RA	4978	SLC22A2	1
2524	IL2RA	3375	NAE1	1
2525	IL2RB	2781	KRAS	1
2525	IL2RB	3579	NRAS	1
2526	IL2RG	2781	KRAS	1
2526	IL2RG	3579	NRAS	1
2527	IL3	4941	SIGLEC8	1
2529	IL4	3477	NEUROG1	1
2529	IL4	3715	ORM1	1
2529	IL4	4320	PTGS1	1
2529	IL4	2733	KIT	1
2529	IL4	4519	RET	1
2529	IL4	3607	NTRK1	1
2529	IL4	3866	PDGFRA	1
2529	IL4	3867	PDGFRB	1
2529	IL4	4975	SLC22A1	1
2529	IL4	4978	SLC22A2	1
2530	IL5RA	2781	KRAS	1
2530	IL5RA	3579	NRAS	1
2531	IL6	2620	JAK2	1
2531	IL6	5253	STAT3	1
2531	IL6	3326	MYC	1
2532	IL6ST	4031	PLK2	1
2533	IL7	3715	ORM1	1
2533	IL7	4320	PTGS1	1
2533	IL7	2733	KIT	1
2533	IL7	4519	RET	1
2533	IL7	3607	NTRK1	1
2533	IL7	3866	PDGFRA	1
2533	IL7	3867	PDGFRB	1
2533	IL7	4975	SLC22A1	1
2533	IL7	4978	SLC22A2	1
2533	IL7	3326	MYC	1
2534	ILDR2	2781	KRAS	1
2534	ILDR2	3579	NRAS	1
2535	ILF2	3047	MAR-05	1
2535	ILF2	4602	RNF146	1
2535	ILF2	3215	MRFAP1L1	1
2535	ILF2	4527	RFC3	1
2535	ILF2	6124	ZBTB6	1
2535	ILF2	3222	MRPL13	1
2535	ILF2	4113	POLR3C	1
2535	ILF2	4502	RCOR3	1
2535	ILF2	5347	TAF1A	1
2535	ILF2	2781	KRAS	1
2535	ILF2	3579	NRAS	1
2535	ILF2	3375	NAE1	1
2535	ILF2	4559	RIDA	1
2536	ILF3	4454	RAVER1	1
2536	ILF3	5111	SNRPA	1
2536	ILF3	2700	KHSRP	1
2536	ILF3	3110	MED26	1
2537	ILK	3781	PARVA	1
2537	ILK	2781	KRAS	1
2537	ILK	3579	NRAS	1
2537	ILK	5783	TUBB1	1
2537	ILK	3573	NR1I2	1
2537	ILK	3022	MAP4	1
2537	ILK	3007	MAP2	1
2537	ILK	3045	MAPT	1
2537	ILK	5042	SLCO1B3	1
2538	ILKAP	4880	SF1	1
2539	IMP3	4700	RPUSD2	1
2540	IMPA1	3893	PEX2	1
2540	IMPA1	4993	SLC25A32	1
2541	IMPAD1	2593	ITFG1	1
2541	IMPAD1	5836	UBE2H	1
2541	IMPAD1	4369	RAB1A	1
2542	IMPDH2	4646	RPL14	1
2543	IMPG1	3668	OMD	1
2544	INAVA	4750	S100A14	1
2545	INCENP	3375	NAE1	1
2546	ING1	5438	TFDP1	1
2546	ING1	2781	KRAS	1
2546	ING1	3579	NRAS	1
2547	ING3	2963	LUC7L2	1
2548	ING5	3256	MRPS25	1
2549	INHA	3375	NAE1	1
2550	INHBA	5092	SNAI2	1
2550	INHBA	5967	VEGFC	1
2550	INHBA	3724	OSMR	1
2550	INHBA	4865	SERPINE1	1
2550	INHBA	3375	NAE1	1
2551	INIP	3854	PDCL	1
2552	INO80D	4346	PUM2	1
2553	INO80E	4252	PRR14	1
2553	INO80E	2781	KRAS	1
2553	INO80E	3579	NRAS	1
2558	INTS12	5879	UCHL5	1
2558	INTS12	4110	POLR2K	1
2558	INTS12	5917	USO1	1
2558	INTS12	2832	LARP7	1
2558	INTS12	5718	TRMT13	1
2561	INTS3	3375	NAE1	1
2562	INTS5	3015	MAP3K11	1
2562	INTS5	4880	SF1	1
2563	INTS6L	3715	ORM1	1
2563	INTS6L	4320	PTGS1	1
2563	INTS6L	2733	KIT	1
2563	INTS6L	4519	RET	1
2563	INTS6L	3607	NTRK1	1
2563	INTS6L	3866	PDGFRA	1
2563	INTS6L	3867	PDGFRB	1
2563	INTS6L	4975	SLC22A1	1
2563	INTS6L	4978	SLC22A2	1
2564	INTU	2781	KRAS	1
2564	INTU	3579	NRAS	1
2565	IPMK	3375	NAE1	1
2566	IPO4	6019	WDR43	1
2566	IPO4	2829	LARP1	1
2567	IPO5	4609	RNF219	1
2568	IPO9	2781	KRAS	1
2568	IPO9	3579	NRAS	1
2569	IPW	2781	KRAS	1
2569	IPW	3579	NRAS	1
2571	IQCC	3326	MYC	1
2572	IQCE	4396	RAC1	1
2573	IQCF1	3375	NAE1	1
2574	IQCH	3375	NAE1	1
2576	IRAK3	2781	KRAS	1
2576	IRAK3	3579	NRAS	1
2578	IREB2	4536	RFX7	1
2578	IREB2	5051	SLTM	1
2578	IREB2	4721	RSL24D1	1
2578	IREB2	2781	KRAS	1
2578	IREB2	3579	NRAS	1
2580	IRF2BP1	2676	KCTD13	1
2580	IRF2BP1	6237	ZNF335	1
2580	IRF2BP1	5172	SPHK2	1
2580	IRF2BP1	5110	SNRNP70	1
2580	IRF2BP1	5304	SUPT5H	1
2580	IRF2BP1	5321	SYMPK	1
2582	IRF4	5174	SPIB	1
2583	IRF6	5555	TMEM30B	1
2583	IRF6	5597	TNFSF15	1
2583	IRF6	5142	SOX13	1
2584	IRF7	2586	IRF9	1
2584	IRF7	3715	ORM1	1
2584	IRF7	4320	PTGS1	1
2584	IRF7	2733	KIT	1
2584	IRF7	4519	RET	1
2584	IRF7	3607	NTRK1	1
2584	IRF7	3866	PDGFRA	1
2584	IRF7	3867	PDGFRB	1
2584	IRF7	4975	SLC22A1	1
2584	IRF7	4978	SLC22A2	1
2584	IRF7	5174	SPIB	1
2585	IRF8	3326	MYC	1
2586	IRF9	4303	PSME1	1
2586	IRF9	3326	MYC	1
2587	IRX3	2588	IRX5	1
2589	ISCA1	5192	SPTLC1	1
2590	ISG15	3651	OASL	1
2591	ISG20L2	3247	MRPL9	1
2591	ISG20L2	2781	KRAS	1
2591	ISG20L2	3579	NRAS	1
2592	ITCH	4405	RAD23B	1
2592	ITCH	5389	TBL1XR1	1
2592	ITCH	5836	UBE2H	1
2592	ITCH	3130	MFN1	1
2592	ITCH	3293	MTFR1	1
2592	ITCH	4205	PRKAA1	1
2592	ITCH	3715	ORM1	1
2592	ITCH	4320	PTGS1	1
2592	ITCH	2733	KIT	1
2592	ITCH	4519	RET	1
2592	ITCH	3607	NTRK1	1
2592	ITCH	3866	PDGFRA	1
2592	ITCH	3867	PDGFRB	1
2592	ITCH	4975	SLC22A1	1
2592	ITCH	4978	SLC22A2	1
2593	ITFG1	3073	MBTPS1	1
2593	ITFG1	2781	KRAS	1
2593	ITFG1	3579	NRAS	1
2593	ITFG1	3375	NAE1	1
2594	ITFG2	3915	PHB2	1
2595	ITGA10	3375	NAE1	1
2596	ITGA2	5005	SLC2A1	1
2597	ITGA3	4807	SDC4	1
2597	ITGA3	3409	NCEH1	1
2597	ITGA3	4754	S100A6	1
2598	ITGA5	2781	KRAS	1
2598	ITGA5	3579	NRAS	1
2599	ITGAL	5656	TPSAB1	1
2600	ITGAV	5579	TNFAIP1	1
2600	ITGAV	3842	PCYOX1	1
2601	ITGAX	3375	NAE1	1
2602	ITGB1	5441	TFPI	1
2602	ITGB1	3326	MYC	1
2602	ITGB1	4302	PSMD9	1
2602	ITGB1	4957	SKP2	1
2602	ITGB1	5639	TP53	1
2602	ITGB1	4355	PYGO2	1
2602	ITGB1	3715	ORM1	1
2602	ITGB1	4320	PTGS1	1
2602	ITGB1	2733	KIT	1
2602	ITGB1	4519	RET	1
2602	ITGB1	3607	NTRK1	1
2602	ITGB1	3866	PDGFRA	1
2602	ITGB1	3867	PDGFRB	1
2602	ITGB1	4975	SLC22A1	1
2602	ITGB1	4978	SLC22A2	1
2604	ITGB3BP	3270	MSH2	1
2604	ITGB3BP	4242	PRPF38A	1
2604	ITGB3BP	4458	RBBP4	1
2604	ITGB3BP	6318	ZNF684	1
2605	ITGB4	2787	KRT19	1
2606	ITGB5	3409	NCEH1	1
2607	ITGB6	5616	TNS4	1
2608	ITGBL1	3326	MYC	1
2609	ITM2A	2781	KRAS	1
2609	ITM2A	3579	NRAS	1
2610	ITM2C	3375	NAE1	1
2611	ITPA	3257	MRPS26	1
2612	ITPKC	5228	SSH3	1
2612	ITPKC	4708	RRM1	1
2612	ITPKC	5807	TYMS	1
2612	ITPKC	5003	SLC29A1	1
2612	ITPKC	5002	SLC28A1	1
2612	ITPKC	5004	SLC29A2	1
2614	IYD	2781	KRAS	1
2614	IYD	3579	NRAS	1
2615	IZUMO2	3375	NAE1	1
2616	JADE2	5362	TAPBP	1
2616	JADE2	2781	KRAS	1
2616	JADE2	3326	MYC	1
2616	JADE2	3579	NRAS	1
2617	JADE3	2781	KRAS	1
2617	JADE3	3579	NRAS	1
2618	JAGN1	5464	THUMPD3	1
2619	JAK1	2781	KRAS	1
2619	JAK1	3579	NRAS	1
2620	JAK2	5253	STAT3	1
2620	JAK2	5060	SMARCA2	1
2620	JAK2	3966	PIM1	1
2620	JAK2	4027	PLGRKT	1
2621	JAM2	3375	NAE1	1
2622	JAZF1	2869	LHFP	1
2623	JCHAIN	3375	NAE1	1
2624	JPH3	4091	POLH	1
2625	JTB	3247	MRPL9	1
2626	JUN	4223	PRKDC	1
2626	JUN	3571	NR1D1	1
2626	JUN	3027	MAPK1	1
2626	JUN	5959	VAV1	1
2626	JUN	5960	VAV3	1
2626	JUN	3326	MYC	1
2626	JUN	5055	SMAD3	1
2626	JUN	4479	RBM45	1
2626	JUN	5057	SMAD6	1
2626	JUN	5133	SNX7	1
2626	JUN	3774	PARP1	1
2626	JUN	3036	MAPK8	1
2626	JUN	3375	NAE1	1
2627	JUNB	3375	NAE1	1
2628	JUND	3375	NAE1	1
2629	JUP	2787	KRT19	1
2629	JUP	5616	TNS4	1
2630	KALRN	2781	KRAS	1
2630	KALRN	3579	NRAS	1
2631	KANSL1	2781	KRAS	1
2631	KANSL1	3579	NRAS	1
2632	KARS	3375	NAE1	1
2632	KARS	4886	SF3B3	1
2632	KARS	5451	THAP11	1
2632	KARS	2781	KRAS	1
2632	KARS	3579	NRAS	1
2633	KAT2A	3512	NLE1	1
2634	KAT2B	3375	NAE1	1
2635	KAT5	3375	NAE1	1
2636	KAT6A	3715	ORM1	1
2636	KAT6A	4320	PTGS1	1
2636	KAT6A	4519	RET	1
2636	KAT6A	3607	NTRK1	1
2636	KAT6A	3866	PDGFRA	1
2636	KAT6A	3867	PDGFRB	1
2636	KAT6A	4975	SLC22A1	1
2636	KAT6A	4978	SLC22A2	1
2636	KAT6A	2733	KIT	1
2637	KAT6B	3579	NRAS	1
2637	KAT6B	2781	KRAS	1
2638	KAT8	3375	NAE1	1
2640	KATNAL2	3326	MYC	1
2641	KAZN	3375	NAE1	1
2642	KBTBD11	3326	MYC	1
2643	KBTBD12	3326	MYC	1
2644	KBTBD3	2781	KRAS	1
2644	KBTBD3	3579	NRAS	1
2645	KBTBD4	3326	MYC	1
2645	KBTBD4	3375	NAE1	1
2646	KBTBD6	2647	KBTBD7	1
2648	KBTBD8	3375	NAE1	1
2649	KCMF1	2781	KRAS	1
2649	KCMF1	3579	NRAS	1
2650	KCNA10	2781	KRAS	1
2650	KCNA10	3579	NRAS	1
2651	KCNA5	2781	KRAS	1
2651	KCNA5	3579	NRAS	1
2652	KCNC4	3326	MYC	1
2653	KCND1	4708	RRM1	1
2653	KCND1	5807	TYMS	1
2653	KCND1	5003	SLC29A1	1
2653	KCND1	5002	SLC28A1	1
2653	KCND1	5004	SLC29A2	1
2654	KCND3	3668	OMD	1
2654	KCND3	3118	MEOX2	1
2654	KCND3	4162	PPP1R3A	1
2654	KCND3	3860	PDE6C	1
2655	KCNG3	2781	KRAS	1
2655	KCNG3	3579	NRAS	1
2656	KCNG4	2781	KRAS	1
2656	KCNG4	3579	NRAS	1
2657	KCNH2	3353	MYT1	1
2658	KCNH4	2781	KRAS	1
2658	KCNH4	3579	NRAS	1
2659	KCNH6	3715	ORM1	1
2659	KCNH6	4584	RNASE2	1
2660	KCNH7	2781	KRAS	1
2660	KCNH7	3579	NRAS	1
2661	KCNIP2	3326	MYC	1
2662	KCNJ13	3715	ORM1	1
2662	KCNJ13	4320	PTGS1	1
2662	KCNJ13	2733	KIT	1
2662	KCNJ13	4519	RET	1
2662	KCNJ13	3607	NTRK1	1
2662	KCNJ13	3866	PDGFRA	1
2662	KCNJ13	3867	PDGFRB	1
2662	KCNJ13	4975	SLC22A1	1
2662	KCNJ13	4978	SLC22A2	1
2663	KCNJ3	2781	KRAS	1
2663	KCNJ3	3579	NRAS	1
2664	KCNJ5	6237	ZNF335	1
2664	KCNJ5	4980	SLC22A6	1
2665	KCNJ9	3336	MYH4	1
2666	KCNK1	2998	MAL2	1
2667	KCNMA1	2781	KRAS	1
2667	KCNMA1	3579	NRAS	1
2667	KCNMA1	3326	MYC	1
2668	KCNQ4	5783	TUBB1	1
2668	KCNQ4	3573	NR1I2	1
2668	KCNQ4	3022	MAP4	1
2668	KCNQ4	3007	MAP2	1
2668	KCNQ4	3045	MAPT	1
2668	KCNQ4	5042	SLCO1B3	1
2669	KCNQ5	2781	KRAS	1
2669	KCNQ5	3579	NRAS	1
2670	KCNRG	2781	KRAS	1
2670	KCNRG	3579	NRAS	1
2671	KCNS1	3326	MYC	1
2672	KCNT2	2781	KRAS	1
2672	KCNT2	3579	NRAS	1
2673	KCNV1	2781	KRAS	1
2673	KCNV1	3579	NRAS	1
2674	KCTD11	3347	MYO1C	1
2675	KCTD12	2781	KRAS	1
2675	KCTD12	3579	NRAS	1
2676	KCTD13	5065	SMARCC2	1
2676	KCTD13	6312	ZNF668	1
2677	KCTD2	4509	RECQL5	1
2678	KCTD20	4374	RAB23	1
2678	KCTD20	3375	NAE1	1
2679	KCTD3	2781	KRAS	1
2679	KCTD3	3579	NRAS	1
2679	KCTD3	3326	MYC	1
2680	KDELC1	2781	KRAS	1
2680	KDELC1	3579	NRAS	1
2681	KDELR2	5453	THBS1	1
2681	KDELR2	3724	OSMR	1
2682	KDELR3	4704	RRAS	1
2682	KDELR3	4868	SERTAD1	1
2682	KDELR3	5493	TM4SF1	1
2682	KDELR3	5537	TMEM184B	1
2683	KDF1	4148	PPL	1
2684	KDM1A	4345	PUM1	1
2684	KDM1A	5109	SNRNP40	1
2685	KDM2A	4336	PTPRCAP	1
2685	KDM2A	2781	KRAS	1
2685	KDM2A	3579	NRAS	1
2686	KDM2B	5407	TCF3	1
2686	KDM2B	2781	KRAS	1
2686	KDM2B	3579	NRAS	1
2687	KDM3A	3062	MATR3	1
2688	KDM3B	3920	PHF2	1
2688	KDM3B	2781	KRAS	1
2688	KDM3B	3579	NRAS	1
2689	KDM4B	4077	POGZ	1
2689	KDM4B	5065	SMARCC2	1
2689	KDM4B	3104	MED16	1
2690	KDM5B	2781	KRAS	1
2690	KDM5B	3579	NRAS	1
2691	KDM5D	3326	MYC	1
2692	KDM6B	4558	RHOT2	1
2692	KDM6B	4097	POLR1B	1
2692	KDM6B	6046	WRAP53	1
2693	KDR	6038	WEE1	1
2693	KDR	5639	TP53	1
2693	KDR	3867	PDGFRB	1
2693	KDR	5807	TYMS	1
2693	KDR	5003	SLC29A1	1
2693	KDR	5002	SLC28A1	1
2693	KDR	5004	SLC29A2	1
2693	KDR	4086	POLE	1
2693	KDR	3093	MDM2	1
2693	KDR	4644	RPL13A	1
2693	KDR	6046	WRAP53	1
2693	KDR	4083	POLD4	1
2693	KDR	4099	POLR2A	1
2693	KDR	3285	MT1X	1
2693	KDR	3501	NHP2	1
2693	KDR	5225	SSBP1	1
2693	KDR	4061	PMS2	1
2693	KDR	4094	POLM	1
2693	KDR	4405	RAD23B	1
2693	KDR	6116	ZBTB32	1
2693	KDR	4491	RBX1	1
2693	KDR	4511	RELA	1
2693	KDR	3303	MTOR	1
2693	KDR	4150	PPM1D	1
2693	KDR	4407	RAD51	1
2693	KDR	5903	UNG	1
2693	KDR	4417	RAD9A	1
2693	KDR	5918	USP1	1
2693	KDR	3030	MAPK12	1
2693	KDR	3774	PARP1	1
2693	KDR	4081	POLD1	1
2693	KDR	4870	SESN2	1
2693	KDR	5585	TNFRSF10B	1
2693	KDR	6074	XRCC2	1
2693	KDR	3778	PARP2	1
2693	KDR	4708	RRM1	1
2694	KEAP1	3326	MYC	1
2694	KEAP1	5804	TXNRD1	1
2695	KERA	4967	SLC13A1	1
2696	KHDRBS1	4773	SART3	1
2696	KHDRBS1	4764	SAMD1	1
2696	KHDRBS1	2723	KIF2C	1
2696	KHDRBS1	4564	RIMS3	1
2697	KHDRBS2	3338	MYH7	1
2698	KHDRBS3	2781	KRAS	1
2698	KHDRBS3	3579	NRAS	1
2699	KHK	4708	RRM1	1
2699	KHK	5807	TYMS	1
2699	KHK	5003	SLC29A1	1
2699	KHK	5002	SLC28A1	1
2699	KHK	5004	SLC29A2	1
2700	KHSRP	5557	TMEM39B	1
2700	KHSRP	5217	SRRM1	1
2700	KHSRP	5799	TXLNA	1
2700	KHSRP	5619	TOE1	1
2700	KHSRP	3375	NAE1	1
2701	KIAA0355	2781	KRAS	1
2701	KIAA0355	3579	NRAS	1
2702	KIAA0408	2781	KRAS	1
2702	KIAA0408	3579	NRAS	1
2704	KIAA1217	4805	SDC1	1
2705	KIAA1522	3576	NR2F6	1
2705	KIAA1522	5742	TSKU	1
2705	KIAA1522	4259	PRRG4	1
2705	KIAA1522	4549	RHBDL2	1
2705	KIAA1522	5005	SLC2A1	1
2705	KIAA1522	5479	TINAGL1	1
2705	KIAA1522	3785	PATJ	1
2706	KIAA1524	3774	PARP1	1
2706	KIAA1524	4328	PTPA	1
2707	KIAA2026	4273	PSIP1	1
2708	KIDINS220	5157	SPAST	1
2709	KIF11	3838	PCNA	1
2709	KIF11	4087	POLE2	1
2709	KIF11	5069	SMC2	1
2709	KIF11	4528	RFC4	1
2709	KIF11	3078	MCM10	1
2709	KIF11	3597	NSMCE4A	1
2709	KIF11	5311	SUV39H2	1
2709	KIF11	5807	TYMS	1
2709	KIF11	2781	KRAS	1
2709	KIF11	3579	NRAS	1
2710	KIF13A	5453	THBS1	1
2711	KIF14	4079	POLA2	1
2711	KIF14	4524	REXO5	1
2711	KIF14	4957	SKP2	1
2711	KIF14	2781	KRAS	1
2711	KIF14	3579	NRAS	1
2712	KIF15	4524	REXO5	1
2712	KIF15	5380	TBC1D31	1
2713	KIF18A	3270	MSH2	1
2713	KIF18A	6372	ZWILCH	1
2714	KIF18B	3375	NAE1	1
2715	KIF1A	6331	ZNF711	1
2716	KIF1B	4591	RNF11	1
2716	KIF1B	4954	SKI	1
2717	KIF1BP	4369	RAB1A	1
2717	KIF1BP	3047	MAR-05	1
2718	KIF1C	3152	MINK1	1
2719	KIF20A	5851	UBE2S	1
2719	KIF20A	5069	SMC2	1
2720	KIF20B	3161	MKI67	1
2720	KIF20B	6000	WAPL	1
2720	KIF20B	5825	UBE2C	1
2721	KIF23	4030	PLK1	1
2721	KIF23	3375	NAE1	1
2722	KIF2A	3375	NAE1	1
2723	KIF2C	3323	MYBL2	1
2723	KIF2C	4143	PPIH	1
2723	KIF2C	6030	WDR76	1
2723	KIF2C	4408	RAD51AP1	1
2723	KIF2C	5069	SMC2	1
2723	KIF2C	5471	TIMELESS	1
2723	KIF2C	4030	PLK1	1
2723	KIF2C	3579	NRAS	1
2723	KIF2C	2781	KRAS	1
2724	KIF4A	2781	KRAS	1
2724	KIF4A	3579	NRAS	1
2724	KIF4A	3375	NAE1	1
2725	KIF5A	5783	TUBB1	1
2725	KIF5A	3573	NR1I2	1
2725	KIF5A	3022	MAP4	1
2725	KIF5A	3007	MAP2	1
2725	KIF5A	3045	MAPT	1
2725	KIF5A	5042	SLCO1B3	1
2726	KIF5C	2781	KRAS	1
2726	KIF5C	3579	NRAS	1
2727	KIFC1	5782	TUBB	1
2727	KIFC1	3401	NCAPD2	1
2728	KIN	3375	NAE1	1
2729	KIR2DL1	5143	SOX21	1
2729	KIR2DL1	2730	KIR2DL3	1
2729	KIR2DL1	3422	NCR1	1
2730	KIR2DL3	2731	KIR2DL4	1
2732	KIRREL	4232	PRNP	1
2733	KIT	3326	MYC	1
2733	KIT	5639	TP53	1
2733	KIT	2781	KRAS	1
2733	KIT	3579	NRAS	1
2733	KIT	3482	NFATC1	1
2733	KIT	3484	NFATC2IP	1
2733	KIT	3861	PDE6H	1
2733	KIT	4175	PPP3CA	1
2733	KIT	4230	PRMT8	1
2733	KIT	4494	RCAN1	1
2733	KIT	4745	RYK	1
2733	KIT	3860	PDE6C	1
2733	KIT	4005	PLCB1	1
2733	KIT	4176	PPP3CB	1
2733	KIT	4495	RCAN2	1
2733	KIT	6043	WNT5A	1
2733	KIT	5219	SRSF1	1
2733	KIT	3029	MAPK11	1
2733	KIT	4853	SEP-06	1
2733	KIT	3418	NCOA3	1
2733	KIT	3586	NRG2	1
2733	KIT	3684	OR2F1	1
2733	KIT	4036	PLOD2	1
2733	KIT	4357	PYROXD1	1
2733	KIT	4435	RAP1A	1
2733	KIT	4665	RPL5	1
2733	KIT	4757	S1PR2	1
2733	KIT	5125	SNX10	1
2733	KIT	5139	SORBS1	1
2733	KIT	5147	SP100	1
2733	KIT	5329	SYT11	1
2733	KIT	2827	LAPTM4B	1
2733	KIT	3192	MORC3	1
2733	KIT	3618	NUDT3	1
2733	KIT	4023	PLEKHM1	1
2733	KIT	4160	PPP1R2	1
2733	KIT	4831	SEL1L	1
2733	KIT	4876	SETMAR	1
2733	KIT	4780	SCAF11	1
2733	KIT	4956	SKP1	1
2733	KIT	5059	SMARCA1	1
2733	KIT	5190	SPTB	1
2733	KIT	5204	SRI	1
2733	KIT	5313	SV2B	1
2733	KIT	5369	TAS2R14	1
2733	KIT	5449	THAP1	1
2733	KIT	5595	TNFRSF9	1
2733	KIT	5881	UCP2	1
2733	KIT	6194	ZNF140	1
2733	KIT	2999	MAML1	1
2733	KIT	3136	MGAT2	1
2733	KIT	4443	RARA	1
2733	KIT	4656	RPL35	1
2733	KIT	4736	RTP4	1
2733	KIT	5488	TLE1	1
2733	KIT	5512	TMEFF1	1
2733	KIT	5690	TRIM24	1
2733	KIT	5709	TRIP11	1
2733	KIT	5858	UBE3A	1
2733	KIT	3510	NKRF	1
2733	KIT	4775	SAT1	1
2733	KIT	5384	TBCCD1	1
2733	KIT	5652	TPM1	1
2733	KIT	2934	LRRC37A3	1
2733	KIT	4871	SESTD1	1
2733	KIT	5148	SP110	1
2733	KIT	5818	UBA6	1
2733	KIT	6262	ZNF473	1
2733	KIT	4659	RPL36A	1
2733	KIT	4217	PRKCQ	1
2733	KIT	6363	ZP3	1
2733	KIT	5481	TJP1	1
2733	KIT	5727	TROVE2	1
2733	KIT	5034	SLC50A1	1
2733	KIT	5433	TFAP2B	1
2733	KIT	4650	RPL21	1
2733	KIT	5947	UTP14A	1
2733	KIT	3067	MBD4	1
2733	KIT	2900	LIPE	1
2733	KIT	3859	PDE4DIP	1
2733	KIT	5890	UGT1A7	1
2733	KIT	3906	PGLS	1
2733	KIT	3873	PDLIM5	1
2733	KIT	5119	SNTA1	1
2733	KIT	2850	LDLRAD4	1
2733	KIT	3900	PGAP2	1
2734	KLB	2781	KRAS	1
2734	KLB	3579	NRAS	1
2735	KLC3	2759	KLK5	1
2736	KLF1	4952	SIX3	1
2737	KLF3	2781	KRAS	1
2737	KLF3	3579	NRAS	1
2739	KLF5	4258	PRRG2	1
2739	KLF5	4012	PLEK2	1
2739	KLF5	4253	PRR15	1
2739	KLF5	4324	PTK6	1
2739	KLF5	3375	NAE1	1
2740	KLF7	3375	NAE1	1
2741	KLHDC1	3375	NAE1	1
2742	KLHDC2	3375	NAE1	1
2743	KLHL1	3375	NAE1	1
2744	KLHL12	4832	SELENOF	1
2744	KLHL12	4552	RHOA	1
2744	KLHL12	6103	YWHAE	1
2744	KLHL12	4296	PSMD12	1
2745	KLHL18	5223	SS18L2	1
2747	KLHL25	2781	KRAS	1
2747	KLHL25	3579	NRAS	1
2748	KLHL28	4149	PPM1A	1
2749	KLHL3	3326	MYC	1
2750	KLHL33	3375	NAE1	1
2751	KLHL36	2781	KRAS	1
2751	KLHL36	3579	NRAS	1
2752	KLHL38	2781	KRAS	1
2752	KLHL38	3579	NRAS	1
2753	KLHL8	6316	ZNF678	1
2753	KLHL8	3274	MSL2	1
2753	KLHL8	2887	LIN9	1
2753	KLHL8	2781	KRAS	1
2753	KLHL8	3579	NRAS	1
2754	KLHL9	4702	RRAGA	1
2755	KLK10	2756	KLK11	1
2755	KLK10	2761	KLK7	1
2755	KLK10	2762	KLK8	1
2755	KLK10	2763	KLK9	1
2755	KLK10	3332	MYH14	1
2757	KLK15	3375	NAE1	1
2759	KLK5	2760	KLK6	1
2760	KLK6	2761	KLK7	1
2762	KLK8	2763	KLK9	1
2762	KLK8	2781	KRAS	1
2762	KLK8	3579	NRAS	1
2764	KLRC1	3326	MYC	1
2765	KLRD1	2781	KRAS	1
2765	KLRD1	3579	NRAS	1
2766	KMT2A	3579	NRAS	1
2766	KMT2A	2781	KRAS	1
2767	KMT2C	6211	ZNF212	1
2767	KMT2C	2892	LINC01003	1
2768	KMT2D	3336	MYH4	1
2768	KMT2D	5290	SUDS3	1
2769	KMT2E	2783	KRIT1	1
2770	KMT5A	3375	NAE1	1
2771	KMT5B	2781	KRAS	1
2771	KMT5B	3375	NAE1	1
2771	KMT5B	3579	NRAS	1
2772	KMT5C	3375	NAE1	1
2773	KNL1	3579	NRAS	1
2773	KNL1	2781	KRAS	1
2775	KNTC1	2874	LIG1	1
2775	KNTC1	3623	NUP153	1
2775	KNTC1	3495	NFYB	1
2775	KNTC1	4779	SBNO1	1
2776	KPNA2	3375	NAE1	1
2777	KPNA5	3929	PHIP	1
2778	KPNA7	3579	NRAS	1
2778	KPNA7	2781	KRAS	1
2779	KPRP	2781	KRAS	1
2779	KPRP	3579	NRAS	1
2780	KPTN	5276	STRN4	1
2780	KPTN	3375	NAE1	1
2781	KRAS	3774	PARP1	1
2781	KRAS	3326	MYC	1
2781	KRAS	5534	TMEM17	1
2781	KRAS	5206	SRMS	1
2781	KRAS	2913	LMO3	1
2781	KRAS	5681	TRERF1	1
2781	KRAS	4281	PSMA7	1
2781	KRAS	3869	PDHB	1
2781	KRAS	5210	SRP72	1
2781	KRAS	2955	LSS	1
2781	KRAS	5247	STAR	1
2781	KRAS	5213	SRPK3	1
2781	KRAS	3141	MIA	1
2781	KRAS	6051	WWC2	1
2781	KRAS	3316	MX1	1
2781	KRAS	5853	UBE2U	1
2781	KRAS	3622	NUMB	1
2781	KRAS	5821	UBAP2L	1
2781	KRAS	3323	MYBL2	1
2781	KRAS	5617	TNXB	1
2781	KRAS	3658	OFCC1	1
2781	KRAS	4235	PROK1	1
2781	KRAS	2854	LECT2	1
2781	KRAS	4418	RAD9B	1
2781	KRAS	4385	RAB41	1
2781	KRAS	3011	MAP2K5	1
2781	KRAS	4038	PLP1	1
2781	KRAS	6323	ZNF695	1
2781	KRAS	5169	SPECC1	1
2781	KRAS	5900	UNC13C	1
2781	KRAS	5740	TSHB	1
2781	KRAS	4597	RNF130	1
2781	KRAS	5250	STARD6	1
2781	KRAS	6361	ZNRF2	1
2781	KRAS	5220	SRSF8	1
2781	KRAS	5891	UGT3A1	1
2781	KRAS	3348	MYO1E	1
2781	KRAS	4422	RAG2	1
2781	KRAS	2992	MAGED4	1
2781	KRAS	4031	PLK2	1
2781	KRAS	4019	PLEKHG4	1
2781	KRAS	6118	ZBTB34	1
2781	KRAS	5885	UFSP1	1
2781	KRAS	5195	SQOR	1
2781	KRAS	4448	RASGEF1C	1
2781	KRAS	4607	RNF20	1
2781	KRAS	5886	UGCG	1
2781	KRAS	5567	TMEM86B	1
2781	KRAS	4151	PPM1E	1
2781	KRAS	3699	OR52B2	1
2781	KRAS	5771	TTLL3	1
2781	KRAS	5607	TNNT3	1
2781	KRAS	3562	NPNT	1
2781	KRAS	2907	LMAN1L	1
2781	KRAS	6161	ZFP37	1
2781	KRAS	5892	UHMK1	1
2781	KRAS	4663	RPL39	1
2781	KRAS	4379	RAB33B	1
2781	KRAS	6239	ZNF33A	1
2781	KRAS	4268	PRTN3	1
2781	KRAS	4086	POLE	1
2781	KRAS	4859	SERPINB12	1
2781	KRAS	5294	SULT1B1	1
2781	KRAS	6375	ZZZ3	1
2781	KRAS	5196	SQSTM1	1
2781	KRAS	3144	MICAL1	1
2781	KRAS	5978	VPS13C	1
2781	KRAS	5409	TCHHL1	1
2781	KRAS	5606	TNNI3K	1
2781	KRAS	3666	OLIG2	1
2781	KRAS	4306	PSMF1	1
2781	KRAS	4075	POFUT1	1
2781	KRAS	4904	SGMS1	1
2781	KRAS	4785	SCARF1	1
2781	KRAS	6297	ZNF608	1
2781	KRAS	3380	NANP	1
2781	KRAS	2950	LSM3	1
2781	KRAS	6245	ZNF383	1
2781	KRAS	6158	ZFP2	1
2781	KRAS	6278	ZNF556	1
2781	KRAS	2919	LOXL2	1
2781	KRAS	5995	VTI1A	1
2781	KRAS	4678	RPS14	1
2781	KRAS	3708	OR7A10	1
2781	KRAS	5981	VPS33A	1
2781	KRAS	2796	KRT88P	1
2781	KRAS	6190	ZNF132	1
2781	KRAS	3529	NNT	1
2781	KRAS	3879	PDSS2	1
2781	KRAS	5752	TSPYL5	1
2781	KRAS	5687	TRIM21	1
2781	KRAS	3108	MED23	1
2781	KRAS	2935	LRRC39	1
2781	KRAS	5208	SRP54	1
2781	KRAS	3678	OR13A1	1
2781	KRAS	5219	SRSF1	1
2781	KRAS	5461	THRSP	1
2781	KRAS	5071	SMC4	1
2781	KRAS	3125	METRNL	1
2781	KRAS	2977	LYST	1
2781	KRAS	3590	NSA2	1
2781	KRAS	6264	ZNF485	1
2781	KRAS	4080	POLB	1
2781	KRAS	5776	TTTY13	1
2781	KRAS	3400	NCAM1	1
2781	KRAS	4728	RTEL1	1
2781	KRAS	5947	UTP14A	1
2781	KRAS	6090	YES1	1
2781	KRAS	5651	TPH1	1
2781	KRAS	5450	THAP10	1
2781	KRAS	6358	ZNHIT3	1
2781	KRAS	5201	SRD5A3	1
2781	KRAS	3882	PDZD8	1
2781	KRAS	3507	NKAP	1
2781	KRAS	3797	PCBP2P1	1
2781	KRAS	4707	RREB1	1
2781	KRAS	5529	TMEM150A	1
2781	KRAS	5829	UBE2D4	1
2781	KRAS	3120	MESDC1	1
2781	KRAS	4580	RMI2	1
2781	KRAS	5414	TCTE1	1
2781	KRAS	5171	SPHK1	1
2781	KRAS	4924	SH3TC2	1
2781	KRAS	4843	SEMA7A	1
2781	KRAS	3069	MBL1P	1
2781	KRAS	5120	SNTB2	1
2781	KRAS	3206	MPO	1
2781	KRAS	2971	LY96	1
2781	KRAS	4082	POLD3	1
2781	KRAS	2966	LY6G6C	1
2781	KRAS	5460	THRA	1
2781	KRAS	3419	NCOA6	1
2781	KRAS	4055	PMF1	1
2781	KRAS	5969	VGLL2	1
2781	KRAS	5354	TAF6	1
2781	KRAS	2983	MACROD2	1
2781	KRAS	3279	MSRB2	1
2781	KRAS	2917	LONRF3	1
2781	KRAS	3289	MTA2	1
2781	KRAS	2941	LRRN4CL	1
2781	KRAS	4595	RNF128	1
2781	KRAS	3454	NECAP1	1
2781	KRAS	4373	RAB22A	1
2781	KRAS	5536	TMEM184A	1
2781	KRAS	5721	TRMT5	1
2781	KRAS	4131	POU4F1	1
2781	KRAS	4568	RIOK1	1
2781	KRAS	2875	LIG3	1
2781	KRAS	3675	OR10A7	1
2781	KRAS	6360	ZNRF1	1
2781	KRAS	5525	TMEM135	1
2781	KRAS	5184	SPPL2B	1
2781	KRAS	5343	TAF1	1
2781	KRAS	4891	SFPQ	1
2781	KRAS	5457	THOC7	1
2781	KRAS	6369	ZSCAN9	1
2781	KRAS	3956	PIGV	1
2781	KRAS	5626	TOMM40	1
2781	KRAS	5515	TMEM109	1
2781	KRAS	5777	TTTY6	1
2781	KRAS	3610	NUB1	1
2781	KRAS	3475	NEU1	1
2781	KRAS	2889	LINC00200	1
2781	KRAS	3448	NDUFS4	1
2781	KRAS	3387	NARS	1
2781	KRAS	5314	SVEP1	1
2781	KRAS	4377	RAB29	1
2781	KRAS	5970	VHL	1
2781	KRAS	4640	RPIA	1
2781	KRAS	4681	RPS17	1
2781	KRAS	5879	UCHL5	1
2781	KRAS	4449	RASGRF2	1
2781	KRAS	4384	RAB3IP	1
2781	KRAS	4531	RFPL2	1
2781	KRAS	5230	SSR3	1
2781	KRAS	5018	SLC35G2	1
2781	KRAS	4881	SF3A1	1
2781	KRAS	3042	MAPKAPK5	1
2781	KRAS	3983	PKD1L3	1
2781	KRAS	6041	WNK3	1
2781	KRAS	2894	LINC01623	1
2781	KRAS	3939	PI3	1
2781	KRAS	2857	LENG1	1
2781	KRAS	5415	TCTE3	1
2781	KRAS	4969	SLC15A3	1
2781	KRAS	4108	POLR2J	1
2781	KRAS	2849	LDHBP2	1
2781	KRAS	4992	SLC25A28	1
2781	KRAS	5352	TAF5	1
2781	KRAS	6362	ZNRF3	1
2781	KRAS	3850	PDCD5	1
2781	KRAS	4735	RTN4RL2	1
2781	KRAS	5242	ST8SIA3	1
2781	KRAS	5840	UBE2K	1
2781	KRAS	4387	RAB5B	1
2781	KRAS	2961	LTK	1
2781	KRAS	5403	TCERG1	1
2781	KRAS	5901	UNC45A	1
2781	KRAS	3432	NDUFA12	1
2781	KRAS	3546	NOP14	1
2781	KRAS	3414	NCKIPSD	1
2781	KRAS	4085	POLDIP3	1
2781	KRAS	6341	ZNF775	1
2781	KRAS	4451	RASL11A	1
2781	KRAS	5202	SREBF2	1
2781	KRAS	3196	MOS	1
2781	KRAS	5081	SMN1	1
2781	KRAS	3391	NAT2	1
2781	KRAS	3464	NEIL2	1
2781	KRAS	4972	SLC17A7	1
2781	KRAS	3083	MCM6	1
2781	KRAS	4730	RTL6	1
2781	KRAS	3036	MAPK8	1
2781	KRAS	6231	ZNF32	1
2781	KRAS	4920	SH3GLB1	1
2781	KRAS	3588	NRM	1
2781	KRAS	5207	SRP14	1
2781	KRAS	5437	TFCP2L1	1
2781	KRAS	4661	RPL37AP1	1
2781	KRAS	3309	MUC17	1
2781	KRAS	4795	SCN8A	1
2781	KRAS	5256	STAU2	1
2781	KRAS	6058	XAGE3	1
2781	KRAS	4436	RAP1GDS1	1
2781	KRAS	3344	MYLK3	1
2781	KRAS	4984	SLC25A1	1
2781	KRAS	4643	RPL13	1
2781	KRAS	4990	SLC25A2	1
2781	KRAS	5792	TUBGCP5	1
2781	KRAS	4848	SENP5	1
2781	KRAS	5006	SLC2A2	1
2781	KRAS	6343	ZNF777	1
2781	KRAS	4710	RRM2B	1
2781	KRAS	3916	PHC3	1
2781	KRAS	3403	NCAPG	1
2781	KRAS	3572	NR1H2	1
2781	KRAS	4226	PRLR	1
2781	KRAS	5293	SULT1A2	1
2781	KRAS	4544	RGS22	1
2781	KRAS	4510	REG1A	1
2781	KRAS	5893	UHRF2	1
2781	KRAS	5188	SPRY2	1
2781	KRAS	3452	NDUFV2	1
2781	KRAS	4929	SHE	1
2781	KRAS	5905	UPF1	1
2781	KRAS	4648	RPL17	1
2781	KRAS	2991	MAGEC3	1
2781	KRAS	3276	MSLN	1
2781	KRAS	4583	RN7SL8P	1
2781	KRAS	3462	NEFL	1
2781	KRAS	6336	ZNF76	1
2781	KRAS	3911	PGPEP1	1
2781	KRAS	3830	PCGF2	1
2781	KRAS	4409	RAD51AP2	1
2781	KRAS	4852	SEP-04	1
2781	KRAS	3082	MCM5	1
2781	KRAS	2822	LAMTOR3	1
2781	KRAS	3086	MCPH1	1
2781	KRAS	5423	TEF	1
2781	KRAS	5241	ST7	1
2781	KRAS	6328	ZNF705E	1
2781	KRAS	3274	MSL2	1
2781	KRAS	4529	RFC5	1
2781	KRAS	4991	SLC25A26	1
2781	KRAS	3392	NAT8	1
2781	KRAS	4778	SBK2	1
2781	KRAS	3525	NMNAT1	1
2781	KRAS	4003	PLAUR	1
2781	KRAS	6219	ZNF260	1
2781	KRAS	6166	ZFX	1
2781	KRAS	4186	PQLC2	1
2781	KRAS	4329	PTPN1	1
2781	KRAS	4685	RPS25	1
2781	KRAS	3694	OR4K1	1
2781	KRAS	3315	MVP	1
2781	KRAS	6045	WNT9A	1
2781	KRAS	3720	OSBPL9	1
2781	KRAS	4833	SELENOS	1
2781	KRAS	5895	ULBP2	1
2781	KRAS	4356	PYM1	1
2781	KRAS	4364	R3HDM2	1
2781	KRAS	3377	NAGS	1
2781	KRAS	6119	ZBTB39	1
2781	KRAS	2901	LIPG	1
2781	KRAS	3573	NR1I2	1
2781	KRAS	5194	SPTY2D1	1
2781	KRAS	4416	RAD54L2	1
2781	KRAS	5505	TMCO5A	1
2781	KRAS	5125	SNX10	1
2781	KRAS	5370	TAS2R62P	1
2781	KRAS	5977	VNN1	1
2781	KRAS	3182	MNDA	1
2781	KRAS	4724	RSPH14	1
2781	KRAS	3726	OTOF	1
2781	KRAS	3985	PKD2L1	1
2781	KRAS	5248	STARD10	1
2781	KRAS	4459	RBBP6	1
2781	KRAS	3345	MYLPF	1
2781	KRAS	2958	LTBP2	1
2781	KRAS	4783	SCAMP3	1
2781	KRAS	2942	LRRTM2	1
2781	KRAS	5820	UBAC2	1
2781	KRAS	3744	PABPC4L	1
2781	KRAS	5975	VMP1	1
2781	KRAS	3420	NCOR1	1
2781	KRAS	3680	OR1F1	1
2781	KRAS	5510	TMED8	1
2781	KRAS	4527	RFC3	1
2781	KRAS	3775	PARP12	1
2781	KRAS	5328	SYPL2	1
2781	KRAS	4004	PLB1	1
2781	KRAS	5038	SLC7A5	1
2781	KRAS	3333	MYH15	1
2781	KRAS	3313	MUT	1
2781	KRAS	3290	MTBP	1
2781	KRAS	5803	TXNL4A	1
2781	KRAS	5754	TSSK1B	1
2781	KRAS	5037	SLC7A3	1
2781	KRAS	2996	MAGOH	1
2781	KRAS	4836	SEM1	1
2781	KRAS	5346	TAF15	1
2781	KRAS	3200	MPHOSPH10	1
2781	KRAS	3513	NLRC4	1
2781	KRAS	3092	MDH2	1
2781	KRAS	4396	RAC1	1
2781	KRAS	3229	MRPL23	1
2781	KRAS	4144	PPIL1	1
2781	KRAS	6283	ZNF570	1
2781	KRAS	4438	RAPGEF2	1
2781	KRAS	5943	USP9X	1
2781	KRAS	3970	PINK1	1
2781	KRAS	3885	PEAK1	1
2781	KRAS	4842	SEMA4F	1
2781	KRAS	5764	TTC3	1
2781	KRAS	4856	SERINC1	1
2781	KRAS	5421	TEAD2	1
2781	KRAS	6141	ZCCHC13	1
2781	KRAS	3174	MMEL1	1
2781	KRAS	5768	TTC7B	1
2781	KRAS	3022	MAP4	1
2781	KRAS	5277	STT3A	1
2781	KRAS	5435	TFB2M	1
2781	KRAS	5613	TNRC6C	1
2781	KRAS	6287	ZNF579	1
2781	KRAS	5910	UQCR10	1
2781	KRAS	6327	ZNF701	1
2781	KRAS	6170	ZGPAT	1
2781	KRAS	4026	PLG	1
2781	KRAS	5627	TOMM6	1
2781	KRAS	4275	PSMA1	1
2781	KRAS	3707	OR5M9	1
2781	KRAS	5272	STRADA	1
2781	KRAS	5555	TMEM30B	1
2781	KRAS	3833	PCID2	1
2781	KRAS	4236	PROM1	1
2781	KRAS	6017	WDR37	1
2781	KRAS	3474	NET1	1
2781	KRAS	3061	MATN2	1
2781	KRAS	5375	TBC1D1	1
2781	KRAS	4963	SLC11A2	1
2781	KRAS	4671	RPP38	1
2781	KRAS	4218	PRKCSH	1
2781	KRAS	4666	RPL7AP13	1
2781	KRAS	5810	U2AF1	1
2781	KRAS	3237	MRPL39	1
2781	KRAS	3683	OR2B11	1
2781	KRAS	5484	TK2	1
2781	KRAS	3749	PAFAH1B1	1
2781	KRAS	3988	PKIA	1
2781	KRAS	3430	NDST3	1
2781	KRAS	3306	MTR	1
2781	KRAS	5822	UBC	1
2781	KRAS	6062	XKR6	1
2781	KRAS	6050	WWC1	1
2781	KRAS	5706	TRIM52	1
2781	KRAS	5944	USP9Y	1
2781	KRAS	5000	SLC26A6	1
2781	KRAS	6271	ZNF512	1
2781	KRAS	5191	SPTBN5	1
2781	KRAS	6130	ZC3H13	1
2781	KRAS	4106	POLR2H	1
2781	KRAS	3831	PCGF5	1
2781	KRAS	2797	KRT89P	1
2781	KRAS	5297	SULT6B1	1
2781	KRAS	3967	PIM2	1
2781	KRAS	3427	NDN	1
2781	KRAS	5091	SMURF2	1
2781	KRAS	5818	UBA6	1
2781	KRAS	3373	NADK	1
2781	KRAS	4760	SAE1	1
2781	KRAS	4789	SCFD1	1
2781	KRAS	4256	PRR4	1
2781	KRAS	3895	PFDN1	1
2781	KRAS	4213	PRKAR2B	1
2781	KRAS	5240	ST6GALNAC5	1
2781	KRAS	3179	MN1	1
2781	KRAS	3047	MAR-05	1
2781	KRAS	5135	SOCS2	1
2781	KRAS	6274	ZNF542P	1
2781	KRAS	3629	NUP43	1
2781	KRAS	4554	RHOBTB3	1
2781	KRAS	5216	SRR	1
2781	KRAS	3759	PALMD	1
2781	KRAS	2897	LINC02288	1
2781	KRAS	3971	PIP4K2A	1
2781	KRAS	3185	MOB3A	1
2781	KRAS	2886	LIN7C	1
2781	KRAS	3264	MRPS36P4	1
2781	KRAS	4130	POU2F2	1
2781	KRAS	2853	LEAP2	1
2781	KRAS	5128	SNX2	1
2781	KRAS	5486	TLCD2	1
2781	KRAS	5393	TBX20	1
2781	KRAS	4265	PRSS55	1
2781	KRAS	4656	RPL35	1
2781	KRAS	3545	NOP10	1
2781	KRAS	5345	TAF12	1
2781	KRAS	5871	UBTF	1
2781	KRAS	3459	NEDD4L	1
2781	KRAS	3499	NGLY1	1
2781	KRAS	4267	PRTFDC1	1
2781	KRAS	4093	POLK	1
2781	KRAS	3840	PCSK2	1
2781	KRAS	3937	PHTF1	1
2781	KRAS	6276	ZNF550	1
2781	KRAS	3399	NBR2	1
2781	KRAS	3483	NFATC2	1
2781	KRAS	5222	SRXN1	1
2781	KRAS	2828	LAPTM5	1
2781	KRAS	4577	RLF	1
2781	KRAS	5564	TMEM61	1
2781	KRAS	3692	OR4E2	1
2781	KRAS	4639	RPGR	1
2781	KRAS	3524	NMI	1
2781	KRAS	2784	KRT1	1
2781	KRAS	3205	MPL	1
2781	KRAS	5333	SYTL2	1
2781	KRAS	5791	TUBGCP4	1
2781	KRAS	3689	OR2Z1	1
2781	KRAS	4914	SH2D3A	1
2781	KRAS	3056	MARVELD3	1
2781	KRAS	6033	WDR83	1
2781	KRAS	5474	TIMM22	1
2781	KRAS	5200	SRD5A1	1
2781	KRAS	4189	PRAMEF33	1
2781	KRAS	5699	TRIM39	1
2781	KRAS	4822	SEC14L3	1
2781	KRAS	3679	OR14A16	1
2781	KRAS	5575	TMPRSS6	1
2781	KRAS	6332	ZNF74	1
2781	KRAS	4809	SDCCAG8	1
2781	KRAS	4861	SERPINB5	1
2781	KRAS	6014	WDR3	1
2781	KRAS	3341	MYL12B	1
2781	KRAS	4679	RPS15	1
2781	KRAS	5093	SNAP23	1
2781	KRAS	6142	ZCCHC24	1
2781	KRAS	3503	NIFK	1
2781	KRAS	5631	TOP2A	1
2781	KRAS	5420	TEAD1	1
2781	KRAS	5796	TWIST1	1
2781	KRAS	6039	WFDC12	1
2781	KRAS	3733	OXA1L	1
2781	KRAS	5040	SLC9A7	1
2781	KRAS	3564	NPR2	1
2781	KRAS	6217	ZNF254	1
2781	KRAS	3685	OR2H2	1
2781	KRAS	4212	PRKAR1B	1
2781	KRAS	4132	POU4F3	1
2781	KRAS	2792	KRT72	1
2781	KRAS	3540	NOL4	1
2781	KRAS	5830	UBE2E1	1
2781	KRAS	5513	TMEM102	1
2781	KRAS	4562	RIMS1	1
2781	KRAS	4682	RPS19	1
2781	KRAS	3999	PLAA	1
2781	KRAS	3393	NAV3	1
2781	KRAS	3013	MAP3K1	1
2781	KRAS	5939	USP49	1
2781	KRAS	4070	PNPLA4	1
2781	KRAS	5623	TOMM20	1
2781	KRAS	5008	SLC30A3	1
2781	KRAS	3145	MICAL3	1
2781	KRAS	4677	RPS12	1
2781	KRAS	3008	MAP2K1	1
2781	KRAS	5251	STARD7	1
2781	KRAS	6252	ZNF418	1
2781	KRAS	4016	PLEKHB1	1
2781	KRAS	4956	SKP1	1
2781	KRAS	4138	PPFIA1	1
2781	KRAS	4896	SFXN2	1
2781	KRAS	6148	ZDHHC16	1
2781	KRAS	4794	SCN4A	1
2781	KRAS	3325	MYBPC3	1
2781	KRAS	4349	PWP1	1
2781	KRAS	5859	UBE3B	1
2781	KRAS	4148	PPL	1
2781	KRAS	4280	PSMA6	1
2781	KRAS	4617	RNF41	1
2781	KRAS	3102	MED13L	1
2781	KRAS	6365	ZPR1	1
2781	KRAS	4689	RPS4X	1
2781	KRAS	3647	OAF	1
2781	KRAS	4274	PSKH2	1
2781	KRAS	5928	USP30	1
2781	KRAS	3303	MTOR	1
2781	KRAS	4520	RETNLB	1
2781	KRAS	6178	ZMAT1	1
2781	KRAS	3165	MLF2	1
2781	KRAS	3542	NOL8	1
2781	KRAS	3035	MAPK7	1
2781	KRAS	5521	TMEM126A	1
2781	KRAS	3923	PHF21B	1
2781	KRAS	6210	ZNF207	1
2781	KRAS	5573	TMPRSS13	1
2781	KRAS	3978	PITX2	1
2781	KRAS	2940	LRRN1	1
2781	KRAS	3979	PIWIL4	1
2781	KRAS	6096	YME1L1	1
2781	KRAS	3846	PDCD11	1
2781	KRAS	4123	PON2	1
2781	KRAS	4196	PRDM4	1
2781	KRAS	5783	TUBB1	1
2781	KRAS	3601	NSUN7	1
2781	KRAS	5697	TRIM36	1
2781	KRAS	5361	TAP2	1
2781	KRAS	4534	RFX4	1
2781	KRAS	3859	PDE4DIP	1
2781	KRAS	4948	SIRPA	1
2781	KRAS	5857	UBE2Z	1
2781	KRAS	4790	SCFD2	1
2781	KRAS	5940	USP6	1
2781	KRAS	4284	PSMB4	1
2781	KRAS	3383	NAP1L6	1
2781	KRAS	6137	ZC3HAV1L	1
2781	KRAS	6123	ZBTB5	1
2781	KRAS	2932	LRRC10	1
2781	KRAS	4421	RAG1	1
2781	KRAS	2841	LCE5A	1
2781	KRAS	4732	RTN2	1
2781	KRAS	3091	MDH1	1
2781	KRAS	5761	TTC21B	1
2781	KRAS	3415	NCL	1
2781	KRAS	3412	NCKAP1	1
2781	KRAS	5158	SPATA17	1
2781	KRAS	5150	SP4	1
2781	KRAS	3437	NDUFA9	1
2781	KRAS	4391	RAB9B	1
2781	KRAS	5291	SUGP1	1
2781	KRAS	5535	TMEM177	1
2781	KRAS	5296	SULT4A1	1
2781	KRAS	3583	NRDC	1
2781	KRAS	6128	ZC3H10	1
2781	KRAS	4010	PLD4	1
2781	KRAS	6292	ZNF584	1
2781	KRAS	4064	PNLDC1	1
2781	KRAS	3539	NOL3	1
2781	KRAS	4718	RSBN1	1
2781	KRAS	5024	SLC38A4	1
2781	KRAS	4603	RNF166	1
2781	KRAS	4851	SEP-01	1
2781	KRAS	6208	ZNF2	1
2781	KRAS	6061	XK	1
2781	KRAS	2984	MAD2L1	1
2781	KRAS	5653	TPP2	1
2781	KRAS	3570	NQO2	1
2781	KRAS	3641	NVL	1
2781	KRAS	4746	RYR2	1
2781	KRAS	5047	SLITRK2	1
2781	KRAS	4854	SEP-14	1
2781	KRAS	4478	RBM39	1
2781	KRAS	4112	POLR3B	1
2781	KRAS	4437	RAPGEF1	1
2781	KRAS	3244	MRPL49	1
2781	KRAS	5539	TMEM19	1
2781	KRAS	6168	ZFYVE16	1
2781	KRAS	5178	SPINK2	1
2781	KRAS	5122	SNUPN	1
2781	KRAS	4292	PSMC5	1
2781	KRAS	3231	MRPL3	1
2781	KRAS	5123	SNW1	1
2781	KRAS	4296	PSMD12	1
2781	KRAS	4722	RSL24D1P6	1
2781	KRAS	3996	PLA2G2A	1
2781	KRAS	4931	SHKBP1	1
2781	KRAS	4239	PRPF19	1
2781	KRAS	6073	XRCC1	1
2781	KRAS	5760	TTBK2	1
2781	KRAS	2885	LIN7A	1
2781	KRAS	3460	NEDD8	1
2781	KRAS	3688	OR2T11	1
2781	KRAS	5725	TRNT1	1
2781	KRAS	4631	RPA2	1
2781	KRAS	4715	RRP9	1
2781	KRAS	4184	PPWD1	1
2781	KRAS	4405	RAD23B	1
2781	KRAS	4094	POLM	1
2781	KRAS	5751	TSPY26P	1
2781	KRAS	5312	SUZ12	1
2781	KRAS	5925	USP25	1
2781	KRAS	5945	USPL1	1
2781	KRAS	4654	RPL30	1
2781	KRAS	5600	TNIK	1
2781	KRAS	4664	RPL4	1
2781	KRAS	3711	OR9A2	1
2781	KRAS	3925	PHF5A	1
2781	KRAS	5506	TMED10	1
2781	KRAS	5643	TP53I3	1
2781	KRAS	2933	LRRC32	1
2781	KRAS	5221	SRSF9	1
2781	KRAS	3857	PDE3A	1
2781	KRAS	2789	KRT32	1
2781	KRAS	5330	SYT14	1
2781	KRAS	3123	METAP2	1
2781	KRAS	5817	UBA52	1
2781	KRAS	5118	SNRPN	1
2781	KRAS	6182	ZMYM5	1
2781	KRAS	5781	TUBAL3	1
2781	KRAS	6132	ZC3H15	1
2781	KRAS	2895	LINC01743	1
2781	KRAS	3308	MTX2	1
2781	KRAS	4921	SH3PXD2B	1
2781	KRAS	3969	PIN1	1
2781	KRAS	4545	RGS5	1
2781	KRAS	4655	RPL34	1
2781	KRAS	3927	PHF7	1
2781	KRAS	5311	SUV39H2	1
2781	KRAS	3943	PIAS1	1
2781	KRAS	3627	NUP205	1
2781	KRAS	5730	TRPM2	1
2781	KRAS	3589	NRXN1	1
2781	KRAS	5747	TSPAN15	1
2781	KRAS	5446	TGIF2	1
2781	KRAS	3168	MLKL	1
2781	KRAS	5157	SPAST	1
2781	KRAS	5904	UNKL	1
2781	KRAS	3656	ODC1	1
2781	KRAS	5412	TCOF1	1
2781	KRAS	5873	UBXN2A	1
2781	KRAS	3625	NUP160	1
2781	KRAS	3232	MRPL30	1
2781	KRAS	3424	NDC1	1
2781	KRAS	5113	SNRPC	1
2781	KRAS	3401	NCAPD2	1
2781	KRAS	4821	SEC13	1
2781	KRAS	4167	PPP2R1B	1
2781	KRAS	4301	PSMD6	1
2781	KRAS	4272	PSEN1	1
2781	KRAS	5166	SPC24	1
2781	KRAS	4098	POLR1C	1
2781	KRAS	3931	PHKBP2	1
2781	KRAS	5518	TMEM117	1
2781	KRAS	5933	USP38	1
2781	KRAS	5694	TRIM3	1
2781	KRAS	5385	TBCD	1
2781	KRAS	4017	PLEKHG2	1
2781	KRAS	3541	NOL6	1
2781	KRAS	4499	RCHY1	1
2781	KRAS	3059	MASTL	1
2781	KRAS	5702	TRIM44	1
2781	KRAS	3714	ORC5	1
2781	KRAS	3201	MPHOSPH6	1
2781	KRAS	5790	TUBGCP3	1
2781	KRAS	3342	MYLIP	1
2781	KRAS	5814	UBA2	1
2781	KRAS	6016	WDR36	1
2781	KRAS	4512	RELN	1
2781	KRAS	5052	SLU7	1
2781	KRAS	5948	UTP15	1
2781	KRAS	6126	ZBTB8OS	1
2781	KRAS	5999	WAC	1
2781	KRAS	3676	OR10AG1	1
2781	KRAS	4278	PSMA4	1
2781	KRAS	2833	LAS1L	1
2781	KRAS	5914	URI1	1
2781	KRAS	5417	TDP1	1
2781	KRAS	5865	UBQLN2	1
2781	KRAS	5703	TRIM46	1
2781	KRAS	6087	YBX2	1
2781	KRAS	4616	RNF40	1
2781	KRAS	3880	PDX1	1
2781	KRAS	4744	RXRG	1
2781	KRAS	3786	PATZ1	1
2781	KRAS	4115	POLR3F	1
2781	KRAS	3657	ODF3L1	1
2781	KRAS	6005	WBP11P1	1
2781	KRAS	3198	MPDZ	1
2781	KRAS	3883	PDZK1	1
2781	KRAS	3536	NOL10	1
2781	KRAS	4030	PLK1	1
2781	KRAS	4358	QARS	1
2781	KRAS	3690	OR4C16	1
2781	KRAS	5357	TAOK1	1
2781	KRAS	3578	NR5A1	1
2781	KRAS	5826	UBE2D1	1
2781	KRAS	3921	PHF20	1
2781	KRAS	3161	MKI67	1
2781	KRAS	5846	UBE2O	1
2781	KRAS	3360	NAA15	1
2781	KRAS	4887	SF3B6	1
2781	KRAS	4549	RHBDL2	1
2781	KRAS	4089	POLG	1
2781	KRAS	5850	UBE2R2	1
2781	KRAS	3481	NF2	1
2781	KRAS	4716	RRS1	1
2781	KRAS	5813	UBA1	1
2781	KRAS	5843	UBE2M	1
2781	KRAS	5252	STAT1	1
2781	KRAS	4830	SEH1L	1
2781	KRAS	4708	RRM1	1
2781	KRAS	4484	RBM8A	1
2781	KRAS	3466	NEK1	1
2781	KRAS	4541	RGP1	1
2781	KRAS	3635	NUP93	1
2781	KRAS	6133	ZC3H18	1
2781	KRAS	3642	NXF1	1
2781	KRAS	5986	VPS53	1
2781	KRAS	3551	NOP56	1
2781	KRAS	4078	POLA1	1
2781	KRAS	4456	RB1	1
2781	KRAS	5639	TP53	1
2781	KRAS	4260	PRRT2	1
2781	KRAS	3628	NUP214	1
2781	KRAS	6067	XPO1	1
2781	KRAS	4163	PPP1R8	1
2781	KRAS	5837	UBE2I	1
2781	KRAS	5705	TRIM49B	1
2781	KRAS	3480	NF1	1
2781	KRAS	5268	STK33	1
2781	KRAS	5454	THOC1	1
2781	KRAS	5934	USP39	1
2781	KRAS	3664	OIP5	1
2781	KRAS	3375	NAE1	1
2781	KRAS	4279	PSMA5	1
2781	KRAS	4285	PSMB5	1
2781	KRAS	4286	PSMB6	1
2781	KRAS	5964	VDAC1	1
2781	KRAS	3158	MIS18A	1
2781	KRAS	5387	TBK1	1
2781	KRAS	3032	MAPK14	1
2781	KRAS	3020	MAP3K7	1
2781	KRAS	5630	TOP1	1
2781	KRAS	2805	LACC1	1
2781	KRAS	2863	LEXM	1
2781	KRAS	2868	LGALSL	1
2781	KRAS	2888	LINC00029	1
2781	KRAS	2893	LINC01547	1
2781	KRAS	2896	LINC02145	1
2781	KRAS	3126	METTL14	1
2781	KRAS	3129	MFF	1
2781	KRAS	3132	MFSD12	1
2781	KRAS	3135	MFSD6	1
2781	KRAS	3151	MINDY1	1
2781	KRAS	3216	MRGPRG-AS1	1
2781	KRAS	3220	MROH5	1
2781	KRAS	3359	NAA10	1
2781	KRAS	3394	NBEAL1	1
2781	KRAS	3439	NDUFAF6	1
2781	KRAS	3453	NECAB2	1
2781	KRAS	3547	NOP14-AS1	1
2781	KRAS	3548	NOP16	1
2781	KRAS	3584	NRDE2	1
2781	KRAS	3644	NXPE2	1
2781	KRAS	3762	PAMR1	1
2781	KRAS	3784	PATE2	1
2781	KRAS	3835	PCLAF	1
2781	KRAS	4021	PLEKHG7	1
2781	KRAS	4025	PLEKHS1	1
2781	KRAS	4028	PLIN2	1
2781	KRAS	4161	PPP1R32	1
2781	KRAS	4187	PQLC2L	1
2781	KRAS	4351	PXDC1	1
2781	KRAS	4539	RGCC	1
2781	KRAS	4559	RIDA	1
2781	KRAS	4575	RIPOR3	1
2781	KRAS	4637	RPF1	1
2781	KRAS	4638	RPF2	1
2781	KRAS	4670	RPP25L	1
2781	KRAS	4726	RSRP1	1
2781	KRAS	4758	S1PR5	1
2781	KRAS	4818	SDR42E1	1
2781	KRAS	4928	SHCBP1L	1
2781	KRAS	4935	SHTN1	1
2781	KRAS	5106	SNRNP200	1
2781	KRAS	5152	SPACA7	1
2781	KRAS	5164	SPATA6L	1
2781	KRAS	5183	SPOUT1	1
2781	KRAS	5270	STMN1	1
2781	KRAS	5326	SYNM	1
2781	KRAS	5396	TCAF2	1
2781	KRAS	5543	TMEM206	1
2781	KRAS	5551	TMEM248	1
2781	KRAS	5620	TOGARAM1	1
2781	KRAS	5648	TP73-AS1	1
2781	KRAS	5713	TRMO	1
2781	KRAS	5766	TTC39A	1
2781	KRAS	5775	TTPAL	1
2781	KRAS	5902	UNC80	1
2781	KRAS	5951	UTP4	1
2781	KRAS	6002	WASH3P	1
2781	KRAS	6035	WDR97	1
2781	KRAS	6052	WWC2-AS2	1
2781	KRAS	6155	ZFC3H1	1
2782	KRI1	4077	POGZ	1
2782	KRI1	4467	RBM14	1
2782	KRI1	3551	NOP56	1
2783	KRIT1	3890	PEX1	1
2783	KRIT1	6177	ZKSCAN5	1
2783	KRIT1	3435	NDUFA5	1
2783	KRIT1	4109	POLR2J4	1
2783	KRIT1	6175	ZKSCAN1	1
2783	KRIT1	6348	ZNF789	1
2784	KRT1	3579	NRAS	1
2788	KRT27	3326	MYC	1
2789	KRT32	3579	NRAS	1
2790	KRT6B	4257	PRR5	1
2791	KRT7	6044	WNT7B	1
2791	KRT7	4565	RIN2	1
2792	KRT72	3579	NRAS	1
2793	KRT76	3686	OR2J3	1
2794	KRT8	4324	PTK6	1
2794	KRT8	4807	SDC4	1
2795	KRT80	5745	TSPAN1	1
2795	KRT80	6044	WNT7B	1
2795	KRT80	4054	PMEPA1	1
2796	KRT88P	3579	NRAS	1
2797	KRT89P	3579	NRAS	1
2798	KRTAP19-7	3375	NAE1	1
2799	KSR1	5154	SPAG8	1
2800	KYAT1	3375	NAE1	1
2801	L2HGDH	4087	POLE2	1
2802	L3HYPDH	3375	NAE1	1
2803	L3MBTL2	5720	TRMT2A	1
2803	L3MBTL2	3082	MCM5	1
2803	L3MBTL2	3538	NOL12	1
2803	L3MBTL2	3889	PES1	1
2803	L3MBTL2	4085	POLDIP3	1
2803	L3MBTL2	4104	POLR2F	1
2803	L3MBTL2	3148	MIEF1	1
2804	L3MBTL4	3375	NAE1	1
2805	LACC1	3579	NRAS	1
2806	LAD1	3209	MPZL2	1
2806	LAD1	5574	TMPRSS4	1
2806	LAD1	2998	MAL2	1
2806	LAD1	4266	PRSS8	1
2806	LAD1	3457	NECTIN4	1
2806	LAD1	4375	RAB25	1
2807	LAIR1	3410	NCF4	1
2808	LALBA	3375	NAE1	1
2809	LAMA2	3375	NAE1	1
2809	LAMA2	3326	MYC	1
2811	LAMA5	4018	PLEKHG3	1
2811	LAMA5	5481	TJP1	1
2811	LAMA5	5050	SLPI	1
2811	LAMA5	3375	NAE1	1
2813	LAMB2	4331	PTPN21	1
2813	LAMB2	4366	RAB11FIP5	1
2813	LAMB2	4706	RRBP1	1
2814	LAMB3	6082	YAP1	1
2814	LAMB3	4011	PLEC	1
2815	LAMB4	5679	TRAT1	1
2816	LAMC1	5237	ST5	1
2816	LAMC1	3555	NOTCH2	1
2817	LAMC2	3993	PKP3	1
2818	LAMC3	3375	NAE1	1
2819	LAMP1	3375	NAE1	1
2820	LAMP2	3375	NAE1	1
2821	LAMP5	3326	MYC	1
2822	LAMTOR3	3579	NRAS	1
2823	LAMTOR4	3375	NAE1	1
2824	LAMTOR5	5285	STXBP3	1
2826	LAPTM4A	4263	PRSS23	1
2827	LAPTM4B	3715	ORM1	1
2827	LAPTM4B	4320	PTGS1	1
2827	LAPTM4B	4519	RET	1
2827	LAPTM4B	3607	NTRK1	1
2827	LAPTM4B	3866	PDGFRA	1
2827	LAPTM4B	3867	PDGFRB	1
2827	LAPTM4B	4975	SLC22A1	1
2827	LAPTM4B	4978	SLC22A2	1
2828	LAPTM5	3579	NRAS	1
2829	LARP1	5412	TCOF1	1
2830	LARP4B	3170	MLLT10	1
2831	LARP6	5133	SNX7	1
2831	LARP6	3526	NMT2	1
2832	LARP7	4431	RANBP2	1
2832	LARP7	5887	UGP2	1
2832	LARP7	3630	NUP54	1
2832	LARP7	4376	RAB28	1
2832	LARP7	5818	UBA6	1
2832	LARP7	4559	RIDA	1
2832	LARP7	6171	ZGRF1	1
2833	LAS1L	3579	NRAS	1
2835	LAT2	5411	TCL6	1
2836	LATS1	3629	NUP43	1
2838	LBHD1	4105	POLR2G	1
2838	LBHD1	4239	PRPF19	1
2839	LBR	4538	RFXAP	1
2839	LBR	5403	TCERG1	1
2839	LBR	4033	PLK4	1
2839	LBR	4468	RBM15	1
2840	LCE1E	3375	NAE1	1
2841	LCE5A	3579	NRAS	1
2842	LCMT1	3326	MYC	1
2843	LCN2	3375	NAE1	1
2844	LCORL	3363	NAA38	1
2845	LCP1	3375	NAE1	1
2846	LCP2	5666	TRAF3IP3	1
2846	LCP2	3986	PKD2L2	1
2847	LDB1	3796	PBX2	1
2848	LDHA	4949	SIRT1	1
2848	LDHA	5639	TP53	1
2849	LDHBP2	3579	NRAS	1
2849	LDHBP2	3326	MYC	1
2850	LDLRAD4	3715	ORM1	1
2850	LDLRAD4	4320	PTGS1	1
2850	LDLRAD4	4519	RET	1
2850	LDLRAD4	3607	NTRK1	1
2850	LDLRAD4	3866	PDGFRA	1
2850	LDLRAD4	3867	PDGFRB	1
2850	LDLRAD4	4975	SLC22A1	1
2850	LDLRAD4	4978	SLC22A2	1
2851	LDLRAP1	3375	NAE1	1
2852	LDOC1	3375	NAE1	1
2853	LEAP2	3579	NRAS	1
2854	LECT2	3579	NRAS	1
2855	LEMD3	6119	ZBTB39	1
2857	LENG1	3579	NRAS	1
2858	LENG8	3355	MZF1	1
2860	LEP	2990	MAG	1
2861	LEPROT	4263	PRSS23	1
2861	LEPROT	3555	NOTCH2	1
2861	LEPROT	3950	PIGK	1
2863	LEXM	3579	NRAS	1
2865	LGALS3	4548	RHBDF1	1
2865	LGALS3	5615	TNS3	1
2865	LGALS3	5909	UPP1	1
2867	LGALS7	3375	NAE1	1
2868	LGALSL	3579	NRAS	1
2870	LHFPL2	5196	SQSTM1	1
2871	LHFPL5	3375	NAE1	1
2872	LHX2	3326	MYC	1
2872	LHX2	3375	NAE1	1
2874	LIG1	3382	NAP1L4	1
2874	LIG1	4467	RBM14	1
2874	LIG1	3538	NOL12	1
2874	LIG1	4081	POLD1	1
2874	LIG1	4181	PPP5C	1
2874	LIG1	4760	SAE1	1
2874	LIG1	5115	SNRPD2	1
2874	LIG1	5692	TRIM28	1
2874	LIG1	6073	XRCC1	1
2874	LIG1	6285	ZNF574	1
2874	LIG1	4407	RAD51	1
2874	LIG1	3375	NAE1	1
2875	LIG3	3579	NRAS	1
2875	LIG3	3375	NAE1	1
2876	LIG4	3375	NAE1	1
2877	LILRA1	2878	LILRB1	1
2879	LILRB3	5575	TMPRSS6	1
2879	LILRB3	4894	SFTPC	1
2879	LILRB3	4065	PNLIPRP1	1
2881	LIMD2	3018	MAP3K3	1
2883	LIN37	4107	POLR2I	1
2883	LIN37	5811	U2AF1L4	1
2884	LIN52	3375	NAE1	1
2885	LIN7A	3579	NRAS	1
2886	LIN7C	4369	RAB1A	1
2886	LIN7C	3579	NRAS	1
2887	LIN9	5744	TSNAX	1
2888	LINC00029	3579	NRAS	1
2889	LINC00200	3579	NRAS	1
2890	LINC00452	6108	ZAN	1
2893	LINC01547	3579	NRAS	1
2894	LINC01623	3579	NRAS	1
2895	LINC01743	3579	NRAS	1
2896	LINC02145	3579	NRAS	1
2897	LINC02288	3579	NRAS	1
2898	LINC02486	3326	MYC	1
2899	LIPA	3375	NAE1	1
2900	LIPE	3715	ORM1	1
2900	LIPE	4320	PTGS1	1
2900	LIPE	4519	RET	1
2900	LIPE	3607	NTRK1	1
2900	LIPE	3866	PDGFRA	1
2900	LIPE	3867	PDGFRB	1
2900	LIPE	4975	SLC22A1	1
2900	LIPE	4978	SLC22A2	1
2901	LIPG	3579	NRAS	1
2902	LIPH	5340	TACSTD2	1
2903	LIPT1	5550	TMEM230	1
2904	LLGL2	4890	SFN	1
2906	LMAN1	5356	TAF9	1
2906	LMAN1	5128	SNX2	1
2906	LMAN1	3973	PIP5K1A	1
2906	LMAN1	3959	PIK3CA	1
2906	LMAN1	4636	RPE	1
2906	LMAN1	6081	YAF2	1
2906	LMAN1	5056	SMAD4	1
2906	LMAN1	5351	TAF4B	1
2907	LMAN1L	3579	NRAS	1
2908	LMBRD1	5495	TM9SF2	1
2908	LMBRD1	4559	RIDA	1
2909	LMNA	5131	SNX33	1
2909	LMNA	4424	RALB	1
2909	LMNA	5622	TOM1L2	1
2909	LMNA	5453	THBS1	1
2909	LMNA	5422	TEAD3	1
2909	LMNA	4747	S100A10	1
2910	LMNB1	5068	SMC1A	1
2910	LMNB1	3323	MYBL2	1
2910	LMNB1	4408	RAD51AP1	1
2910	LMNB1	3080	MCM3	1
2911	LMNB2	4086	POLE	1
2911	LMNB2	4467	RBM14	1
2912	LMNTD1	3326	MYC	1
2912	LMNTD1	3375	NAE1	1
2913	LMO3	3579	NRAS	1
2914	LMOD1	3326	MYC	1
2915	LMTK2	4708	RRM1	1
2915	LMTK2	5807	TYMS	1
2915	LMTK2	5003	SLC29A1	1
2915	LMTK2	5002	SLC28A1	1
2915	LMTK2	5004	SLC29A2	1
2915	LMTK2	3375	NAE1	1
2916	LNPEP	3070	MBNL1	1
2917	LONRF3	3579	NRAS	1
2919	LOXL2	4423	RAI14	1
2919	LOXL2	4590	RND3	1
2919	LOXL2	5652	TPM1	1
2919	LOXL2	3423	NCS1	1
2919	LOXL2	3322	MYBL1	1
2919	LOXL2	3579	NRAS	1
2921	LPAR1	5783	TUBB1	1
2921	LPAR1	3573	NR1I2	1
2921	LPAR1	3022	MAP4	1
2921	LPAR1	3007	MAP2	1
2921	LPAR1	3045	MAPT	1
2921	LPAR1	5042	SLCO1B3	1
2922	LPAR4	3375	NAE1	1
2923	LPCAT4	3326	MYC	1
2924	LPP	3566	NPTN	1
2924	LPP	4490	RBPMS	1
2924	LPP	3724	OSMR	1
2924	LPP	6056	WWTR1	1
2924	LPP	3409	NCEH1	1
2924	LPP	5493	TM4SF1	1
2924	LPP	5590	TNFRSF1A	1
2925	LRCH4	3375	NAE1	1
2926	LRFN5	3375	NAE1	1
2928	LRP10	4944	SIL1	1
2928	LRP10	4862	SERPINB6	1
2929	LRP12	4899	SGCB	1
2930	LRP1B	3375	NAE1	1
2931	LRRC1	3349	MYO5C	1
2931	LRRC1	5179	SPINT1	1
2932	LRRC10	3579	NRAS	1
2933	LRRC32	3579	NRAS	1
2934	LRRC37A3	5067	SMARCE1	1
2934	LRRC37A3	3715	ORM1	1
2934	LRRC37A3	4320	PTGS1	1
2934	LRRC37A3	4519	RET	1
2934	LRRC37A3	3607	NTRK1	1
2934	LRRC37A3	3866	PDGFRA	1
2934	LRRC37A3	3867	PDGFRB	1
2934	LRRC37A3	4975	SLC22A1	1
2934	LRRC37A3	4978	SLC22A2	1
2935	LRRC39	3579	NRAS	1
2936	LRRC40	4408	RAD51AP1	1
2936	LRRC40	4708	RRM1	1
2936	LRRC40	3292	MTF2	1
2936	LRRC40	4311	PTBP2	1
2936	LRRC40	4637	RPF1	1
2936	LRRC40	5918	USP1	1
2937	LRRC57	3375	NAE1	1
2938	LRRC59	3375	NAE1	1
2939	LRRC8E	4548	RHBDF1	1
2940	LRRN1	3579	NRAS	1
2941	LRRN4CL	3579	NRAS	1
2942	LRRTM2	3579	NRAS	1
2943	LRRTM4	3326	MYC	1
2944	LRTM1	3986	PKD2L2	1
2945	LSG1	3243	MRPL47	1
2946	LSM11	3375	NAE1	1
2947	LSM12	3326	MYC	1
2948	LSM14A	3274	MSL2	1
2948	LSM14A	6197	ZNF146	1
2949	LSM2	3326	MYC	1
2949	LSM2	3925	PHF5A	1
2950	LSM3	3256	MRPS25	1
2950	LSM3	5464	THUMPD3	1
2950	LSM3	3164	MKRN2	1
2950	LSM3	3734	OXNAD1	1
2950	LSM3	3579	NRAS	1
2952	LSM7	3389	NASP	1
2952	LSM7	4086	POLE	1
2952	LSM7	4467	RBM14	1
2952	LSM7	4957	SKP2	1
2952	LSM7	4594	RNF126	1
2954	LSR	5280	STX19	1
2955	LSS	3579	NRAS	1
2956	LTA	3375	NAE1	1
2957	LTB4R	6136	ZC3H7B	1
2958	LTBP2	3579	NRAS	1
2959	LTBP3	3375	NAE1	1
2960	LTBR	4012	PLEK2	1
2960	LTBR	3375	NAE1	1
2961	LTK	3579	NRAS	1
2963	LUC7L2	6211	ZNF212	1
2963	LUC7L2	3084	MCM7	1
2963	LUC7L2	3163	MKLN1	1
2963	LUC7L2	3363	NAA38	1
2963	LUC7L2	3435	NDUFA5	1
2963	LUC7L2	3627	NUP205	1
2963	LUC7L2	5690	TRIM24	1
2963	LUC7L2	5734	TRRAP	1
2964	LUC7L3	4761	SAFB	1
2964	LUC7L3	4485	RBMX	1
2964	LUC7L3	4246	PRPF4B	1
2964	LUC7L3	4466	RBM12B	1
2966	LY6G6C	3579	NRAS	1
2968	LY6K	3724	OSMR	1
2969	LY86	3375	NAE1	1
2971	LY96	3579	NRAS	1
2972	LYAR	4568	RIOK1	1
2973	LYPD2	3375	NAE1	1
2974	LYPD5	3326	MYC	1
2975	LYRM2	3438	NDUFAF4	1
2976	LYRM7	3438	NDUFAF4	1
2977	LYST	3579	NRAS	1
2978	LYZL4	3326	MYC	1
2979	LZTR1	5720	TRMT2A	1
2980	LZTS2	3375	NAE1	1
2981	M6PR	3375	NAE1	1
2983	MACROD2	3579	NRAS	1
2984	MAD2L1	5852	UBE2T	1
2984	MAD2L1	3360	NAA15	1
2984	MAD2L1	5163	SPATA5	1
2984	MAD2L1	3079	MCM2	1
2984	MAD2L1	3579	NRAS	1
2984	MAD2L1	3375	NAE1	1
2985	MAD2L2	3375	NAE1	1
2986	MADD	3375	NAE1	1
2987	MAEA	3375	NAE1	1
2989	MAFK	3326	MYC	1
2991	MAGEC3	3579	NRAS	1
2992	MAGED4	3579	NRAS	1
2993	MAGEH1	3375	NAE1	1
2994	MAGEL2	3677	OR10J1	1
2995	MAGI3	4708	RRM1	1
2995	MAGI3	5807	TYMS	1
2995	MAGI3	5003	SLC29A1	1
2995	MAGI3	5002	SLC28A1	1
2995	MAGI3	5004	SLC29A2	1
2996	MAGOH	4143	PPIH	1
2996	MAGOH	3579	NRAS	1
2997	MAK16	4097	POLR1B	1
2997	MAK16	5877	UBXN8	1
2998	MAL2	4020	PLEKHG6	1
2998	MAL2	4365	RAB11FIP1	1
2998	MAL2	5793	TUFT1	1
2999	MAML1	3715	ORM1	1
2999	MAML1	4320	PTGS1	1
2999	MAML1	4519	RET	1
2999	MAML1	3607	NTRK1	1
2999	MAML1	3866	PDGFRA	1
2999	MAML1	3867	PDGFRB	1
2999	MAML1	4975	SLC22A1	1
2999	MAML1	4978	SLC22A2	1
3001	MAN2C1	5982	VPS33B	1
3002	MANBAL	4565	RIN2	1
3004	MAP1LC3A	3303	MTOR	1
3005	MAP1LC3B	3303	MTOR	1
3005	MAP1LC3B	4696	RPS6KB1	1
3006	MAP1S	3421	NCOR2	1
3006	MAP1S	5065	SMARCC2	1
3006	MAP1S	3015	MAP3K11	1
3006	MAP1S	3533	NOC4L	1
3006	MAP1S	3906	PGLS	1
3006	MAP1S	4454	RAVER1	1
3007	MAP2	6078	XRCC6	1
3007	MAP2	3857	PDE3A	1
3007	MAP2	3890	PEX1	1
3007	MAP2	4175	PPP3CA	1
3007	MAP2	4337	PTPRD	1
3007	MAP2	4338	PTPRF	1
3007	MAP2	4417	RAD9A	1
3007	MAP2	3189	MOK	1
3007	MAP2	4529	RFC5	1
3007	MAP2	4846	SENP1	1
3007	MAP2	5083	SMO	1
3007	MAP2	5138	SOD2	1
3007	MAP2	5361	TAP2	1
3007	MAP2	4608	RNF213	1
3008	MAP2K1	3579	NRAS	1
3008	MAP2K1	5970	VHL	1
3009	MAP2K3	3375	NAE1	1
3010	MAP2K4	4847	SENP2	1
3010	MAP2K4	4250	PRPSAP2	1
3011	MAP2K5	3579	NRAS	1
3012	MAP2K7	4077	POGZ	1
3012	MAP2K7	5339	TACR1	1
3012	MAP2K7	4982	SLC22A8	1
3012	MAP2K7	4708	RRM1	1
3012	MAP2K7	5807	TYMS	1
3012	MAP2K7	5003	SLC29A1	1
3012	MAP2K7	5002	SLC28A1	1
3012	MAP2K7	5004	SLC29A2	1
3013	MAP3K1	3579	NRAS	1
3013	MAP3K1	4708	RRM1	1
3013	MAP3K1	5807	TYMS	1
3013	MAP3K1	5003	SLC29A1	1
3013	MAP3K1	5002	SLC28A1	1
3013	MAP3K1	5004	SLC29A2	1
3014	MAP3K10	3375	NAE1	1
3015	MAP3K11	3488	NFKB1	1
3015	MAP3K11	3774	PARP1	1
3015	MAP3K11	3490	NFKBIA	1
3015	MAP3K11	3976	PITPNM1	1
3017	MAP3K20	3326	MYC	1
3018	MAP3K3	6114	ZBTB17	1
3018	MAP3K3	4251	PRR11	1
3019	MAP3K5	3375	NAE1	1
3020	MAP3K7	4113	POLR3C	1
3020	MAP3K7	5009	SLC30A5	1
3020	MAP3K7	6081	YAF2	1
3020	MAP3K7	4708	RRM1	1
3020	MAP3K7	5807	TYMS	1
3020	MAP3K7	5003	SLC29A1	1
3020	MAP3K7	5002	SLC28A1	1
3020	MAP3K7	5004	SLC29A2	1
3022	MAP4	3579	NRAS	1
3022	MAP4	6078	XRCC6	1
3022	MAP4	3857	PDE3A	1
3022	MAP4	3890	PEX1	1
3022	MAP4	4175	PPP3CA	1
3022	MAP4	4337	PTPRD	1
3022	MAP4	4338	PTPRF	1
3022	MAP4	4417	RAD9A	1
3022	MAP4	3189	MOK	1
3022	MAP4	4529	RFC5	1
3022	MAP4	4846	SENP1	1
3022	MAP4	5083	SMO	1
3022	MAP4	5138	SOD2	1
3022	MAP4	5361	TAP2	1
3022	MAP4	5639	TP53	1
3022	MAP4	4608	RNF213	1
3024	MAP4K3	3957	PIK3C2A	1
3025	MAP4K5	3180	MNAT1	1
3025	MAP4K5	4708	RRM1	1
3025	MAP4K5	5807	TYMS	1
3025	MAP4K5	5003	SLC29A1	1
3025	MAP4K5	5002	SLC28A1	1
3025	MAP4K5	5004	SLC29A2	1
3026	MAP7	3457	NECTIN4	1
3027	MAPK1	3959	PIK3CA	1
3027	MAPK1	5585	TNFRSF10B	1
3027	MAPK1	3036	MAPK8	1
3027	MAPK1	5959	VAV1	1
3027	MAPK1	5960	VAV3	1
3027	MAPK1	3051	MARK2	1
3027	MAPK1	4872	SET	1
3027	MAPK1	3077	MCL1	1
3027	MAPK1	6060	XIAP	1
3027	MAPK1	5884	UFD1	1
3027	MAPK1	5094	SNAP29	1
3027	MAPK1	5389	TBL1XR1	1
3027	MAPK1	3375	NAE1	1
3027	MAPK1	4693	RPS6KA2	1
3027	MAPK1	3326	MYC	1
3028	MAPK10	4708	RRM1	1
3028	MAPK10	5807	TYMS	1
3028	MAPK10	5003	SLC29A1	1
3028	MAPK10	5002	SLC28A1	1
3028	MAPK10	5004	SLC29A2	1
3029	MAPK11	3715	ORM1	1
3029	MAPK11	4320	PTGS1	1
3029	MAPK11	4519	RET	1
3029	MAPK11	3607	NTRK1	1
3029	MAPK11	3866	PDGFRA	1
3029	MAPK11	3867	PDGFRB	1
3029	MAPK11	4975	SLC22A1	1
3029	MAPK11	4978	SLC22A2	1
3030	MAPK12	4094	POLM	1
3030	MAPK12	4099	POLR2A	1
3030	MAPK12	4407	RAD51	1
3030	MAPK12	4061	PMS2	1
3030	MAPK12	5225	SSBP1	1
3030	MAPK12	5903	UNG	1
3030	MAPK12	4086	POLE	1
3030	MAPK12	4405	RAD23B	1
3030	MAPK12	4708	RRM1	1
3030	MAPK12	3774	PARP1	1
3030	MAPK12	6116	ZBTB32	1
3030	MAPK12	4644	RPL13A	1
3030	MAPK12	3285	MT1X	1
3030	MAPK12	4150	PPM1D	1
3030	MAPK12	4417	RAD9A	1
3030	MAPK12	5918	USP1	1
3030	MAPK12	4081	POLD1	1
3030	MAPK12	3093	MDM2	1
3030	MAPK12	3303	MTOR	1
3030	MAPK12	3501	NHP2	1
3030	MAPK12	4491	RBX1	1
3030	MAPK12	4511	RELA	1
3030	MAPK12	6046	WRAP53	1
3030	MAPK12	4870	SESN2	1
3030	MAPK12	5585	TNFRSF10B	1
3031	MAPK13	3993	PKP3	1
3031	MAPK13	4257	PRR5	1
3032	MAPK14	3036	MAPK8	1
3033	MAPK3	3375	NAE1	1
3035	MAPK7	3579	NRAS	1
3036	MAPK8	5959	VAV1	1
3036	MAPK8	5960	VAV3	1
3036	MAPK8	3326	MYC	1
3036	MAPK8	5055	SMAD3	1
3036	MAPK8	3774	PARP1	1
3036	MAPK8	5639	TP53	1
3036	MAPK8	3579	NRAS	1
3036	MAPK8	4260	PRRT2	1
3036	MAPK8	3375	NAE1	1
3036	MAPK8	4399	RACK1	1
3037	MAPK8IP3	4911	SGSM3	1
3037	MAPK8IP3	5941	USP7	1
3037	MAPK8IP3	4616	RNF40	1
3037	MAPK8IP3	3375	NAE1	1
3037	MAPK8IP3	5985	VPS51	1
3039	MAPKAP1	4708	RRM1	1
3039	MAPKAP1	5807	TYMS	1
3039	MAPKAP1	5003	SLC29A1	1
3039	MAPKAP1	5002	SLC28A1	1
3039	MAPKAP1	5004	SLC29A2	1
3040	MAPKAPK2	3213	MRE11	1
3040	MAPKAPK2	3515	NLRP2	1
3040	MAPKAPK2	3774	PARP1	1
3040	MAPKAPK2	5416	TDG	1
3040	MAPKAPK2	6064	XPA	1
3040	MAPKAPK2	4708	RRM1	1
3040	MAPKAPK2	5807	TYMS	1
3040	MAPKAPK2	5003	SLC29A1	1
3040	MAPKAPK2	5002	SLC28A1	1
3040	MAPKAPK2	5004	SLC29A2	1
3040	MAPKAPK2	5639	TP53	1
3041	MAPKAPK3	4708	RRM1	1
3041	MAPKAPK3	5807	TYMS	1
3041	MAPKAPK3	5003	SLC29A1	1
3041	MAPKAPK3	5002	SLC28A1	1
3041	MAPKAPK3	5004	SLC29A2	1
3042	MAPKAPK5	3579	NRAS	1
3042	MAPKAPK5	3326	MYC	1
3042	MAPKAPK5	3043	MAPKAPK5-AS1	1
3043	MAPKAPK5-AS1	4581	RMND5A	1
3044	MAPRE1	4401	RAD17	1
3044	MAPRE1	3946	PICALM	1
3044	MAPRE1	4696	RPS6KB1	1
3044	MAPRE1	3222	MRPL13	1
3044	MAPRE1	3258	MRPS28	1
3044	MAPRE1	3893	PEX2	1
3044	MAPRE1	5913	UQCRC2	1
3045	MAPT	6078	XRCC6	1
3045	MAPT	3857	PDE3A	1
3045	MAPT	3890	PEX1	1
3045	MAPT	4175	PPP3CA	1
3045	MAPT	4337	PTPRD	1
3045	MAPT	4338	PTPRF	1
3045	MAPT	4417	RAD9A	1
3045	MAPT	3189	MOK	1
3045	MAPT	4529	RFC5	1
3045	MAPT	4846	SENP1	1
3045	MAPT	5083	SMO	1
3045	MAPT	5138	SOD2	1
3045	MAPT	5361	TAP2	1
3045	MAPT	4608	RNF213	1
3046	MAR-02	3375	NAE1	1
3047	MAR-05	4552	RHOA	1
3047	MAR-05	5225	SSBP1	1
3047	MAR-05	5345	TAF12	1
3047	MAR-05	3579	NRAS	1
3048	MAR-06	3375	NAE1	1
3049	MAR-07	5211	SRP9	1
3050	MARK1	4708	RRM1	1
3050	MARK1	5807	TYMS	1
3050	MARK1	5003	SLC29A1	1
3050	MARK1	5002	SLC28A1	1
3050	MARK1	5004	SLC29A2	1
3052	MARK3	3288	MTA1	1
3054	MARS2	3320	MYB	1
3055	MARVELD2	5972	VIPR1	1
3056	MARVELD3	3457	NECTIN4	1
3056	MARVELD3	3579	NRAS	1
3057	MAST3	4762	SAFB2	1
3058	MAST4	3326	MYC	1
3059	MASTL	3579	NRAS	1
3060	MAT2A	4711	RRN3	1
3061	MATN2	3579	NRAS	1
3062	MATR3	4602	RNF146	1
3062	MATR3	4170	PPP2R3C	1
3062	MATR3	3438	NDUFAF4	1
3062	MATR3	3769	PAPOLG	1
3062	MATR3	6030	WDR76	1
3062	MATR3	4761	SAFB	1
3062	MATR3	4184	PPWD1	1
3062	MATR3	4569	RIOK2	1
3062	MATR3	6139	ZCCHC10	1
3062	MATR3	5080	SMIM8	1
3063	MAX	3326	MYC	1
3064	MAZ	3172	MLST8	1
3064	MAZ	5376	TBC1D10B	1
3064	MAZ	5424	TELO2	1
3064	MAZ	6320	ZNF689	1
3066	MBD3	3109	MED24	1
3066	MBD3	5863	UBN1	1
3066	MBD3	5557	TMEM39B	1
3066	MBD3	5799	TXLNA	1
3066	MBD3	3169	MLLT1	1
3066	MBD3	3416	NCLN	1
3066	MBD3	3945	PIAS4	1
3066	MBD3	3974	PIP5K1C	1
3066	MBD3	4081	POLD1	1
3066	MBD3	4103	POLR2E	1
3066	MBD3	4594	RNF126	1
3066	MBD3	5028	SLC39A3	1
3066	MBD3	5916	USF2	1
3066	MBD3	4432	RANBP3	1
3066	MBD3	4784	SCAMP4	1
3067	MBD4	5132	SNX4	1
3067	MBD4	3715	ORM1	1
3067	MBD4	4320	PTGS1	1
3067	MBD4	4519	RET	1
3067	MBD4	3607	NTRK1	1
3067	MBD4	3866	PDGFRA	1
3067	MBD4	3867	PDGFRB	1
3067	MBD4	4975	SLC22A1	1
3067	MBD4	4978	SLC22A2	1
3068	MBIP	5275	STRN3	1
3069	MBL1P	3579	NRAS	1
3070	MBNL1	3375	NAE1	1
3071	MBOAT7	4704	RRAS	1
3072	MBTD1	4129	POU2F1	1
3072	MBTD1	4150	PPM1D	1
3072	MBTD1	6247	ZNF397	1
3072	MBTD1	4875	SETDB1	1
3072	MBTD1	5341	TADA1	1
3074	MBTPS2	4294	PSMD10	1
3075	MC3R	5372	TAS2R9	1
3076	MCCD1	3375	NAE1	1
3077	MCL1	3303	MTOR	1
3077	MCL1	5650	TPCN1	1
3077	MCL1	3326	MYC	1
3077	MCL1	6060	XIAP	1
3077	MCL1	3375	NAE1	1
3078	MCM10	3080	MCM3	1
3078	MCM10	5660	TRA2B	1
3078	MCM10	5069	SMC2	1
3078	MCM10	4407	RAD51	1
3079	MCM2	3597	NSMCE4A	1
3079	MCM2	3485	NFATC3	1
3079	MCM2	3751	PAICS	1
3079	MCM2	5458	THOP1	1
3079	MCM2	6030	WDR76	1
3079	MCM2	4527	RFC3	1
3079	MCM2	5111	SNRPA	1
3079	MCM2	4415	RAD54L	1
3079	MCM2	4033	PLK4	1
3079	MCM2	3375	NAE1	1
3079	MCM2	6171	ZGRF1	1
3080	MCM3	3617	NUDT21	1
3080	MCM3	5934	USP39	1
3080	MCM3	4528	RFC4	1
3080	MCM3	3835	PCLAF	1
3082	MCM5	3323	MYBL2	1
3082	MCM5	5298	SUMO1	1
3082	MCM5	5813	UBA1	1
3082	MCM5	3959	PIK3CA	1
3082	MCM5	4526	RFC2	1
3082	MCM5	5720	TRMT2A	1
3082	MCM5	3579	NRAS	1
3082	MCM5	3375	NAE1	1
3083	MCM6	4579	RMI1	1
3083	MCM6	6008	WDHD1	1
3083	MCM6	4087	POLE2	1
3083	MCM6	3579	NRAS	1
3084	MCM7	5270	STMN1	1
3084	MCM7	3323	MYBL2	1
3084	MCM7	4463	RBL1	1
3084	MCM7	5770	TTK	1
3084	MCM7	3375	NAE1	1
3085	MCM8	4528	RFC4	1
3086	MCPH1	6047	WRN	1
3086	MCPH1	3579	NRAS	1
3086	MCPH1	3375	NAE1	1
3087	MCRS1	5726	TROAP	1
3088	MCTP1	3326	MYC	1
3089	MCUR1	3623	NUP153	1
3090	MDC1	3774	PARP1	1
3090	MDC1	4255	PRR3	1
3090	MDC1	5726	TROAP	1
3090	MDC1	3375	NAE1	1
3091	MDH1	3579	NRAS	1
3092	MDH2	3579	NRAS	1
3093	MDM2	3094	MDM4	1
3093	MDM2	3177	MMP28	1
3093	MDM2	5480	TIPARP	1
3093	MDM2	4030	PLK1	1
3093	MDM2	4033	PLK4	1
3093	MDM2	4710	RRM2B	1
3093	MDM2	5639	TP53	1
3093	MDM2	4644	RPL13A	1
3093	MDM2	4407	RAD51	1
3093	MDM2	4099	POLR2A	1
3093	MDM2	4405	RAD23B	1
3093	MDM2	4708	RRM1	1
3093	MDM2	4086	POLE	1
3093	MDM2	5225	SSBP1	1
3093	MDM2	4491	RBX1	1
3093	MDM2	4094	POLM	1
3093	MDM2	3326	MYC	1
3093	MDM2	3501	NHP2	1
3093	MDM2	4061	PMS2	1
3093	MDM2	4083	POLD4	1
3093	MDM2	4417	RAD9A	1
3093	MDM2	5903	UNG	1
3093	MDM2	5918	USP1	1
3093	MDM2	6046	WRAP53	1
3093	MDM2	6116	ZBTB32	1
3093	MDM2	3303	MTOR	1
3093	MDM2	3778	PARP2	1
3093	MDM2	3774	PARP1	1
3093	MDM2	4150	PPM1D	1
3093	MDM2	4511	RELA	1
3093	MDM2	4870	SESN2	1
3093	MDM2	6074	XRCC2	1
3093	MDM2	3285	MT1X	1
3093	MDM2	4081	POLD1	1
3093	MDM2	5585	TNFRSF10B	1
3093	MDM2	3375	NAE1	1
3094	MDM4	5064	SMARCC1	1
3094	MDM4	6373	ZXDC	1
3094	MDM4	5403	TCERG1	1
3094	MDM4	4056	PML	1
3094	MDM4	4328	PTPA	1
3094	MDM4	5639	TP53	1
3094	MDM4	3862	PDE7A	1
3094	MDM4	4383	RAB3GAP2	1
3094	MDM4	5623	TOMM20	1
3094	MDM4	4492	RC3H1	1
3094	MDM4	6189	ZNF124	1
3095	MDN1	3326	MYC	1
3096	ME1	3375	NAE1	1
3097	ME2	3544	NONO	1
3097	ME2	5802	TXNL1	1
3098	MEAF6	5102	SNIP1	1
3099	MED1	4129	POU2F1	1
3100	MED12	4464	RBM10	1
3102	MED13L	3579	NRAS	1
3103	MED15	5720	TRMT2A	1
3104	MED16	3416	NCLN	1
3104	MED16	3974	PIP5K1C	1
3104	MED16	4118	POLRMT	1
3104	MED16	5905	UPF1	1
3105	MED17	6070	XPO7	1
3105	MED17	4275	PSMA1	1
3105	MED17	5192	SPTLC1	1
3105	MED17	5522	TMEM126B	1
3105	MED17	5525	TMEM135	1
3106	MED18	5345	TAF12	1
3107	MED21	6104	YWHAH	1
3107	MED21	5389	TBL1XR1	1
3107	MED21	4834	SELENOT	1
3107	MED21	3375	NAE1	1
3107	MED21	4559	RIDA	1
3108	MED23	3579	NRAS	1
3110	MED26	4389	RAB8A	1
3110	MED26	4454	RAVER1	1
3110	MED26	5610	TNPO2	1
3110	MED26	6033	WDR83	1
3110	MED26	6185	ZNF101	1
3111	MED28	3375	NAE1	1
3112	MED30	3326	MYC	1
3113	MED4	5211	SRP9	1
3113	MED4	4456	RB1	1
3113	MED4	3260	MRPS31	1
3113	MED4	3764	PAN3	1
3114	MED6	3768	PAPOLA	1
3114	MED6	5577	TMX1	1
3114	MED6	3375	NAE1	1
3115	MED7	4601	RNF14	1
3115	MED7	4559	RIDA	1
3116	MELK	5963	VCP	1
3117	MEMO1	4007	PLCG1	1
3118	MEOX2	6248	ZNF407	1
3119	MEPE	3326	MYC	1
3120	MESDC1	3579	NRAS	1
3121	MESP2	3375	NAE1	1
3122	METAP1	3123	METAP2	1
3123	METAP2	3579	NRAS	1
3124	METRN	4548	RHBDF1	1
3125	METRNL	3579	NRAS	1
3126	METTL14	3579	NRAS	1
3127	METTL3	4243	PRPF39	1
3129	MFF	3579	NRAS	1
3130	MFN1	4847	SENP2	1
3130	MFN1	5439	TFG	1
3131	MFNG	4334	PTPN6	1
3132	MFSD12	3579	NRAS	1
3133	MFSD3	3375	NAE1	1
3134	MFSD5	5196	SQSTM1	1
3135	MFSD6	3579	NRAS	1
3136	MGAT2	4552	RHOA	1
3136	MGAT2	5887	UGP2	1
3136	MGAT2	3715	ORM1	1
3136	MGAT2	4320	PTGS1	1
3136	MGAT2	4519	RET	1
3136	MGAT2	3607	NTRK1	1
3136	MGAT2	3866	PDGFRA	1
3136	MGAT2	3867	PDGFRB	1
3136	MGAT2	4975	SLC22A1	1
3136	MGAT2	4978	SLC22A2	1
3137	MGAT4B	5383	TBC1D9B	1
3138	MGMT	3375	NAE1	1
3139	MGRN1	6266	ZNF500	1
3140	MGST2	3375	NAE1	1
3141	MIA	3579	NRAS	1
3142	MIB1	6215	ZNF24	1
3143	MICA	4766	SAMD4A	1
3144	MICAL1	3579	NRAS	1
3145	MICAL3	3579	NRAS	1
3146	MICALL1	5537	TMEM184B	1
3147	MICB	5360	TAP1	1
3148	MIEF1	5612	TNRC6B	1
3149	MIER1	6305	ZNF644	1
3150	MIER2	3974	PIP5K1C	1
3151	MINDY1	3579	NRAS	1
3152	MINK1	3183	MNT	1
3153	MINPP1	5550	TMEM230	1
3154	MIOS	3375	NAE1	1
3156	MIR17HG	5639	TP53	1
3157	MIR7-3HG	3326	MYC	1
3158	MIS18A	3579	NRAS	1
3159	MIS18BP1	3375	NAE1	1
3161	MKI67	3838	PCNA	1
3161	MKI67	3579	NRAS	1
3162	MKKS	3362	NAA20	1
3164	MKRN2	3575	NR2C2	1
3165	MLF2	3579	NRAS	1
3166	MLH1	3326	MYC	1
3166	MLH1	5480	TIPARP	1
3166	MLH1	5630	TOP1	1
3166	MLH1	5223	SS18L2	1
3166	MLH1	3774	PARP1	1
3166	MLH1	5639	TP53	1
3166	MLH1	3375	NAE1	1
3166	MLH1	4089	POLG	1
3166	MLH1	3970	PINK1	1
3167	MLH3	3375	NAE1	1
3168	MLKL	3579	NRAS	1
3169	MLLT1	4432	RANBP3	1
3170	MLLT10	6223	ZNF273	1
3170	MLLT10	4884	SF3B1	1
3170	MLLT10	4696	RPS6KB1	1
3170	MLLT10	3600	NSUN6	1
3170	MLLT10	4238	PRPF18	1
3170	MLLT10	6096	YME1L1	1
3170	MLLT10	6239	ZNF33A	1
3170	MLLT10	6244	ZNF37A	1
3171	MLLT6	3395	NBEAL2	1
3173	MMADHC	5522	TMEM126B	1
3173	MMADHC	4602	RNF146	1
3173	MMADHC	5335	TAB2	1
3173	MMADHC	4856	SERINC1	1
3173	MMADHC	4424	RALB	1
3173	MMADHC	5874	UBXN4	1
3174	MMEL1	3579	NRAS	1
3175	MMP14	5870	UBTD1	1
3175	MMP14	3176	MMP2	1
3177	MMP28	5480	TIPARP	1
3178	MMS19	3375	NAE1	1
3179	MN1	3579	NRAS	1
3180	MNAT1	3768	PAPOLA	1
3180	MNAT1	5721	TRMT5	1
3180	MNAT1	3375	NAE1	1
3181	MND1	3405	NCAPH	1
3181	MND1	5635	TOPBP1	1
3182	MNDA	3478	NEUROG2	1
3182	MNDA	3579	NRAS	1
3184	MOAP1	3375	NAE1	1
3185	MOB3A	3579	NRAS	1
3187	MOCS3	3721	OSGEPL1	1
3187	MOCS3	3375	NAE1	1
3188	MOGAT2	3375	NAE1	1
3189	MOK	5783	TUBB1	1
3189	MOK	5042	SLCO1B3	1
3189	MOK	3573	NR1I2	1
3190	MON1B	6133	ZC3H18	1
3191	MORC2	3326	MYC	1
3192	MORC3	3715	ORM1	1
3192	MORC3	4320	PTGS1	1
3192	MORC3	4519	RET	1
3192	MORC3	3607	NTRK1	1
3192	MORC3	3866	PDGFRA	1
3192	MORC3	3867	PDGFRB	1
3192	MORC3	4975	SLC22A1	1
3192	MORC3	4978	SLC22A2	1
3193	MORF4L1	3375	NAE1	1
3194	MORF4L2	4294	PSMD10	1
3194	MORF4L2	3326	MYC	1
3194	MORF4L2	3375	NAE1	1
3195	MORN5	3375	NAE1	1
3196	MOS	3579	NRAS	1
3197	MOSPD3	5354	TAF6	1
3198	MPDZ	4806	SDC2	1
3198	MPDZ	3579	NRAS	1
3199	MPG	3375	NAE1	1
3200	MPHOSPH10	3579	NRAS	1
3201	MPHOSPH6	3579	NRAS	1
3202	MPHOSPH8	3327	MYCBP2	1
3202	MPHOSPH8	3326	MYC	1
3203	MPHOSPH9	5572	TMPO	1
3203	MPHOSPH9	3375	NAE1	1
3204	MPIG6B	3527	NMUR1	1
3204	MPIG6B	3326	MYC	1
3205	MPL	3579	NRAS	1
3206	MPO	3579	NRAS	1
3206	MPO	3375	NAE1	1
3208	MPZL1	5192	SPTLC1	1
3209	MPZL2	4615	RNF39	1
3209	MPZL2	5238	ST6GALNAC1	1
3209	MPZL2	4034	PLLP	1
3209	MPZL2	5235	ST14	1
3210	MRAP2	3326	MYC	1
3211	MRC1	3572	NR1H2	1
3212	MRC2	3319	MXRA7	1
3213	MRE11	4407	RAD51	1
3213	MRE11	3774	PARP1	1
3213	MRE11	5416	TDG	1
3213	MRE11	6064	XPA	1
3213	MRE11	3515	NLRP2	1
3213	MRE11	6121	ZBTB44	1
3213	MRE11	5480	TIPARP	1
3213	MRE11	4406	RAD50	1
3213	MRE11	3375	NAE1	1
3214	MRFAP1	3375	NAE1	1
3215	MRFAP1L1	5389	TBL1XR1	1
3216	MRGPRG-AS1	3579	NRAS	1
3219	MRNIP	5894	UIMC1	1
3220	MROH5	3579	NRAS	1
3221	MRPL12	6031	WDR77	1
3221	MRPL12	5738	TSEN54	1
3222	MRPL13	5335	TAB2	1
3222	MRPL13	4815	SDHD	1
3222	MRPL13	4205	PRKAA1	1
3222	MRPL13	4813	SDHB	1
3222	MRPL13	4223	PRKDC	1
3222	MRPL13	4296	PSMD12	1
3222	MRPL13	4814	SDHC	1
3222	MRPL13	5855	UBE2V2	1
3222	MRPL13	6325	ZNF7	1
3224	MRPL18	5655	TPRKB	1
3224	MRPL18	3231	MRPL3	1
3224	MRPL18	4602	RNF146	1
3224	MRPL18	3295	MTFR2	1
3225	MRPL19	5550	TMEM230	1
3226	MRPL2	5931	USP36	1
3227	MRPL20	3772	PARK7	1
3228	MRPL21	6029	WDR74	1
3229	MRPL23	3579	NRAS	1
3230	MRPL27	3519	NME1	1
3230	MRPL27	5338	TACO1	1
3231	MRPL3	3638	NUS1	1
3231	MRPL3	3438	NDUFAF4	1
3231	MRPL3	4301	PSMD6	1
3231	MRPL3	4296	PSMD12	1
3231	MRPL3	3408	NCBP2	1
3231	MRPL3	3518	NMD3	1
3231	MRPL3	3845	PDCD10	1
3231	MRPL3	4160	PPP1R2	1
3231	MRPL3	4847	SENP2	1
3231	MRPL3	5389	TBL1XR1	1
3231	MRPL3	3579	NRAS	1
3232	MRPL30	3579	NRAS	1
3233	MRPL32	4276	PSMA2	1
3235	MRPL37	4103	POLR2E	1
3235	MRPL37	3236	MRPL38	1
3235	MRPL37	3531	NOC2L	1
3237	MRPL39	3518	NMD3	1
3237	MRPL39	3579	NRAS	1
3237	MRPL39	3375	NAE1	1
3238	MRPL4	3249	MRPS12	1
3238	MRPL4	4454	RAVER1	1
3239	MRPL40	3375	NAE1	1
3240	MRPL42	6086	YBX1	1
3240	MRPL42	6104	YWHAH	1
3240	MRPL42	5274	STRAP	1
3241	MRPL45	3375	NAE1	1
3243	MRPL47	3442	NDUFB5	1
3243	MRPL47	4528	RFC4	1
3244	MRPL49	5549	TMEM223	1
3244	MRPL49	3579	NRAS	1
3245	MRPL54	4594	RNF126	1
3248	MRPS10	3375	NAE1	1
3249	MRPS12	3265	MRPS7	1
3249	MRPS12	4241	PRPF31	1
3250	MRPS15	5964	VDAC1	1
3252	MRPS17	4124	POP7	1
3252	MRPS17	4308	PSMG3	1
3252	MRPS17	5836	UBE2H	1
3254	MRPS2	3915	PHB2	1
3254	MRPS2	4059	PMPCA	1
3254	MRPS2	4395	RABL6	1
3255	MRPS22	5898	UMPS	1
3256	MRPS25	4647	RPL15	1
3257	MRPS26	3645	NXT1	1
3258	MRPS28	4069	PNO1	1
3258	MRPS28	3375	NAE1	1
3259	MRPS30	3375	NAE1	1
3260	MRPS31	4988	SLC25A15	1
3260	MRPS31	5302	SUPT20H	1
3263	MRPS36	5356	TAF9	1
3264	MRPS36P4	3579	NRAS	1
3265	MRPS7	3520	NME1-NME2	1
3265	MRPS7	5338	TACO1	1
3265	MRPS7	5483	TK1	1
3266	MRRF	5735	TRUB2	1
3267	MRVI1	3326	MYC	1
3268	MS4A3	3375	NAE1	1
3269	MS4A6A	5997	VWA3A	1
3269	MS4A6A	6001	WAS	1
3270	MSH2	4642	RPL11	1
3270	MSH2	5335	TAB2	1
3270	MSH2	5918	USP1	1
3270	MSH2	6344	ZNF780A	1
3270	MSH2	3625	NUP160	1
3270	MSH2	4527	RFC3	1
3270	MSH2	6124	ZBTB6	1
3270	MSH2	4640	RPIA	1
3270	MSH2	3518	NMD3	1
3270	MSH2	3721	OSGEPL1	1
3270	MSH2	5635	TOPBP1	1
3270	MSH2	6067	XPO1	1
3270	MSH2	3375	NAE1	1
3270	MSH2	4080	POLB	1
3270	MSH2	3970	PINK1	1
3271	MSH3	4223	PRKDC	1
3271	MSH3	3375	NAE1	1
3272	MSH5	3375	NAE1	1
3273	MSH6	4552	RHOA	1
3273	MSH6	4961	SLBP	1
3273	MSH6	4223	PRKDC	1
3273	MSH6	3375	NAE1	1
3273	MSH6	3970	PINK1	1
3274	MSL2	4599	RNF138	1
3274	MSL2	5064	SMARCC1	1
3274	MSL2	5389	TBL1XR1	1
3274	MSL2	5876	UBXN7	1
3274	MSL2	6079	XRN1	1
3274	MSL2	3579	NRAS	1
3275	MSL3	3326	MYC	1
3276	MSLN	3579	NRAS	1
3278	MSMP	3959	PIK3CA	1
3279	MSRB2	3579	NRAS	1
3281	MST1	5266	STK24	1
3282	MST1R	4691	RPS6	1
3284	MT-ND4	3375	NAE1	1
3285	MT1X	4644	RPL13A	1
3285	MT1X	4086	POLE	1
3285	MT1X	4407	RAD51	1
3285	MT1X	4870	SESN2	1
3285	MT1X	6046	WRAP53	1
3285	MT1X	5225	SSBP1	1
3285	MT1X	6074	XRCC2	1
3285	MT1X	4708	RRM1	1
3285	MT1X	5918	USP1	1
3285	MT1X	4511	RELA	1
3285	MT1X	5585	TNFRSF10B	1
3285	MT1X	4417	RAD9A	1
3285	MT1X	3778	PARP2	1
3285	MT1X	4083	POLD4	1
3285	MT1X	3303	MTOR	1
3285	MT1X	4094	POLM	1
3285	MT1X	4061	PMS2	1
3285	MT1X	4150	PPM1D	1
3285	MT1X	5903	UNG	1
3285	MT1X	3774	PARP1	1
3285	MT1X	4081	POLD1	1
3285	MT1X	4099	POLR2A	1
3285	MT1X	4405	RAD23B	1
3285	MT1X	4491	RBX1	1
3285	MT1X	6116	ZBTB32	1
3285	MT1X	3501	NHP2	1
3286	MT2A	4002	PLAT	1
3286	MT2A	4753	S100A3	1
3287	MT4	4003	PLAUR	1
3288	MTA1	5989	VRK1	1
3288	MTA1	3375	NAE1	1
3289	MTA2	4880	SF1	1
3289	MTA2	3579	NRAS	1
3290	MTBP	3579	NRAS	1
3291	MTERF4	3375	NAE1	1
3292	MTF2	6186	ZNF107	1
3292	MTF2	6223	ZNF273	1
3292	MTF2	6316	ZNF678	1
3292	MTF2	5635	TOPBP1	1
3292	MTF2	4311	PTBP2	1
3292	MTF2	4415	RAD54L	1
3292	MTF2	4487	RBMXL1	1
3292	MTF2	4631	RPA2	1
3292	MTF2	4637	RPF1	1
3293	MTFR1	4369	RAB1A	1
3293	MTFR1	4110	POLR2K	1
3293	MTFR1	6105	YWHAZ	1
3293	MTFR1	5855	UBE2V2	1
3294	MTFR1L	5974	VKORC1	1
3294	MTFR1L	3375	NAE1	1
3295	MTFR2	5413	TCP1	1
3296	MTG2	3375	NAE1	1
3297	MTIF2	4069	PNO1	1
3298	MTIF3	4620	RNF6	1
3301	MTMR6	3356	N4BP2L2	1
3303	MTOR	4223	PRKDC	1
3303	MTOR	4696	RPS6KB1	1
3303	MTOR	3959	PIK3CA	1
3303	MTOR	3579	NRAS	1
3303	MTOR	5639	TP53	1
3303	MTOR	5918	USP1	1
3303	MTOR	4099	POLR2A	1
3303	MTOR	4708	RRM1	1
3303	MTOR	5225	SSBP1	1
3303	MTOR	4086	POLE	1
3303	MTOR	4150	PPM1D	1
3303	MTOR	4644	RPL13A	1
3303	MTOR	6046	WRAP53	1
3303	MTOR	4061	PMS2	1
3303	MTOR	4081	POLD1	1
3303	MTOR	4083	POLD4	1
3303	MTOR	4491	RBX1	1
3303	MTOR	4094	POLM	1
3303	MTOR	4405	RAD23B	1
3303	MTOR	6116	ZBTB32	1
3303	MTOR	4870	SESN2	1
3303	MTOR	4407	RAD51	1
3303	MTOR	4417	RAD9A	1
3303	MTOR	5585	TNFRSF10B	1
3303	MTOR	5903	UNG	1
3303	MTOR	6074	XRCC2	1
3303	MTOR	3501	NHP2	1
3303	MTOR	3774	PARP1	1
3303	MTOR	3778	PARP2	1
3303	MTOR	4511	RELA	1
3303	MTOR	3326	MYC	1
3303	MTOR	5970	VHL	1
3303	MTOR	4315	PTEN	1
3304	MTPAP	3600	NSUN6	1
3305	MTPN	3375	NAE1	1
3306	MTR	3579	NRAS	1
3307	MTRR	3598	NSUN2	1
3308	MTX2	4225	PRKRA	1
3308	MTX2	3579	NRAS	1
3309	MUC17	3579	NRAS	1
3310	MUC20	4020	PLEKHG6	1
3311	MUM1	3375	NAE1	1
3312	MUS81	4401	RAD17	1
3312	MUS81	4407	RAD51	1
3312	MUS81	4413	RAD52	1
3312	MUS81	4417	RAD9A	1
3312	MUS81	3375	NAE1	1
3313	MUT	3579	NRAS	1
3314	MUTYH	6136	ZC3H7B	1
3314	MUTYH	4129	POU2F1	1
3314	MUTYH	3375	NAE1	1
3315	MVP	3881	PDXK	1
3315	MVP	3579	NRAS	1
3316	MX1	3579	NRAS	1
3316	MX1	3375	NAE1	1
3317	MXD3	4464	RBM10	1
3317	MXD3	5218	SRRT	1
3317	MXD3	5310	SUV39H1	1
3318	MXI1	3375	NAE1	1
3319	MXRA7	5092	SNAI2	1
3319	MXRA7	5530	TMEM158	1
3319	MXRA7	4380	RAB34	1
3320	MYB	4937	SIDT1	1
3320	MYB	4841	SEMA4D	1
3320	MYB	4581	RMND5A	1
3321	MYBBP1A	6295	ZNF593	1
3322	MYBL1	3375	NAE1	1
3323	MYBL2	3406	NCAPH2	1
3323	MYBL2	6030	WDR76	1
3323	MYBL2	6075	XRCC3	1
3323	MYBL2	5270	STMN1	1
3323	MYBL2	5337	TACC3	1
3323	MYBL2	3403	NCAPG	1
3323	MYBL2	5631	TOP2A	1
3323	MYBL2	5825	UBE2C	1
3323	MYBL2	3579	NRAS	1
3323	MYBL2	3375	NAE1	1
3324	MYBPC1	3326	MYC	1
3325	MYBPC3	3579	NRAS	1
3326	MYC	4406	RAD50	1
3326	MYC	4411	RAD51C	1
3326	MYC	6074	XRCC2	1
3326	MYC	6076	XRCC4	1
3326	MYC	4456	RB1	1
3326	MYC	3774	PARP1	1
3326	MYC	6060	XIAP	1
3326	MYC	3925	PHF5A	1
3326	MYC	6078	XRCC6	1
3326	MYC	4321	PTGS2	1
3326	MYC	3488	NFKB1	1
3326	MYC	3379	NAMPT	1
3326	MYC	4957	SKP2	1
3326	MYC	4407	RAD51	1
3326	MYC	4233	PROC	1
3326	MYC	5639	TP53	1
3326	MYC	3966	PIM1	1
3326	MYC	3967	PIM2	1
3326	MYC	3730	OTX1	1
3326	MYC	5898	UMPS	1
3326	MYC	5756	TST	1
3326	MYC	5628	TOMM70	1
3326	MYC	4683	RPS23	1
3326	MYC	4315	PTEN	1
3326	MYC	5496	TM9SF4	1
3326	MYC	3608	NTRK2	1
3326	MYC	4831	SEL1L	1
3326	MYC	5229	SSNA1	1
3326	MYC	3716	ORM2	1
3326	MYC	5012	SLC35A3	1
3326	MYC	4606	RNF17	1
3326	MYC	3698	OR51V1	1
3326	MYC	5236	ST18	1
3326	MYC	5944	USP9Y	1
3326	MYC	6014	WDR3	1
3326	MYC	6301	ZNF614	1
3326	MYC	5814	UBA2	1
3326	MYC	4120	POMC	1
3326	MYC	5595	TNFRSF9	1
3326	MYC	4771	SARM1	1
3326	MYC	4544	RGS22	1
3326	MYC	4577	RLF	1
3326	MYC	5465	THY1	1
3326	MYC	6204	ZNF177	1
3326	MYC	3736	P2RY14	1
3326	MYC	4174	PPP2R5E	1
3326	MYC	4231	PRND	1
3326	MYC	4247	PRPF8	1
3326	MYC	3839	PCNT	1
3326	MYC	5990	VRK2	1
3326	MYC	6291	ZNF583	1
3326	MYC	5220	SRSF8	1
3326	MYC	4488	RBMXP1	1
3326	MYC	4496	RCAN3	1
3326	MYC	4649	RPL19P1	1
3326	MYC	5728	TRPC4	1
3326	MYC	3700	OR52B6	1
3326	MYC	5177	SPINK14	1
3326	MYC	5299	SUMO3	1
3326	MYC	6187	ZNF112	1
3326	MYC	3518	NMD3	1
3326	MYC	3884	PEA15	1
3326	MYC	4641	RPL10A	1
3326	MYC	4889	SFMBT2	1
3326	MYC	5842	UBE2L6	1
3326	MYC	6087	YBX2	1
3326	MYC	4328	PTPA	1
3326	MYC	4434	RANBP9	1
3326	MYC	4963	SLC11A2	1
3326	MYC	5038	SLC7A5	1
3326	MYC	5132	SNX4	1
3326	MYC	5178	SPINK2	1
3326	MYC	5672	TRAM2	1
3326	MYC	5773	TTLL6	1
3326	MYC	5794	TUT1	1
3326	MYC	3691	OR4C3	1
3326	MYC	3917	PHF1	1
3326	MYC	4953	SKAP1	1
3326	MYC	4996	SLC25A37	1
3326	MYC	5197	SRA1	1
3326	MYC	5448	TGM5	1
3326	MYC	5621	TOLLIP	1
3326	MYC	5677	TRAPPC5	1
3326	MYC	5957	VANGL1	1
3326	MYC	3369	NACA	1
3326	MYC	3420	NCOR1	1
3326	MYC	3723	OSM	1
3326	MYC	4323	PTK2	1
3326	MYC	4394	RABGGTB	1
3326	MYC	4457	RB1CC1	1
3326	MYC	4566	RING1	1
3326	MYC	4786	SCCPDH	1
3326	MYC	4793	SCN3B	1
3326	MYC	5160	SPATA21	1
3326	MYC	5331	SYT16	1
3326	MYC	5388	TBL1X	1
3326	MYC	5702	TRIM44	1
3326	MYC	5723	TRMU	1
3326	MYC	5763	TTC28	1
3326	MYC	6294	ZNF592	1
3326	MYC	3358	N6AMT1	1
3326	MYC	3400	NCAM1	1
3326	MYC	3972	PIP4K2B	1
3326	MYC	4073	PNRC2	1
3326	MYC	4116	POLR3GL	1
3326	MYC	4207	PRKAB1	1
3326	MYC	4230	PRMT8	1
3326	MYC	4258	PRRG2	1
3326	MYC	4759	SAC3D1	1
3326	MYC	5001	SLC26A8	1
3326	MYC	5375	TBC1D1	1
3326	MYC	5658	TPX2	1
3326	MYC	5953	UTS2	1
3326	MYC	6036	WDSUB1	1
3326	MYC	6115	ZBTB26	1
3326	MYC	6164	ZFP69	1
3326	MYC	3975	PITPNB	1
3326	MYC	4178	PPP3R1	1
3326	MYC	4333	PTPN23	1
3326	MYC	4439	RAPGEF5	1
3326	MYC	4983	SLC24A3	1
3326	MYC	5031	SLC43A3	1
3326	MYC	5098	SND1	1
3326	MYC	5117	SNRPF	1
3326	MYC	5684	TRIM15	1
3326	MYC	5790	TUBGCP3	1
3326	MYC	5932	USP37	1
3326	MYC	5988	VPS8	1
3326	MYC	5993	VSIG4	1
3326	MYC	6261	ZNF470	1
3326	MYC	3495	NFYB	1
3326	MYC	3517	NMBR	1
3326	MYC	3574	NR2C1	1
3326	MYC	3655	ODAM	1
3326	MYC	3673	OPTN	1
3326	MYC	3756	PAK5	1
3326	MYC	3832	PCGF6	1
3326	MYC	3872	PDK3	1
3326	MYC	5627	TOMM6	1
3326	MYC	4204	PRIMA1	1
3326	MYC	4440	RAPGEF6	1
3326	MYC	4474	RBM3	1
3326	MYC	4629	RP2	1
3326	MYC	4723	RSPH1	1
3326	MYC	4727	RSU1	1
3326	MYC	4733	RTN3	1
3326	MYC	4791	SCN1A	1
3326	MYC	5045	SLFN5	1
3326	MYC	5126	SNX12	1
3326	MYC	5317	SYCE2	1
3326	MYC	5492	TLR6	1
3326	MYC	5522	TMEM126B	1
3326	MYC	5523	TMEM133	1
3326	MYC	5733	TRPS1	1
3326	MYC	5859	UBE3B	1
3326	MYC	5933	USP38	1
3326	MYC	5955	VAMP5	1
3326	MYC	6023	WDR47	1
3326	MYC	6145	ZCCHC7	1
3326	MYC	6276	ZNF550	1
3326	MYC	6263	ZNF48	1
3326	MYC	6316	ZNF678	1
3326	MYC	6374	ZYX	1
3326	MYC	3563	NPPC	1
3326	MYC	3682	OR1S2	1
3326	MYC	3701	OR52J3	1
3326	MYC	3703	OR5D2P	1
3326	MYC	3952	PIGN	1
3326	MYC	4388	RAB6B	1
3326	MYC	4540	RGMB	1
3326	MYC	4599	RNF138	1
3326	MYC	4903	SGK2	1
3326	MYC	4966	SLC12A9	1
3326	MYC	5048	SLITRK5	1
3326	MYC	5144	SOX4	1
3326	MYC	5161	SPATA2L	1
3326	MYC	5246	STAMBP	1
3326	MYC	5373	TAX1BP1	1
3326	MYC	5625	TOMM34	1
3326	MYC	5680	TREML4	1
3326	MYC	5737	TSEN2	1
3326	MYC	5861	UBE4B	1
3326	MYC	5866	UBQLN3	1
3326	MYC	5942	USP8	1
3326	MYC	3979	PIWIL4	1
3326	MYC	4009	PLCH1	1
3326	MYC	4686	RPS27	1
3326	MYC	6032	WDR82	1
3326	MYC	6197	ZNF146	1
3326	MYC	6364	ZPLD1	1
3326	MYC	3959	PIK3CA	1
3326	MYC	4223	PRKDC	1
3326	MYC	5585	TNFRSF10B	1
3326	MYC	5061	SMARCA4	1
3326	MYC	3375	NAE1	1
3326	MYC	4410	RAD51B	1
3326	MYC	4302	PSMD9	1
3326	MYC	4435	RAP1A	1
3326	MYC	4460	RBBP8	1
3326	MYC	3357	N4BP2L2-IT2	1
3326	MYC	3640	NUTM1	1
3326	MYC	3729	OTULIN	1
3326	MYC	4021	PLEKHG7	1
3326	MYC	4712	RRNAD1	1
3326	MYC	4817	SDR39U1	1
3326	MYC	5273	STRADB	1
3326	MYC	5469	TICRR	1
3326	MYC	5544	TMEM208	1
3328	MYCN	5639	TP53	1
3328	MYCN	3428	NDRG1	1
3329	MYD88	3375	NAE1	1
3330	MYDGF	3741	P4HB	1
3332	MYH14	5228	SSH3	1
3332	MYH14	4341	PTPRU	1
3333	MYH15	3579	NRAS	1
3337	MYH6	4162	PPP1R3A	1
3337	MYH6	3965	PILRA	1
3339	MYH9	4330	PTPN14	1
3340	MYL12A	4748	S100A11	1
3340	MYL12A	4570	RIOK3	1
3341	MYL12B	5979	VPS26A	1
3341	MYL12B	3579	NRAS	1
3342	MYLIP	3579	NRAS	1
3344	MYLK3	3579	NRAS	1
3345	MYLPF	3579	NRAS	1
3346	MYO1B	4590	RND3	1
3347	MYO1C	3881	PDXK	1
3347	MYO1C	4011	PLEC	1
3347	MYO1C	5422	TEAD3	1
3348	MYO1E	3352	MYOF	1
3348	MYO1E	4705	RRAS2	1
3348	MYO1E	3579	NRAS	1
3351	MYO9B	3375	NAE1	1
3352	MYOF	3970	PINK1	1
3352	MYOF	5580	TNFAIP2	1
3352	MYOF	5712	TRIP6	1
3352	MYOF	4169	PPP2R3A	1
3353	MYT1	5639	TP53	1
3354	MZB1	3375	NAE1	1
3355	MZF1	5276	STRN4	1
3355	MZF1	6233	ZNF324	1
3355	MZF1	3550	NOP53	1
3356	N4BP2L2	3877	PDS5B	1
3359	NAA10	3593	NSDHL	1
3359	NAA10	3579	NRAS	1
3360	NAA15	3630	NUP54	1
3360	NAA15	3579	NRAS	1
3361	NAA16	4718	RSBN1	1
3361	NAA16	6192	ZNF138	1
3362	NAA20	3645	NXT1	1
3363	NAA38	5363	TAPT1	1
3363	NAA38	6046	WRAP53	1
3363	NAA38	4127	POT1	1
3364	NAA40	4759	SAC3D1	1
3365	NAA50	4296	PSMD12	1
3365	NAA50	4369	RAB1A	1
3365	NAA50	3375	NAE1	1
3366	NAALAD2	3375	NAE1	1
3367	NABP1	4590	RND3	1
3367	NABP1	3375	NAE1	1
3368	NABP2	3375	NAE1	1
3369	NACA	4658	RPL36	1
3369	NACA	3381	NAP1L1	1
3369	NACA	4657	RPL35A	1
3370	NACA2	6248	ZNF407	1
3371	NACAD	3375	NAE1	1
3372	NACAP1	6089	YEATS4	1
3372	NACAP1	4658	RPL36	1
3373	NADK	3579	NRAS	1
3375	NAE1	3617	NUDT21	1
3375	NAE1	5584	TNFRSF10A	1
3375	NAE1	4760	SAE1	1
3375	NAE1	4949	SIRT1	1
3375	NAE1	4552	RHOA	1
3375	NAE1	3378	NAIP	1
3375	NAE1	3486	NFE2L2	1
3375	NAE1	3713	ORC1	1
3375	NAE1	3868	PDGFRL	1
3375	NAE1	4249	PRPSAP1	1
3375	NAE1	4290	PSMC2	1
3375	NAE1	4653	RPL27A	1
3375	NAE1	4699	RPS9	1
3375	NAE1	5046	SLIT3	1
3375	NAE1	5092	SNAI2	1
3375	NAE1	5205	SRM	1
3375	NAE1	5232	SST	1
3375	NAE1	5267	STK3	1
3375	NAE1	5303	SUPT4H1	1
3375	NAE1	5408	TCF7L2	1
3375	NAE1	5438	TFDP1	1
3375	NAE1	5663	TRAF1	1
3375	NAE1	5665	TRAF3	1
3375	NAE1	5769	TTF1	1
3375	NAE1	5973	VIPR2	1
3375	NAE1	6059	XBP1	1
3375	NAE1	6167	ZFY	1
3375	NAE1	6249	ZNF41	1
3375	NAE1	3830	PCGF2	1
3375	NAE1	5842	UBE2L6	1
3375	NAE1	3976	PITPNM1	1
3375	NAE1	4541	RGP1	1
3375	NAE1	5922	USP15	1
3375	NAE1	5814	UBA2	1
3375	NAE1	4298	PSMD14	1
3375	NAE1	3755	PAK4	1
3375	NAE1	5899	UNC13B	1
3375	NAE1	3412	NCKAP1	1
3375	NAE1	5947	UTP14A	1
3375	NAE1	5088	SMR3B	1
3375	NAE1	4627	RNPS1	1
3375	NAE1	5625	TOMM34	1
3375	NAE1	6021	WDR45	1
3375	NAE1	4829	SEC63	1
3375	NAE1	5500	TMC6	1
3375	NAE1	3602	NT5C2	1
3375	NAE1	4156	PPP1R13B	1
3375	NAE1	4012	PLEK2	1
3375	NAE1	5087	SMR3A	1
3375	NAE1	5925	USP25	1
3375	NAE1	4514	REPIN1	1
3375	NAE1	5565	TMEM69	1
3375	NAE1	5731	TRPM4	1
3375	NAE1	5589	TNFRSF19	1
3375	NAE1	6088	YEATS2	1
3375	NAE1	6053	WWC3	1
3375	NAE1	4804	SCYL3	1
3375	NAE1	4373	RAB22A	1
3375	NAE1	5816	UBA5	1
3375	NAE1	4613	RNF34	1
3375	NAE1	4901	SGIP1	1
3375	NAE1	4197	PRDM6	1
3375	NAE1	4503	RDH13	1
3375	NAE1	6174	ZIM3	1
3375	NAE1	5541	TMEM200A	1
3375	NAE1	3667	OMA1	1
3375	NAE1	5019	SLC36A4	1
3375	NAE1	6321	ZNF69	1
3375	NAE1	5032	SLC44A3	1
3375	NAE1	5041	SLC9B2	1
3375	NAE1	5222	SRXN1	1
3375	NAE1	3674	OR10A5	1
3375	NAE1	4004	PLB1	1
3375	NAE1	4923	SH3RF2	1
3375	NAE1	4361	QSOX2	1
3375	NAE1	3697	OR51B5	1
3375	NAE1	4254	PRR19	1
3375	NAE1	5434	TFAP2E	1
3375	NAE1	6340	ZNF772	1
3375	NAE1	3706	OR5K2	1
3375	NAE1	4404	RAD23A	1
3375	NAE1	4412	RAD51D	1
3375	NAE1	4507	RECQL	1
3375	NAE1	4522	REV3L	1
3375	NAE1	4529	RFC5	1
3375	NAE1	4636	RPE	1
3375	NAE1	4709	RRM2	1
3375	NAE1	4895	SFTPD	1
3375	NAE1	5141	SOX10	1
3375	NAE1	5209	SRP68	1
3375	NAE1	5231	SSRP1	1
3375	NAE1	5614	TNS1	1
3375	NAE1	5807	TYMS	1
3375	NAE1	5298	SUMO1	1
3375	NAE1	5903	UNG	1
3375	NAE1	6047	WRN	1
3375	NAE1	6065	XPC	1
3375	NAE1	6076	XRCC4	1
3375	NAE1	3998	PLA2G6	1
3375	NAE1	4506	RECK	1
3375	NAE1	3943	PIAS1	1
3375	NAE1	5646	TP63	1
3375	NAE1	4622	RNF8	1
3375	NAE1	5070	SMC3	1
3375	NAE1	6072	XPR1	1
3375	NAE1	3543	NOLC1	1
3375	NAE1	4976	SLC22A13	1
3375	NAE1	4508	RECQL4	1
3375	NAE1	5860	UBE3C	1
3375	NAE1	3779	PARP3	1
3375	NAE1	5071	SMC4	1
3375	NAE1	5636	TOPORS	1
3375	NAE1	5182	SPON1	1
3375	NAE1	5069	SMC2	1
3375	NAE1	4408	RAD51AP1	1
3375	NAE1	4096	POLQ	1
3375	NAE1	3767	PAPD7	1
3375	NAE1	5682	TREX2	1
3375	NAE1	5771	TTLL3	1
3375	NAE1	4968	SLC13A4	1
3375	NAE1	3637	NUPR1	1
3375	NAE1	5923	USP21	1
3375	NAE1	4869	SESN1	1
3375	NAE1	4633	RPA4	1
3375	NAE1	5062	SMARCAL1	1
3375	NAE1	4521	REV1	1
3375	NAE1	5427	TERF2IP	1
3375	NAE1	3465	NEIL3	1
3375	NAE1	4763	SAGE1	1
3375	NAE1	6236	ZNF334	1
3375	NAE1	5926	USP28	1
3375	NAE1	4916	SH2D4A	1
3375	NAE1	4582	RMND5B	1
3375	NAE1	4441	RAPH1	1
3375	NAE1	4587	RNASEH2B	1
3375	NAE1	5072	SMC6	1
3375	NAE1	5368	TAS1R2	1
3375	NAE1	4851	SEP-01	1
3375	NAE1	5520	TMEM125	1
3375	NAE1	5700	TRIM40	1
3375	NAE1	4605	RNF168	1
3375	NAE1	4756	S100Z	1
3375	NAE1	3595	NSMCE1	1
3375	NAE1	5168	SPDYA	1
3375	NAE1	5800	TXLNGY	1
3375	NAE1	4933	SHPRH	1
3375	NAE1	5976	VN1R5	1
3375	NAE1	4095	POLN	1
3375	NAE1	6063	XKRY	1
3375	NAE1	4675	RPRML	1
3375	NAE1	3704	OR5H14	1
3375	NAE1	5707	TRIM72	1
3375	NAE1	3615	NUDT1	1
3375	NAE1	3450	NDUFS8	1
3375	NAE1	3560	NPM1	1
3375	NAE1	3569	NPY2R	1
3375	NAE1	3663	OGG1	1
3375	NAE1	3795	PBX1	1
3375	NAE1	4060	PMS1	1
3375	NAE1	4061	PMS2	1
3375	NAE1	4091	POLH	1
3375	NAE1	4165	PPP2CB	1
3375	NAE1	3579	NRAS	1
3375	NAE1	6031	WDR77	1
3375	NAE1	5533	TMEM169	1
3375	NAE1	5839	UBE2J2	1
3375	NAE1	4770	SARDH	1
3375	NAE1	3397	NBN	1
3375	NAE1	3496	NFYC	1
3375	NAE1	3521	NME3	1
3375	NAE1	5587	TNFRSF11B	1
3375	NAE1	3735	P2RX1	1
3375	NAE1	3788	PAX3	1
3375	NAE1	3844	PDCD1	1
3375	NAE1	4861	SERPINB5	1
3375	NAE1	3958	PIK3C3	1
3375	NAE1	4287	PSMB8	1
3375	NAE1	4892	SFRP5	1
3375	NAE1	5668	TRAF5	1
3375	NAE1	5836	UBE2H	1
3375	NAE1	6173	ZIC3	1
3375	NAE1	5662	TRADD	1
3375	NAE1	5598	TNFSF18	1
3375	NAE1	5802	TXNL1	1
3375	NAE1	4390	RAB9A	1
3375	NAE1	5667	TRAF4	1
3375	NAE1	3534	NOD1	1
3375	NAE1	4031	PLK2	1
3375	NAE1	5176	SPIN1	1
3375	NAE1	6008	WDHD1	1
3375	NAE1	3514	NLRP1	1
3375	NAE1	6241	ZNF346	1
3375	NAE1	3454	NECAP1	1
3375	NAE1	5592	TNFRSF21	1
3375	NAE1	3722	OSGIN1	1
3375	NAE1	6138	ZC3HC1	1
3375	NAE1	5695	TRIM33	1
3375	NAE1	5856	UBE2W	1
3375	NAE1	3489	NFKB2	1
3375	NAE1	3894	PEX7	1
3375	NAE1	4000	PLAGL1	1
3375	NAE1	4272	PSEN1	1
3375	NAE1	4277	PSMA3	1
3375	NAE1	4289	PSMC1	1
3375	NAE1	4293	PSMC6	1
3375	NAE1	4299	PSMD3	1
3375	NAE1	4393	RABGGTA	1
3375	NAE1	5282	STX3	1
3375	NAE1	5405	TCF20	1
3375	NAE1	5468	TIAL1	1
3375	NAE1	5591	TNFRSF1B	1
3375	NAE1	5827	UBE2D2	1
3375	NAE1	5830	UBE2E1	1
3375	NAE1	5831	UBE2E2	1
3375	NAE1	5959	VAV1	1
3375	NAE1	6106	YY1	1
3375	NAE1	5920	USP11	1
3375	NAE1	4907	SGPL1	1
3375	NAE1	5843	UBE2M	1
3375	NAE1	3850	PDCD5	1
3375	NAE1	5264	STK17A	1
3375	NAE1	5861	UBE4B	1
3375	NAE1	5785	TUBB4A	1
3375	NAE1	5786	TUBB4B	1
3375	NAE1	5832	UBE2E3	1
3375	NAE1	4157	PPP1R13L	1
3375	NAE1	3913	PGRMC1	1
3375	NAE1	5825	UBE2C	1
3375	NAE1	5329	SYT11	1
3375	NAE1	5377	TBC1D12	1
3375	NAE1	4776	SATB2	1
3375	NAE1	5508	TMED3	1
3375	NAE1	4414	RAD54B	1
3375	NAE1	5256	STAU2	1
3375	NAE1	3849	PDCD4	1
3375	NAE1	5016	SLC35C2	1
3375	NAE1	3938	PI15	1
3375	NAE1	3630	NUP54	1
3375	NAE1	5382	TBC1D8B	1
3375	NAE1	5937	USP47	1
3375	NAE1	5384	TBCCD1	1
3375	NAE1	3815	PCDHB8	1
3375	NAE1	6024	WDR48	1
3375	NAE1	6147	ZDBF2	1
3375	NAE1	6012	WDR19	1
3375	NAE1	3502	NIF3L1	1
3375	NAE1	3535	NOD2	1
3375	NAE1	3643	NXN	1
3375	NAE1	5857	UBE2Z	1
3375	NAE1	4738	RUFY1	1
3375	NAE1	4870	SESN2	1
3375	NAE1	5165	SPATA9	1
3375	NAE1	3848	PDCD2L	1
3375	NAE1	6279	ZNF566	1
3375	NAE1	6270	ZNF511	1
3375	NAE1	3709	OR7G1	1
3375	NAE1	5849	UBE2QL1	1
3375	NAE1	5334	TAAR9	1
3375	NAE1	4342	PTRH1	1
3375	NAE1	4367	RAB12	1
3375	NAE1	5773	TTLL6	1
3375	NAE1	6129	ZC3H12B	1
3375	NAE1	4340	PTPRQ	1
3375	NAE1	3705	OR5K1	1
3375	NAE1	6060	XIAP	1
3375	NAE1	4378	RAB2A	1
3375	NAE1	4405	RAD23B	1
3375	NAE1	4411	RAD51C	1
3375	NAE1	4413	RAD52	1
3375	NAE1	4446	RASA1	1
3375	NAE1	4460	RBBP8	1
3375	NAE1	4525	RFC1	1
3375	NAE1	4678	RPS14	1
3375	NAE1	5084	SMPD1	1
3375	NAE1	5174	SPIB	1
3375	NAE1	5339	TACR1	1
3375	NAE1	5416	TDG	1
3375	NAE1	5426	TERF2	1
3375	NAE1	5633	TOP3A	1
3375	NAE1	5813	UBA1	1
3375	NAE1	6355	ZNF91	1
3375	NAE1	3774	PARP1	1
3375	NAE1	4509	RECQL5	1
3375	NAE1	5896	ULK2	1
3375	NAE1	5049	SLK	1
3375	NAE1	5122	SNUPN	1
3375	NAE1	5188	SPRY2	1
3375	NAE1	5561	TMEM5	1
3375	NAE1	4741	RUVBL2	1
3375	NAE1	5419	TDRKH	1
3375	NAE1	4063	PNKP	1
3375	NAE1	6268	ZNF507	1
3375	NAE1	3792	PAXIP1	1
3375	NAE1	3877	PDS5B	1
3375	NAE1	4416	RAD54L2	1
3375	NAE1	4950	SIT1	1
3375	NAE1	4094	POLM	1
3375	NAE1	4725	RSRC1	1
3375	NAE1	4550	RHCG	1
3375	NAE1	5418	TDP2	1
3375	NAE1	4533	RFWD3	1
3375	NAE1	4610	RNF220	1
3375	NAE1	5986	VPS53	1
3375	NAE1	4402	RAD18	1
3375	NAE1	6048	WRNIP1	1
3375	NAE1	4532	RFWD2	1
3375	NAE1	3616	NUDT18	1
3375	NAE1	4579	RMI1	1
3375	NAE1	6302	ZNF628	1
3375	NAE1	3670	OPN4	1
3375	NAE1	4580	RMI2	1
3375	NAE1	6352	ZNF831	1
3375	NAE1	5121	SNTN	1
3375	NAE1	4418	RAD9B	1
3375	NAE1	3505	NIPAL1	1
3375	NAE1	5774	TTLL8	1
3375	NAE1	3504	NIM1K	1
3375	NAE1	4504	RDM1	1
3375	NAE1	6142	ZCCHC24	1
3375	NAE1	5567	TMEM86B	1
3375	NAE1	3596	NSMCE2	1
3375	NAE1	3702	OR5B2	1
3375	NAE1	6078	XRCC6	1
3375	NAE1	3466	NEK1	1
3375	NAE1	5629	TONSL	1
3375	NAE1	3494	NFYA	1
3375	NAE1	3605	NTHL1	1
3375	NAE1	3896	PFDN5	1
3375	NAE1	3987	PKHD1	1
3375	NAE1	4051	PMAIP1	1
3375	NAE1	4226	PRLR	1
3375	NAE1	5846	UBE2O	1
3375	NAE1	5640	TP53AIP1	1
3375	NAE1	6010	WDR13	1
3375	NAE1	4126	PORCN	1
3375	NAE1	5645	TP53RK	1
3375	NAE1	3516	NLRP3	1
3375	NAE1	5833	UBE2F	1
3375	NAE1	4462	RBFOX3	1
3375	NAE1	5853	UBE2U	1
3375	NAE1	4472	RBM24	1
3375	NAE1	5845	UBE2NL	1
3375	NAE1	5840	UBE2K	1
3375	NAE1	5595	TNFRSF9	1
3375	NAE1	4553	RHOB	1
3375	NAE1	3490	NFKBIA	1
3375	NAE1	4860	SERPINB2	1
3375	NAE1	3790	PAX7	1
3375	NAE1	3847	PDCD2	1
3375	NAE1	4214	PRKCA	1
3375	NAE1	4219	PRKCZ	1
3375	NAE1	4296	PSMD12	1
3375	NAE1	4303	PSME1	1
3375	NAE1	4315	PTEN	1
3375	NAE1	4456	RB1	1
3375	NAE1	4620	RNF6	1
3375	NAE1	4902	SGK1	1
3375	NAE1	5252	STAT1	1
3375	NAE1	5590	TNFRSF1A	1
3375	NAE1	5631	TOP2A	1
3375	NAE1	5642	TP53BP2	1
3375	NAE1	5826	UBE2D1	1
3375	NAE1	5828	UBE2D3	1
3375	NAE1	5878	UCHL1	1
3375	NAE1	5068	SMC1A	1
3375	NAE1	5596	TNFSF12	1
3375	NAE1	5594	TNFRSF6B	1
3375	NAE1	3907	PGLYRP1	1
3375	NAE1	4782	SCAMP1	1
3375	NAE1	3586	NRG2	1
3375	NAE1	4601	RNF14	1
3375	NAE1	3851	PDCD6	1
3375	NAE1	3778	PARP2	1
3375	NAE1	4450	RASGRP1	1
3375	NAE1	3523	NME6	1
3375	NAE1	6258	ZNF443	1
3375	NAE1	5246	STAMBP	1
3375	NAE1	3662	OGFR	1
3375	NAE1	5635	TOPBP1	1
3375	NAE1	5929	USP33	1
3375	NAE1	3385	NARF	1
3375	NAE1	5130	SNX24	1
3375	NAE1	4353	PYCARD	1
3375	NAE1	4264	PRSS50	1
3375	NAE1	5659	TRA2A	1
3375	NAE1	3433	NDUFA13	1
3375	NAE1	5838	UBE2J1	1
3375	NAE1	5829	UBE2D4	1
3375	NAE1	3956	PIGV	1
3375	NAE1	3886	PECR	1
3375	NAE1	4734	RTN4	1
3375	NAE1	5931	USP36	1
3375	NAE1	3977	PITPNM2	1
3375	NAE1	5698	TRIM37	1
3375	NAE1	3458	NEDD4	1
3375	NAE1	3604	NTF3	1
3375	NAE1	3669	OPA1	1
3375	NAE1	3787	PAWR	1
3375	NAE1	4177	PPP3CC	1
3375	NAE1	4223	PRKDC	1
3375	NAE1	4280	PSMA6	1
3375	NAE1	4294	PSMD10	1
3375	NAE1	4459	RBBP6	1
3375	NAE1	5497	TMBIM6	1
3375	NAE1	5639	TP53	1
3375	NAE1	6368	ZSCAN26	1
3375	NAE1	6083	YARS	1
3375	NAE1	5634	TOP3B	1
3375	NAE1	5265	STK17B	1
3375	NAE1	4152	PPM1F	1
3375	NAE1	3853	PDCD7	1
3375	NAE1	3845	PDCD10	1
3375	NAE1	3747	PADI1	1
3375	NAE1	4930	SHISA5	1
3375	NAE1	5428	TESC	1
3375	NAE1	5449	THAP1	1
3375	NAE1	3837	PCMTD2	1
3375	NAE1	3887	PELI1	1
3375	NAE1	3513	NLRC4	1
3375	NAE1	3980	PJA1	1
3375	NAE1	5367	TAS1R1	1
3375	NAE1	5936	USP43	1
3375	NAE1	4835	SELENOV	1
3375	NAE1	4526	RFC2	1
3375	NAE1	4527	RFC3	1
3375	NAE1	4708	RRM1	1
3375	NAE1	5406	TCF21	1
3375	NAE1	6038	WEE1	1
3375	NAE1	6193	ZNF14	1
3375	NAE1	5442	TFPI2	1
3375	NAE1	4987	SLC25A12	1
3375	NAE1	5563	TMEM59	1
3375	NAE1	4146	PPIP5K1	1
3375	NAE1	5638	TOX4	1
3375	NAE1	5424	TELO2	1
3375	NAE1	5927	USP3	1
3375	NAE1	5316	SWAP70	1
3375	NAE1	5090	SMUG1	1
3375	NAE1	3687	OR2M4	1
3375	NAE1	5035	SLC6A16	1
3375	NAE1	5732	TRPM5	1
3375	NAE1	3810	PCDHB10	1
3375	NAE1	3416	NCLN	1
3375	NAE1	6154	ZFAND3	1
3375	NAE1	3463	NEIL1	1
3375	NAE1	4634	RPAP2	1
3375	NAE1	4765	SAMD14	1
3375	NAE1	3464	NEIL2	1
3375	NAE1	5570	TMEM95	1
3375	NAE1	3468	NEK5	1
3375	NAE1	4062	PMS2P9	1
3375	NAE1	5670	TRAK2	1
3375	NAE1	3757	PALB2	1
3375	NAE1	4085	POLDIP3	1
3375	NAE1	4598	RNF135	1
3375	NAE1	5605	TNKS1BP1	1
3375	NAE1	3951	PIGM	1
3375	NAE1	5644	TP53INP1	1
3375	NAE1	4970	SLC16A10	1
3375	NAE1	5767	TTC39C	1
3375	NAE1	5558	TMEM42	1
3375	NAE1	4352	PXDNL	1
3375	NAE1	5301	SUN5	1
3375	NAE1	5505	TMCO5A	1
3375	NAE1	6292	ZNF584	1
3375	NAE1	4743	RWDD4	1
3375	NAE1	6316	ZNF678	1
3375	NAE1	3582	NRBP2	1
3375	NAE1	4128	POTEG	1
3375	NAE1	3488	NFKB1	1
3375	NAE1	3498	NGFR	1
3375	NAE1	3511	NKX2-2	1
3375	NAE1	3742	PA2G4	1
3375	NAE1	3856	PDE1B	1
3375	NAE1	4864	SERPINB8	1
3375	NAE1	4003	PLAUR	1
3375	NAE1	4206	PRKAA2	1
3375	NAE1	4207	PRKAB1	1
3375	NAE1	4322	PTH	1
3375	NAE1	4360	QSOX1	1
3375	NAE1	4400	RAD1	1
3375	NAE1	4947	SIPA1	1
3375	NAE1	5096	SNAPC4	1
3375	NAE1	5146	SP1	1
3375	NAE1	5181	SPOCK1	1
3375	NAE1	4199	PRDX2	1
3375	NAE1	5443	TGFB1	1
3375	NAE1	5578	TNF	1
3375	NAE1	5739	TSG101	1
3375	NAE1	5824	UBE2B	1
3375	NAE1	5834	UBE2G1	1
3375	NAE1	6075	XRCC3	1
3375	NAE1	6199	ZNF154	1
3375	NAE1	4592	RNF113A	1
3375	NAE1	6211	ZNF212	1
3375	NAE1	4452	RASSF7	1
3375	NAE1	4572	RIPK1	1
3375	NAE1	3539	NOL3	1
3375	NAE1	3914	PGS1	1
3375	NAE1	6168	ZFYVE16	1
3375	NAE1	3631	NUP58	1
3375	NAE1	3852	PDCD6IP	1
3375	NAE1	5082	SMNDC1	1
3375	NAE1	4033	PLK4	1
3375	NAE1	5292	SULF1	1
3375	NAE1	4158	PPP1R15A	1
3375	NAE1	4245	PRPF40B	1
3375	NAE1	5984	VPS4A	1
3375	NAE1	5851	UBE2S	1
3375	NAE1	5599	TNFSF8	1
3375	NAE1	3530	NOB1	1
3375	NAE1	5852	UBE2T	1
3375	NAE1	4153	PPME1	1
3375	NAE1	4144	PPIL1	1
3375	NAE1	5894	UIMC1	1
3375	NAE1	4047	PLXNA3	1
3375	NAE1	4044	PLSCR3	1
3375	NAE1	5683	TRIB3	1
3375	NAE1	4224	PRKN	1
3375	NAE1	3864	PDE9A	1
3375	NAE1	4129	POU2F1	1
3375	NAE1	4286	PSMB6	1
3375	NAE1	5586	TNFRSF10D	1
3375	NAE1	4621	RNF7	1
3375	NAE1	4586	RNASEH2A	1
3375	NAE1	3567	NPTXR	1
3375	NAE1	4588	RNASEH2C	1
3375	NAE1	5848	UBE2Q2	1
3375	NAE1	4410	RAD51B	1
3375	NAE1	4528	RFC4	1
3375	NAE1	4585	RNASE6	1
3375	NAE1	4631	RPA2	1
3375	NAE1	4876	SETMAR	1
3375	NAE1	5630	TOP1	1
3375	NAE1	5654	TPR	1
3375	NAE1	5914	URI1	1
3375	NAE1	4239	PRPF19	1
3375	NAE1	5044	SLFN11	1
3375	NAE1	4279	PSMA5	1
3375	NAE1	3476	NEUROD6	1
3375	NAE1	4518	RERG	1
3375	NAE1	3393	NAV3	1
3375	NAE1	5998	VWA5B1	1
3375	NAE1	5162	SPATA3	1
3375	NAE1	3693	OR4F6	1
3375	NAE1	3446	NDUFS1	1
3375	NAE1	3553	NOS2	1
3375	NAE1	4977	SLC22A18	1
3375	NAE1	4043	PLSCR1	1
3375	NAE1	4086	POLE	1
3375	NAE1	4104	POLR2F	1
3375	NAE1	4512	RELN	1
3375	NAE1	4288	PSMB9	1
3375	NAE1	4282	PSMB10	1
3375	NAE1	4420	RAF1	1
3375	NAE1	4513	REN	1
3375	NAE1	4697	RPS6KB2	1
3375	NAE1	4717	RS1	1
3375	NAE1	4053	PMEL	1
3375	NAE1	5097	SNCA	1
3375	NAE1	5137	SOD1	1
3375	NAE1	5202	SREBF2	1
3375	NAE1	5263	STK11	1
3375	NAE1	5412	TCOF1	1
3375	NAE1	5429	TESK1	1
3375	NAE1	5581	TNFAIP3	1
3375	NAE1	5641	TP53BP1	1
3375	NAE1	5647	TP73	1
3375	NAE1	5835	UBE2G2	1
3375	NAE1	5844	UBE2N	1
3375	NAE1	5897	UMOD	1
3375	NAE1	5918	USP1	1
3375	NAE1	6074	XRCC2	1
3375	NAE1	5007	SLC30A2	1
3375	NAE1	3522	NME5	1
3375	NAE1	3994	PLA2G10	1
3375	NAE1	5593	TNFRSF25	1
3375	NAE1	5588	TNFRSF18	1
3375	NAE1	5921	USP14	1
3375	NAE1	3780	PARP4	1
3375	NAE1	4406	RAD50	1
3375	NAE1	5108	SNRNP35	1
3375	NAE1	3989	PKIG	1
3375	NAE1	4878	SETX	1
3375	NAE1	4305	PSME4	1
3375	NAE1	5036	SLC7A11	1
3375	NAE1	5582	TNFAIP8	1
3375	NAE1	4127	POT1	1
3375	NAE1	5223	SS18L2	1
3375	NAE1	5883	UFC1	1
3375	NAE1	3945	PIAS4	1
3375	NAE1	6054	WWOX	1
3375	NAE1	5850	UBE2R2	1
3375	NAE1	5882	UEVLD	1
3375	NAE1	5847	UBE2Q1	1
3375	NAE1	5417	TDP1	1
3375	NAE1	6057	XAB2	1
3375	NAE1	3838	PCNA	1
3375	NAE1	4417	RAD9A	1
3375	NAE1	4632	RPA3	1
3375	NAE1	5837	UBE2I	1
3375	NAE1	5463	THUMPD2	1
3375	NAE1	3695	OR4S1	1
3375	NAE1	4546	RGS7BP	1
3375	NAE1	3984	PKD2	1
3375	NAE1	4155	PPP1R10	1
3375	NAE1	4193	PRCC	1
3375	NAE1	4401	RAD17	1
3375	NAE1	4798	SCNN1G	1
3375	NAE1	5425	TERF1	1
3375	NAE1	5608	TNP1	1
3375	NAE1	5823	UBE2A	1
3375	NAE1	5841	UBE2L3	1
3375	NAE1	5855	UBE2V2	1
3375	NAE1	5143	SOX21	1
3375	NAE1	4489	RBPJL	1
3375	NAE1	4084	POLDIP2	1
3375	NAE1	4858	SERP1	1
3375	NAE1	4710	RRM2B	1
3375	NAE1	4045	PLXDC1	1
3375	NAE1	5260	STIM2	1
3375	NAE1	4150	PPM1D	1
3375	NAE1	3652	OBP2A	1
3375	NAE1	4938	SIGIRR	1
3375	NAE1	5719	TRMT1L	1
3375	NAE1	4260	PRRT2	1
3375	NAE1	5546	TMEM213	1
3375	NAE1	6165	ZFP82	1
3375	NAE1	5318	SYCN	1
3375	NAE1	5516	TMEM110	1
3375	NAE1	3599	NSUN4	1
3375	NAE1	3696	OR4X1	1
3375	NAE1	4890	SFN	1
3375	NAE1	3487	NFIX	1
3375	NAE1	4248	PRPH	1
3375	NAE1	4334	PTPN6	1
3375	NAE1	4630	RPA1	1
3375	NAE1	5483	TK1	1
3375	NAE1	5854	UBE2V1	1
3375	NAE1	6073	XRCC1	1
3375	NAE1	6206	ZNF184	1
3375	NAE1	4415	RAD54L	1
3375	NAE1	5815	UBA3	1
3375	NAE1	5323	SYNGR2	1
3375	NAE1	6018	WDR4	1
3375	NAE1	5220	SRSF8	1
3375	NAE1	4381	RAB35	1
3375	NAE1	3645	NXT1	1
3375	NAE1	3748	PAF1	1
3375	NAE1	5889	UGT1A3	1
3375	NAE1	4477	RBM38	1
3375	NAE1	5455	THOC2	1
3375	NAE1	5502	TMCC3	1
3375	NAE1	3473	NEPRO	1
3375	NAE1	3785	PATJ	1
3375	NAE1	3835	PCLAF	1
3375	NAE1	3903	PGGHG	1
3375	NAE1	4343	PTRHD1	1
3375	NAE1	4425	RALGAPA1	1
3375	NAE1	4571	RIOX1	1
3375	NAE1	4781	SCAI	1
3375	NAE1	5074	SMCO4	1
3375	NAE1	5078	SMIM14	1
3375	NAE1	5079	SMIM7	1
3375	NAE1	5175	SPIDR	1
3375	NAE1	5395	TCAF1	1
3375	NAE1	5402	TCEANC2	1
3375	NAE1	5430	TESMIN	1
3375	NAE1	5432	TEX43	1
3375	NAE1	5553	TMEM268	1
3375	NAE1	6085	YBEY	1
3377	NAGS	3579	NRAS	1
3379	NAMPT	5639	TP53	1
3379	NAMPT	3774	PARP1	1
3379	NAMPT	3778	PARP2	1
3380	NANP	3579	NRAS	1
3382	NAP1L4	3745	PABPN1	1
3383	NAP1L6	3579	NRAS	1
3384	NAPB	6238	ZNF337	1
3386	NARFL	5984	VPS4A	1
3387	NARS	3579	NRAS	1
3388	NARS2	6213	ZNF227	1
3388	NARS2	6124	ZBTB6	1
3388	NARS2	4688	RPS3	1
3389	NASP	5417	TDP1	1
3389	NASP	4527	RFC3	1
3389	NASP	6109	ZBED4	1
3389	NASP	4310	PTBP1	1
3389	NASP	5471	TIMELESS	1
3389	NASP	5153	SPAG5	1
3389	NASP	4163	PPP1R8	1
3389	NASP	3791	PAXBP1	1
3389	NASP	6007	WDCP	1
3390	NAT10	4640	RPIA	1
3391	NAT2	3579	NRAS	1
3392	NAT8	3579	NRAS	1
3393	NAV3	3579	NRAS	1
3394	NBEAL1	3579	NRAS	1
3395	NBEAL2	4171	PPP2R5A	1
3396	NBL1	5537	TMEM184B	1
3399	NBR2	3579	NRAS	1
3400	NCAM1	3579	NRAS	1
3401	NCAPD2	4407	RAD51	1
3401	NCAPD2	4096	POLQ	1
3401	NCAPD2	4398	RACGAP1	1
3401	NCAPD2	5825	UBE2C	1
3401	NCAPD2	3579	NRAS	1
3402	NCAPD3	4167	PPP2R1B	1
3402	NCAPD3	5825	UBE2C	1
3403	NCAPG	3405	NCAPH	1
3403	NCAPG	4087	POLE2	1
3403	NCAPG	4526	RFC2	1
3403	NCAPG	3404	NCAPG2	1
3403	NCAPG	5779	TUBA1B	1
3403	NCAPG	3579	NRAS	1
3404	NCAPG2	4033	PLK4	1
3405	NCAPH	3639	NUSAP1	1
3405	NCAPH	4363	R3HDM1	1
3405	NCAPH	4709	RRM2	1
3405	NCAPH	5658	TPX2	1
3406	NCAPH2	6237	ZNF335	1
3407	NCBP1	5507	TMED2	1
3407	NCBP1	4467	RBM14	1
3407	NCBP1	4405	RAD23B	1
3408	NCBP2	3959	PIK3CA	1
3409	NCEH1	4366	RAB11FIP5	1
3411	NCK1	5389	TBL1XR1	1
3412	NCKAP1	3579	NRAS	1
3414	NCKIPSD	3579	NRAS	1
3415	NCL	3551	NOP56	1
3415	NCL	6132	ZC3H15	1
3415	NCL	6195	ZNF142	1
3415	NCL	3579	NRAS	1
3416	NCLN	4594	RNF126	1
3418	NCOA3	3715	ORM1	1
3418	NCOA3	4320	PTGS1	1
3418	NCOA3	4519	RET	1
3418	NCOA3	3607	NTRK1	1
3418	NCOA3	3866	PDGFRA	1
3418	NCOA3	3867	PDGFRB	1
3418	NCOA3	4975	SLC22A1	1
3418	NCOA3	4978	SLC22A2	1
3419	NCOA6	3579	NRAS	1
3420	NCOR1	3579	NRAS	1
3421	NCOR2	5065	SMARCC2	1
3422	NCR1	4209	PRKACG	1
3422	NCR1	3477	NEUROG1	1
3424	NDC1	3579	NRAS	1
3424	NDC1	4774	SASS6	1
3425	NDC80	3838	PCNA	1
3425	NDC80	4087	POLE2	1
3425	NDC80	4529	RFC5	1
3425	NDC80	4528	RFC4	1
3426	NDEL1	6120	ZBTB4	1
3427	NDN	3579	NRAS	1
3430	NDST3	3579	NRAS	1
3432	NDUFA12	3579	NRAS	1
3434	NDUFA3	4241	PRPF31	1
3436	NDUFA8	4470	RBM18	1
3437	NDUFA9	3579	NRAS	1
3438	NDUFAF4	4955	SKIV2L2	1
3438	NDUFAF4	5655	TPRKB	1
3439	NDUFAF6	3579	NRAS	1
3440	NDUFB10	5107	SNRNP25	1
3441	NDUFB2	4124	POP7	1
3442	NDUFB5	5389	TBL1XR1	1
3442	NDUFB5	5887	UGP2	1
3442	NDUFB5	4110	POLR2K	1
3445	NDUFB9	4600	RNF139	1
3447	NDUFS2	5923	USP21	1
3448	NDUFS4	4184	PPWD1	1
3448	NDUFS4	3579	NRAS	1
3449	NDUFS7	4594	RNF126	1
3449	NDUFS7	6011	WDR18	1
3450	NDUFS8	4370	RAB1B	1
3451	NDUFV1	6029	WDR74	1
3452	NDUFV2	3579	NRAS	1
3453	NECAB2	3579	NRAS	1
3454	NECAP1	3579	NRAS	1
3455	NECTIN1	4940	SIGLEC7	1
3456	NECTIN2	5228	SSH3	1
3459	NEDD4L	3579	NRAS	1
3460	NEDD8	3579	NRAS	1
3462	NEFL	3579	NRAS	1
3464	NEIL2	3579	NRAS	1
3465	NEIL3	4087	POLE2	1
3465	NEIL3	4408	RAD51AP1	1
3465	NEIL3	4709	RRM2	1
3465	NEIL3	4767	SAP30	1
3465	NEIL3	5770	TTK	1
3465	NEIL3	5071	SMC4	1
3466	NEK1	3579	NRAS	1
3467	NEK2	5658	TPX2	1
3467	NEK2	4524	REXO5	1
3469	NEK6	4708	RRM1	1
3469	NEK6	5807	TYMS	1
3469	NEK6	5003	SLC29A1	1
3469	NEK6	5002	SLC28A1	1
3469	NEK6	5004	SLC29A2	1
3471	NELFB	5984	VPS4A	1
3471	NELFB	6136	ZC3H7B	1
3472	NEMP1	5572	TMPO	1
3474	NET1	3579	NRAS	1
3475	NEU1	3579	NRAS	1
3478	NEUROG2	4162	PPP1R3A	1
3480	NF1	3579	NRAS	1
3481	NF2	6082	YAP1	1
3481	NF2	3579	NRAS	1
3481	NF2	4323	PTK2	1
3482	NFATC1	3715	ORM1	1
3482	NFATC1	4320	PTGS1	1
3482	NFATC1	4519	RET	1
3482	NFATC1	3607	NTRK1	1
3482	NFATC1	3866	PDGFRA	1
3482	NFATC1	3867	PDGFRB	1
3482	NFATC1	4975	SLC22A1	1
3482	NFATC1	4978	SLC22A2	1
3483	NFATC2	3579	NRAS	1
3484	NFATC2IP	4252	PRR14	1
3484	NFATC2IP	3990	PKMYT1	1
3484	NFATC2IP	6034	WDR90	1
3484	NFATC2IP	3715	ORM1	1
3484	NFATC2IP	4320	PTGS1	1
3484	NFATC2IP	4519	RET	1
3484	NFATC2IP	3607	NTRK1	1
3484	NFATC2IP	3866	PDGFRA	1
3484	NFATC2IP	3867	PDGFRB	1
3484	NFATC2IP	4975	SLC22A1	1
3484	NFATC2IP	4978	SLC22A2	1
3486	NFE2L2	4069	PNO1	1
3488	NFKB1	4321	PTGS2	1
3488	NFKB1	5639	TP53	1
3488	NFKB1	3490	NFKBIA	1
3488	NFKB1	3774	PARP1	1
3488	NFKB1	6060	XIAP	1
3490	NFKBIA	5581	TNFAIP3	1
3490	NFKBIA	3774	PARP1	1
3491	NFRKB	4194	PRDM10	1
3493	NFXL1	5556	TMEM33	1
3495	NFYB	4602	RNF146	1
3495	NFYB	4803	SCYL2	1
3495	NFYB	4846	SENP1	1
3495	NFYB	6149	ZDHHC17	1
3495	NFYB	4154	PPP1CC	1
3495	NFYB	6089	YEATS4	1
3499	NGLY1	3579	NRAS	1
3501	NHP2	4644	RPL13A	1
3501	NHP2	5918	USP1	1
3501	NHP2	4086	POLE	1
3501	NHP2	4708	RRM1	1
3501	NHP2	4099	POLR2A	1
3501	NHP2	4094	POLM	1
3501	NHP2	4407	RAD51	1
3501	NHP2	5225	SSBP1	1
3501	NHP2	4417	RAD9A	1
3501	NHP2	4491	RBX1	1
3501	NHP2	4081	POLD1	1
3501	NHP2	3774	PARP1	1
3501	NHP2	4061	PMS2	1
3501	NHP2	4083	POLD4	1
3501	NHP2	4405	RAD23B	1
3501	NHP2	4150	PPM1D	1
3501	NHP2	6116	ZBTB32	1
3501	NHP2	4870	SESN2	1
3501	NHP2	6046	WRAP53	1
3501	NHP2	6074	XRCC2	1
3501	NHP2	5585	TNFRSF10B	1
3501	NHP2	5903	UNG	1
3501	NHP2	4511	RELA	1
3503	NIFK	3579	NRAS	1
3506	NIPBL	3774	PARP1	1
3507	NKAP	3579	NRAS	1
3508	NKG7	5666	TRAF3IP3	1
3509	NKIRAS2	5576	TMUB2	1
3510	NKRF	3926	PHF6	1
3510	NKRF	3715	ORM1	1
3510	NKRF	4320	PTGS1	1
3510	NKRF	4519	RET	1
3510	NKRF	3607	NTRK1	1
3510	NKRF	3866	PDGFRA	1
3510	NKRF	3867	PDGFRB	1
3510	NKRF	4975	SLC22A1	1
3510	NKRF	4978	SLC22A2	1
3512	NLE1	6031	WDR77	1
3513	NLRC4	3579	NRAS	1
3515	NLRP2	4406	RAD50	1
3515	NLRP2	4407	RAD51	1
3515	NLRP2	5416	TDG	1
3515	NLRP2	6064	XPA	1
3515	NLRP2	4315	PTEN	1
3515	NLRP2	3774	PARP1	1
3518	NMD3	5225	SSBP1	1
3518	NMD3	4847	SENP2	1
3518	NMD3	5389	TBL1XR1	1
3518	NMD3	5439	TFG	1
3518	NMD3	5624	TOMM22	1
3518	NMD3	5887	UGP2	1
3518	NMD3	4205	PRKAA1	1
3519	NME1	4136	PPARA	1
3519	NME1	5578	TNF	1
3519	NME1	3520	NME1-NME2	1
3519	NME1	3537	NOL11	1
3519	NME1	4283	PSMB3	1
3519	NME1	4292	PSMC5	1
3519	NME1	4411	RAD51C	1
3519	NME1	5949	UTP18	1
3520	NME1-NME2	5949	UTP18	1
3524	NMI	3579	NRAS	1
3525	NMNAT1	3579	NRAS	1
3526	NMT2	5971	VIM	1
3528	NNMT	4453	RASSF8	1
3528	NNMT	4263	PRSS23	1
3529	NNT	3579	NRAS	1
3531	NOC2L	4558	RHOT2	1
3531	NOC2L	5075	SMG5	1
3532	NOC3L	3753	PAK1IP1	1
3536	NOL10	3579	NRAS	1
3537	NOL11	6314	ZNF670	1
3537	NOL11	5715	TRMT10C	1
3538	NOL12	5065	SMARCC2	1
3538	NOL12	4135	PPAN	1
3538	NOL12	5720	TRMT2A	1
3539	NOL3	3579	NRAS	1
3540	NOL4	3579	NRAS	1
3541	NOL6	4942	SIGMAR1	1
3541	NOL6	3579	NRAS	1
3542	NOL8	3579	NRAS	1
3543	NOLC1	3915	PHB2	1
3544	NONO	5056	SMAD4	1
3544	NONO	3926	PHF6	1
3544	NONO	4315	PTEN	1
3544	NONO	3905	PGK1	1
3545	NOP10	3579	NRAS	1
3546	NOP14	3579	NRAS	1
3547	NOP14-AS1	3579	NRAS	1
3548	NOP16	3579	NRAS	1
3548	NOP16	4399	RACK1	1
3549	NOP2	4716	RRS1	1
3550	NOP53	5111	SNRPA	1
3550	NOP53	5991	VRK3	1
3551	NOP56	3579	NRAS	1
3551	NOP56	5951	UTP4	1
3555	NOTCH2	3556	NOTCH2NL	1
3555	NOTCH2	4555	RHOC	1
3559	NPLOC4	5022	SLC38A10	1
3561	NPM3	3915	PHB2	1
3562	NPNT	3579	NRAS	1
3564	NPR2	3579	NRAS	1
3570	NQO2	3579	NRAS	1
3571	NR1D1	4223	PRKDC	1
3572	NR1H2	3579	NRAS	1
3573	NR1I2	3579	NRAS	1
3573	NR1I2	6078	XRCC6	1
3573	NR1I2	3857	PDE3A	1
3573	NR1I2	3890	PEX1	1
3573	NR1I2	4175	PPP3CA	1
3573	NR1I2	4337	PTPRD	1
3573	NR1I2	4338	PTPRF	1
3573	NR1I2	4417	RAD9A	1
3573	NR1I2	4529	RFC5	1
3573	NR1I2	4846	SENP1	1
3573	NR1I2	5083	SMO	1
3573	NR1I2	5138	SOD2	1
3573	NR1I2	5361	TAP2	1
3573	NR1I2	4608	RNF213	1
3577	NR4A1	5053	SLX4	1
3578	NR5A1	3579	NRAS	1
3579	NRAS	5249	STARD13	1
3579	NRAS	5534	TMEM17	1
3579	NRAS	5206	SRMS	1
3579	NRAS	5681	TRERF1	1
3579	NRAS	4281	PSMA7	1
3579	NRAS	3869	PDHB	1
3579	NRAS	5247	STAR	1
3579	NRAS	5213	SRPK3	1
3579	NRAS	6051	WWC2	1
3579	NRAS	5853	UBE2U	1
3579	NRAS	3622	NUMB	1
3579	NRAS	5821	UBAP2L	1
3579	NRAS	5617	TNXB	1
3579	NRAS	3658	OFCC1	1
3579	NRAS	4235	PROK1	1
3579	NRAS	4418	RAD9B	1
3579	NRAS	4385	RAB41	1
3579	NRAS	4038	PLP1	1
3579	NRAS	6323	ZNF695	1
3579	NRAS	5169	SPECC1	1
3579	NRAS	5900	UNC13C	1
3579	NRAS	5740	TSHB	1
3579	NRAS	4597	RNF130	1
3579	NRAS	5250	STARD6	1
3579	NRAS	6361	ZNRF2	1
3579	NRAS	5220	SRSF8	1
3579	NRAS	5891	UGT3A1	1
3579	NRAS	4422	RAG2	1
3579	NRAS	4031	PLK2	1
3579	NRAS	4019	PLEKHG4	1
3579	NRAS	6118	ZBTB34	1
3579	NRAS	5885	UFSP1	1
3579	NRAS	5195	SQOR	1
3579	NRAS	4448	RASGEF1C	1
3579	NRAS	4607	RNF20	1
3579	NRAS	5886	UGCG	1
3579	NRAS	5567	TMEM86B	1
3579	NRAS	4151	PPM1E	1
3579	NRAS	3699	OR52B2	1
3579	NRAS	5771	TTLL3	1
3579	NRAS	5607	TNNT3	1
3579	NRAS	6161	ZFP37	1
3579	NRAS	5892	UHMK1	1
3579	NRAS	4663	RPL39	1
3579	NRAS	4379	RAB33B	1
3579	NRAS	6239	ZNF33A	1
3579	NRAS	4268	PRTN3	1
3579	NRAS	4086	POLE	1
3579	NRAS	4859	SERPINB12	1
3579	NRAS	5294	SULT1B1	1
3579	NRAS	6375	ZZZ3	1
3579	NRAS	5196	SQSTM1	1
3579	NRAS	5978	VPS13C	1
3579	NRAS	5409	TCHHL1	1
3579	NRAS	5606	TNNI3K	1
3579	NRAS	3666	OLIG2	1
3579	NRAS	4306	PSMF1	1
3579	NRAS	4075	POFUT1	1
3579	NRAS	4904	SGMS1	1
3579	NRAS	4785	SCARF1	1
3579	NRAS	6297	ZNF608	1
3579	NRAS	6245	ZNF383	1
3579	NRAS	6158	ZFP2	1
3579	NRAS	6278	ZNF556	1
3579	NRAS	5995	VTI1A	1
3579	NRAS	4678	RPS14	1
3579	NRAS	3708	OR7A10	1
3579	NRAS	5981	VPS33A	1
3579	NRAS	6190	ZNF132	1
3579	NRAS	3879	PDSS2	1
3579	NRAS	5752	TSPYL5	1
3579	NRAS	5687	TRIM21	1
3579	NRAS	5208	SRP54	1
3579	NRAS	3678	OR13A1	1
3579	NRAS	5219	SRSF1	1
3579	NRAS	5461	THRSP	1
3579	NRAS	5071	SMC4	1
3579	NRAS	3590	NSA2	1
3579	NRAS	6264	ZNF485	1
3579	NRAS	4080	POLB	1
3579	NRAS	5776	TTTY13	1
3579	NRAS	4728	RTEL1	1
3579	NRAS	5947	UTP14A	1
3579	NRAS	6090	YES1	1
3579	NRAS	5651	TPH1	1
3579	NRAS	5450	THAP10	1
3579	NRAS	6358	ZNHIT3	1
3579	NRAS	5201	SRD5A3	1
3579	NRAS	3882	PDZD8	1
3579	NRAS	3797	PCBP2P1	1
3579	NRAS	4707	RREB1	1
3579	NRAS	5529	TMEM150A	1
3579	NRAS	5829	UBE2D4	1
3579	NRAS	4580	RMI2	1
3579	NRAS	5414	TCTE1	1
3579	NRAS	5171	SPHK1	1
3579	NRAS	4924	SH3TC2	1
3579	NRAS	4843	SEMA7A	1
3579	NRAS	5120	SNTB2	1
3579	NRAS	4082	POLD3	1
3579	NRAS	5460	THRA	1
3579	NRAS	4055	PMF1	1
3579	NRAS	5969	VGLL2	1
3579	NRAS	5354	TAF6	1
3579	NRAS	4595	RNF128	1
3579	NRAS	4373	RAB22A	1
3579	NRAS	5536	TMEM184A	1
3579	NRAS	4131	POU4F1	1
3579	NRAS	4568	RIOK1	1
3579	NRAS	3675	OR10A7	1
3579	NRAS	6360	ZNRF1	1
3579	NRAS	5525	TMEM135	1
3579	NRAS	5184	SPPL2B	1
3579	NRAS	5343	TAF1	1
3579	NRAS	4891	SFPQ	1
3579	NRAS	5457	THOC7	1
3579	NRAS	6369	ZSCAN9	1
3579	NRAS	3956	PIGV	1
3579	NRAS	5626	TOMM40	1
3579	NRAS	5515	TMEM109	1
3579	NRAS	5777	TTTY6	1
3579	NRAS	3610	NUB1	1
3579	NRAS	5314	SVEP1	1
3579	NRAS	4377	RAB29	1
3579	NRAS	5970	VHL	1
3579	NRAS	4640	RPIA	1
3579	NRAS	4681	RPS17	1
3579	NRAS	5879	UCHL5	1
3579	NRAS	4449	RASGRF2	1
3579	NRAS	4384	RAB3IP	1
3579	NRAS	4531	RFPL2	1
3579	NRAS	5230	SSR3	1
3579	NRAS	5018	SLC35G2	1
3579	NRAS	4881	SF3A1	1
3579	NRAS	3983	PKD1L3	1
3579	NRAS	6041	WNK3	1
3579	NRAS	3939	PI3	1
3579	NRAS	5415	TCTE3	1
3579	NRAS	4969	SLC15A3	1
3579	NRAS	4108	POLR2J	1
3579	NRAS	4992	SLC25A28	1
3579	NRAS	5352	TAF5	1
3579	NRAS	6362	ZNRF3	1
3579	NRAS	3850	PDCD5	1
3579	NRAS	4735	RTN4RL2	1
3579	NRAS	5242	ST8SIA3	1
3579	NRAS	5840	UBE2K	1
3579	NRAS	4387	RAB5B	1
3579	NRAS	5403	TCERG1	1
3579	NRAS	5901	UNC45A	1
3579	NRAS	4085	POLDIP3	1
3579	NRAS	6341	ZNF775	1
3579	NRAS	4451	RASL11A	1
3579	NRAS	5202	SREBF2	1
3579	NRAS	5081	SMN1	1
3579	NRAS	4972	SLC17A7	1
3579	NRAS	6231	ZNF32	1
3579	NRAS	4920	SH3GLB1	1
3579	NRAS	3588	NRM	1
3579	NRAS	5437	TFCP2L1	1
3579	NRAS	4661	RPL37AP1	1
3579	NRAS	4795	SCN8A	1
3579	NRAS	5256	STAU2	1
3579	NRAS	6058	XAGE3	1
3579	NRAS	4436	RAP1GDS1	1
3579	NRAS	4984	SLC25A1	1
3579	NRAS	4643	RPL13	1
3579	NRAS	4990	SLC25A2	1
3579	NRAS	5792	TUBGCP5	1
3579	NRAS	4848	SENP5	1
3579	NRAS	5006	SLC2A2	1
3579	NRAS	6343	ZNF777	1
3579	NRAS	4710	RRM2B	1
3579	NRAS	3916	PHC3	1
3579	NRAS	4226	PRLR	1
3579	NRAS	5293	SULT1A2	1
3579	NRAS	4544	RGS22	1
3579	NRAS	4510	REG1A	1
3579	NRAS	5893	UHRF2	1
3579	NRAS	5188	SPRY2	1
3579	NRAS	4929	SHE	1
3579	NRAS	5905	UPF1	1
3579	NRAS	4583	RN7SL8P	1
3579	NRAS	6336	ZNF76	1
3579	NRAS	3911	PGPEP1	1
3579	NRAS	3830	PCGF2	1
3579	NRAS	4409	RAD51AP2	1
3579	NRAS	4852	SEP-04	1
3579	NRAS	5423	TEF	1
3579	NRAS	5241	ST7	1
3579	NRAS	4529	RFC5	1
3579	NRAS	4991	SLC25A26	1
3579	NRAS	4003	PLAUR	1
3579	NRAS	6219	ZNF260	1
3579	NRAS	6166	ZFX	1
3579	NRAS	4186	PQLC2	1
3579	NRAS	4329	PTPN1	1
3579	NRAS	4685	RPS25	1
3579	NRAS	3694	OR4K1	1
3579	NRAS	6045	WNT9A	1
3579	NRAS	3720	OSBPL9	1
3579	NRAS	4833	SELENOS	1
3579	NRAS	5895	ULBP2	1
3579	NRAS	4356	PYM1	1
3579	NRAS	4364	R3HDM2	1
3579	NRAS	6119	ZBTB39	1
3579	NRAS	5194	SPTY2D1	1
3579	NRAS	4416	RAD54L2	1
3579	NRAS	5505	TMCO5A	1
3579	NRAS	5125	SNX10	1
3579	NRAS	5370	TAS2R62P	1
3579	NRAS	5977	VNN1	1
3579	NRAS	4724	RSPH14	1
3579	NRAS	3726	OTOF	1
3579	NRAS	3985	PKD2L1	1
3579	NRAS	5248	STARD10	1
3579	NRAS	4459	RBBP6	1
3579	NRAS	4783	SCAMP3	1
3579	NRAS	5820	UBAC2	1
3579	NRAS	5975	VMP1	1
3579	NRAS	3680	OR1F1	1
3579	NRAS	5510	TMED8	1
3579	NRAS	4527	RFC3	1
3579	NRAS	3775	PARP12	1
3579	NRAS	5328	SYPL2	1
3579	NRAS	4004	PLB1	1
3579	NRAS	5038	SLC7A5	1
3579	NRAS	5803	TXNL4A	1
3579	NRAS	5754	TSSK1B	1
3579	NRAS	5037	SLC7A3	1
3579	NRAS	4836	SEM1	1
3579	NRAS	5346	TAF15	1
3579	NRAS	4396	RAC1	1
3579	NRAS	4144	PPIL1	1
3579	NRAS	6283	ZNF570	1
3579	NRAS	4438	RAPGEF2	1
3579	NRAS	5943	USP9X	1
3579	NRAS	3970	PINK1	1
3579	NRAS	3885	PEAK1	1
3579	NRAS	4842	SEMA4F	1
3579	NRAS	4856	SERINC1	1
3579	NRAS	5421	TEAD2	1
3579	NRAS	6141	ZCCHC13	1
3579	NRAS	5768	TTC7B	1
3579	NRAS	5277	STT3A	1
3579	NRAS	5435	TFB2M	1
3579	NRAS	5613	TNRC6C	1
3579	NRAS	6287	ZNF579	1
3579	NRAS	5910	UQCR10	1
3579	NRAS	6327	ZNF701	1
3579	NRAS	6170	ZGPAT	1
3579	NRAS	4026	PLG	1
3579	NRAS	5627	TOMM6	1
3579	NRAS	4275	PSMA1	1
3579	NRAS	3707	OR5M9	1
3579	NRAS	5555	TMEM30B	1
3579	NRAS	3833	PCID2	1
3579	NRAS	4236	PROM1	1
3579	NRAS	6017	WDR37	1
3579	NRAS	5375	TBC1D1	1
3579	NRAS	4963	SLC11A2	1
3579	NRAS	4671	RPP38	1
3579	NRAS	4218	PRKCSH	1
3579	NRAS	4666	RPL7AP13	1
3579	NRAS	5810	U2AF1	1
3579	NRAS	3683	OR2B11	1
3579	NRAS	5484	TK2	1
3579	NRAS	3749	PAFAH1B1	1
3579	NRAS	3988	PKIA	1
3579	NRAS	5822	UBC	1
3579	NRAS	6062	XKR6	1
3579	NRAS	6050	WWC1	1
3579	NRAS	5706	TRIM52	1
3579	NRAS	5944	USP9Y	1
3579	NRAS	5000	SLC26A6	1
3579	NRAS	6271	ZNF512	1
3579	NRAS	5191	SPTBN5	1
3579	NRAS	6130	ZC3H13	1
3579	NRAS	4106	POLR2H	1
3579	NRAS	3831	PCGF5	1
3579	NRAS	5297	SULT6B1	1
3579	NRAS	3967	PIM2	1
3579	NRAS	5091	SMURF2	1
3579	NRAS	5818	UBA6	1
3579	NRAS	4760	SAE1	1
3579	NRAS	4789	SCFD1	1
3579	NRAS	4256	PRR4	1
3579	NRAS	3895	PFDN1	1
3579	NRAS	4213	PRKAR2B	1
3579	NRAS	5240	ST6GALNAC5	1
3579	NRAS	5135	SOCS2	1
3579	NRAS	6274	ZNF542P	1
3579	NRAS	3629	NUP43	1
3579	NRAS	4554	RHOBTB3	1
3579	NRAS	5216	SRR	1
3579	NRAS	3759	PALMD	1
3579	NRAS	3971	PIP4K2A	1
3579	NRAS	4130	POU2F2	1
3579	NRAS	5454	THOC1	1
3579	NRAS	5128	SNX2	1
3579	NRAS	5393	TBX20	1
3579	NRAS	4265	PRSS55	1
3579	NRAS	4656	RPL35	1
3579	NRAS	5345	TAF12	1
3579	NRAS	5871	UBTF	1
3579	NRAS	4267	PRTFDC1	1
3579	NRAS	4093	POLK	1
3579	NRAS	3840	PCSK2	1
3579	NRAS	3937	PHTF1	1
3579	NRAS	6276	ZNF550	1
3579	NRAS	5222	SRXN1	1
3579	NRAS	4577	RLF	1
3579	NRAS	5564	TMEM61	1
3579	NRAS	3692	OR4E2	1
3579	NRAS	4639	RPGR	1
3579	NRAS	5333	SYTL2	1
3579	NRAS	5791	TUBGCP4	1
3579	NRAS	3689	OR2Z1	1
3579	NRAS	4914	SH2D3A	1
3579	NRAS	5474	TIMM22	1
3579	NRAS	5200	SRD5A1	1
3579	NRAS	5699	TRIM39	1
3579	NRAS	4822	SEC14L3	1
3579	NRAS	3679	OR14A16	1
3579	NRAS	5575	TMPRSS6	1
3579	NRAS	6332	ZNF74	1
3579	NRAS	4809	SDCCAG8	1
3579	NRAS	4861	SERPINB5	1
3579	NRAS	6014	WDR3	1
3579	NRAS	5093	SNAP23	1
3579	NRAS	6142	ZCCHC24	1
3579	NRAS	5631	TOP2A	1
3579	NRAS	5420	TEAD1	1
3579	NRAS	5796	TWIST1	1
3579	NRAS	6039	WFDC12	1
3579	NRAS	3733	OXA1L	1
3579	NRAS	6217	ZNF254	1
3579	NRAS	3685	OR2H2	1
3579	NRAS	4132	POU4F3	1
3579	NRAS	5830	UBE2E1	1
3579	NRAS	3664	OIP5	1
3579	NRAS	5513	TMEM102	1
3579	NRAS	4562	RIMS1	1
3579	NRAS	4682	RPS19	1
3579	NRAS	3999	PLAA	1
3579	NRAS	5939	USP49	1
3579	NRAS	4070	PNPLA4	1
3579	NRAS	5623	TOMM20	1
3579	NRAS	5008	SLC30A3	1
3579	NRAS	4677	RPS12	1
3579	NRAS	5251	STARD7	1
3579	NRAS	6252	ZNF418	1
3579	NRAS	4016	PLEKHB1	1
3579	NRAS	4956	SKP1	1
3579	NRAS	4138	PPFIA1	1
3579	NRAS	4896	SFXN2	1
3579	NRAS	6148	ZDHHC16	1
3579	NRAS	4794	SCN4A	1
3579	NRAS	4349	PWP1	1
3579	NRAS	5859	UBE3B	1
3579	NRAS	4148	PPL	1
3579	NRAS	4280	PSMA6	1
3579	NRAS	4617	RNF41	1
3579	NRAS	3647	OAF	1
3579	NRAS	4274	PSKH2	1
3579	NRAS	5928	USP30	1
3579	NRAS	4520	RETNLB	1
3579	NRAS	6178	ZMAT1	1
3579	NRAS	5521	TMEM126A	1
3579	NRAS	3923	PHF21B	1
3579	NRAS	6210	ZNF207	1
3579	NRAS	5573	TMPRSS13	1
3579	NRAS	3978	PITX2	1
3579	NRAS	3979	PIWIL4	1
3579	NRAS	6096	YME1L1	1
3579	NRAS	3846	PDCD11	1
3579	NRAS	4123	PON2	1
3579	NRAS	4196	PRDM4	1
3579	NRAS	5783	TUBB1	1
3579	NRAS	3601	NSUN7	1
3579	NRAS	5697	TRIM36	1
3579	NRAS	5361	TAP2	1
3579	NRAS	4534	RFX4	1
3579	NRAS	3859	PDE4DIP	1
3579	NRAS	4948	SIRPA	1
3579	NRAS	5857	UBE2Z	1
3579	NRAS	4790	SCFD2	1
3579	NRAS	5940	USP6	1
3579	NRAS	4284	PSMB4	1
3579	NRAS	6137	ZC3HAV1L	1
3579	NRAS	6123	ZBTB5	1
3579	NRAS	4421	RAG1	1
3579	NRAS	4732	RTN2	1
3579	NRAS	5761	TTC21B	1
3579	NRAS	5158	SPATA17	1
3579	NRAS	5150	SP4	1
3579	NRAS	4391	RAB9B	1
3579	NRAS	5535	TMEM177	1
3579	NRAS	5296	SULT4A1	1
3579	NRAS	3583	NRDC	1
3579	NRAS	6128	ZC3H10	1
3579	NRAS	4010	PLD4	1
3579	NRAS	6292	ZNF584	1
3579	NRAS	4064	PNLDC1	1
3579	NRAS	4718	RSBN1	1
3579	NRAS	5024	SLC38A4	1
3579	NRAS	4603	RNF166	1
3579	NRAS	4851	SEP-01	1
3579	NRAS	6208	ZNF2	1
3579	NRAS	5653	TPP2	1
3579	NRAS	3641	NVL	1
3579	NRAS	4746	RYR2	1
3579	NRAS	5047	SLITRK2	1
3579	NRAS	4854	SEP-14	1
3579	NRAS	4478	RBM39	1
3579	NRAS	4112	POLR3B	1
3579	NRAS	4437	RAPGEF1	1
3579	NRAS	5539	TMEM19	1
3579	NRAS	6168	ZFYVE16	1
3579	NRAS	5178	SPINK2	1
3579	NRAS	5122	SNUPN	1
3579	NRAS	4292	PSMC5	1
3579	NRAS	5123	SNW1	1
3579	NRAS	4296	PSMD12	1
3579	NRAS	4722	RSL24D1P6	1
3579	NRAS	3996	PLA2G2A	1
3579	NRAS	4931	SHKBP1	1
3579	NRAS	4239	PRPF19	1
3579	NRAS	6073	XRCC1	1
3579	NRAS	5760	TTBK2	1
3579	NRAS	3688	OR2T11	1
3579	NRAS	5725	TRNT1	1
3579	NRAS	4631	RPA2	1
3579	NRAS	4715	RRP9	1
3579	NRAS	4184	PPWD1	1
3579	NRAS	4405	RAD23B	1
3579	NRAS	4094	POLM	1
3579	NRAS	5751	TSPY26P	1
3579	NRAS	5312	SUZ12	1
3579	NRAS	5925	USP25	1
3579	NRAS	5945	USPL1	1
3579	NRAS	4654	RPL30	1
3579	NRAS	5600	TNIK	1
3579	NRAS	4286	PSMB6	1
3579	NRAS	3711	OR9A2	1
3579	NRAS	3925	PHF5A	1
3579	NRAS	5506	TMED10	1
3579	NRAS	5643	TP53I3	1
3579	NRAS	5221	SRSF9	1
3579	NRAS	3857	PDE3A	1
3579	NRAS	5330	SYT14	1
3579	NRAS	5817	UBA52	1
3579	NRAS	5118	SNRPN	1
3579	NRAS	6182	ZMYM5	1
3579	NRAS	5781	TUBAL3	1
3579	NRAS	6132	ZC3H15	1
3579	NRAS	4921	SH3PXD2B	1
3579	NRAS	3969	PIN1	1
3579	NRAS	4545	RGS5	1
3579	NRAS	4655	RPL34	1
3579	NRAS	3927	PHF7	1
3579	NRAS	5311	SUV39H2	1
3579	NRAS	3943	PIAS1	1
3579	NRAS	3627	NUP205	1
3579	NRAS	5730	TRPM2	1
3579	NRAS	3589	NRXN1	1
3579	NRAS	5747	TSPAN15	1
3579	NRAS	5446	TGIF2	1
3579	NRAS	5157	SPAST	1
3579	NRAS	5904	UNKL	1
3579	NRAS	3656	ODC1	1
3579	NRAS	5412	TCOF1	1
3579	NRAS	5873	UBXN2A	1
3579	NRAS	3625	NUP160	1
3579	NRAS	5113	SNRPC	1
3579	NRAS	4821	SEC13	1
3579	NRAS	4167	PPP2R1B	1
3579	NRAS	4301	PSMD6	1
3579	NRAS	4272	PSEN1	1
3579	NRAS	5166	SPC24	1
3579	NRAS	4098	POLR1C	1
3579	NRAS	3931	PHKBP2	1
3579	NRAS	5518	TMEM117	1
3579	NRAS	5933	USP38	1
3579	NRAS	5694	TRIM3	1
3579	NRAS	5385	TBCD	1
3579	NRAS	4017	PLEKHG2	1
3579	NRAS	4499	RCHY1	1
3579	NRAS	5702	TRIM44	1
3579	NRAS	3714	ORC5	1
3579	NRAS	5790	TUBGCP3	1
3579	NRAS	5814	UBA2	1
3579	NRAS	6016	WDR36	1
3579	NRAS	4512	RELN	1
3579	NRAS	5934	USP39	1
3579	NRAS	5052	SLU7	1
3579	NRAS	5948	UTP15	1
3579	NRAS	6126	ZBTB8OS	1
3579	NRAS	5999	WAC	1
3579	NRAS	3676	OR10AG1	1
3579	NRAS	4278	PSMA4	1
3579	NRAS	5914	URI1	1
3579	NRAS	5417	TDP1	1
3579	NRAS	5865	UBQLN2	1
3579	NRAS	5703	TRIM46	1
3579	NRAS	6087	YBX2	1
3579	NRAS	4616	RNF40	1
3579	NRAS	3880	PDX1	1
3579	NRAS	4744	RXRG	1
3579	NRAS	3786	PATZ1	1
3579	NRAS	4115	POLR3F	1
3579	NRAS	3657	ODF3L1	1
3579	NRAS	6005	WBP11P1	1
3579	NRAS	3883	PDZK1	1
3579	NRAS	4030	PLK1	1
3579	NRAS	4358	QARS	1
3579	NRAS	3690	OR4C16	1
3579	NRAS	5357	TAOK1	1
3579	NRAS	5826	UBE2D1	1
3579	NRAS	3921	PHF20	1
3579	NRAS	4279	PSMA5	1
3579	NRAS	5846	UBE2O	1
3579	NRAS	4887	SF3B6	1
3579	NRAS	4549	RHBDL2	1
3579	NRAS	4089	POLG	1
3579	NRAS	5850	UBE2R2	1
3579	NRAS	4716	RRS1	1
3579	NRAS	5813	UBA1	1
3579	NRAS	5843	UBE2M	1
3579	NRAS	5252	STAT1	1
3579	NRAS	4830	SEH1L	1
3579	NRAS	4708	RRM1	1
3579	NRAS	4484	RBM8A	1
3579	NRAS	4541	RGP1	1
3579	NRAS	3635	NUP93	1
3579	NRAS	5268	STK33	1
3579	NRAS	6133	ZC3H18	1
3579	NRAS	4285	PSMB5	1
3579	NRAS	3642	NXF1	1
3579	NRAS	5986	VPS53	1
3579	NRAS	4078	POLA1	1
3579	NRAS	3628	NUP214	1
3579	NRAS	6067	XPO1	1
3579	NRAS	4163	PPP1R8	1
3579	NRAS	5837	UBE2I	1
3579	NRAS	3584	NRDE2	1
3579	NRAS	3644	NXPE2	1
3579	NRAS	3744	PABPC4L	1
3579	NRAS	3762	PAMR1	1
3579	NRAS	3784	PATE2	1
3579	NRAS	3835	PCLAF	1
3579	NRAS	4021	PLEKHG7	1
3579	NRAS	4025	PLEKHS1	1
3579	NRAS	4028	PLIN2	1
3579	NRAS	4161	PPP1R32	1
3579	NRAS	4187	PQLC2L	1
3579	NRAS	4189	PRAMEF33	1
3579	NRAS	4212	PRKAR1B	1
3579	NRAS	4351	PXDC1	1
3579	NRAS	4539	RGCC	1
3579	NRAS	4559	RIDA	1
3579	NRAS	4575	RIPOR3	1
3579	NRAS	4637	RPF1	1
3579	NRAS	4638	RPF2	1
3579	NRAS	4648	RPL17	1
3579	NRAS	4664	RPL4	1
3579	NRAS	4670	RPP25L	1
3579	NRAS	4679	RPS15	1
3579	NRAS	4689	RPS4X	1
3579	NRAS	4726	RSRP1	1
3579	NRAS	4730	RTL6	1
3579	NRAS	4758	S1PR5	1
3579	NRAS	4778	SBK2	1
3579	NRAS	4818	SDR42E1	1
3579	NRAS	4928	SHCBP1L	1
3579	NRAS	4935	SHTN1	1
3579	NRAS	5040	SLC9A7	1
3579	NRAS	5106	SNRNP200	1
3579	NRAS	5152	SPACA7	1
3579	NRAS	5164	SPATA6L	1
3579	NRAS	5183	SPOUT1	1
3579	NRAS	5207	SRP14	1
3579	NRAS	5210	SRP72	1
3579	NRAS	5270	STMN1	1
3579	NRAS	5272	STRADA	1
3579	NRAS	5291	SUGP1	1
3579	NRAS	5326	SYNM	1
3579	NRAS	5396	TCAF2	1
3579	NRAS	5486	TLCD2	1
3579	NRAS	5543	TMEM206	1
3579	NRAS	5551	TMEM248	1
3579	NRAS	5620	TOGARAM1	1
3579	NRAS	5648	TP73-AS1	1
3579	NRAS	5705	TRIM49B	1
3579	NRAS	5713	TRMO	1
3579	NRAS	5721	TRMT5	1
3579	NRAS	5764	TTC3	1
3579	NRAS	5766	TTC39A	1
3579	NRAS	5775	TTPAL	1
3579	NRAS	5902	UNC80	1
3579	NRAS	5951	UTP4	1
3579	NRAS	6002	WASH3P	1
3579	NRAS	6033	WDR83	1
3579	NRAS	6035	WDR97	1
3579	NRAS	6052	WWC2-AS2	1
3579	NRAS	6061	XK	1
3579	NRAS	6155	ZFC3H1	1
3579	NRAS	6328	ZNF705E	1
3579	NRAS	6365	ZPR1	1
3580	NRBF2	4825	SEC23IP	1
3584	NRDE2	4501	RCOR1	1
3584	NRDE2	6106	YY1	1
3586	NRG2	3715	ORM1	1
3586	NRG2	4320	PTGS1	1
3586	NRG2	4519	RET	1
3586	NRG2	3607	NTRK1	1
3586	NRG2	3866	PDGFRA	1
3586	NRG2	3867	PDGFRB	1
3586	NRG2	4975	SLC22A1	1
3586	NRG2	4978	SLC22A2	1
3588	NRM	5782	TUBB	1
3592	NSD3	5965	VDAC3	1
3594	NSL1	4129	POU2F1	1
3594	NSL1	6316	ZNF678	1
3596	NSMCE2	4600	RNF139	1
3597	NSMCE4A	4200	PRDX3	1
3597	NSMCE4A	4897	SFXN4	1
3603	NT5E	4423	RAI14	1
3603	NT5E	4753	S100A3	1
3607	NTRK1	3861	PDE6H	1
3607	NTRK1	4175	PPP3CA	1
3607	NTRK1	4230	PRMT8	1
3607	NTRK1	4494	RCAN1	1
3607	NTRK1	4745	RYK	1
3607	NTRK1	3860	PDE6C	1
3607	NTRK1	4005	PLCB1	1
3607	NTRK1	4176	PPP3CB	1
3607	NTRK1	4495	RCAN2	1
3607	NTRK1	6043	WNT5A	1
3607	NTRK1	5219	SRSF1	1
3607	NTRK1	4853	SEP-06	1
3607	NTRK1	3684	OR2F1	1
3607	NTRK1	4036	PLOD2	1
3607	NTRK1	4357	PYROXD1	1
3607	NTRK1	4435	RAP1A	1
3607	NTRK1	4665	RPL5	1
3607	NTRK1	4757	S1PR2	1
3607	NTRK1	5125	SNX10	1
3607	NTRK1	5139	SORBS1	1
3607	NTRK1	5147	SP100	1
3607	NTRK1	5329	SYT11	1
3607	NTRK1	3618	NUDT3	1
3607	NTRK1	4023	PLEKHM1	1
3607	NTRK1	4160	PPP1R2	1
3607	NTRK1	4831	SEL1L	1
3607	NTRK1	4876	SETMAR	1
3607	NTRK1	4780	SCAF11	1
3607	NTRK1	4956	SKP1	1
3607	NTRK1	5059	SMARCA1	1
3607	NTRK1	5190	SPTB	1
3607	NTRK1	5204	SRI	1
3607	NTRK1	5313	SV2B	1
3607	NTRK1	5369	TAS2R14	1
3607	NTRK1	5449	THAP1	1
3607	NTRK1	5595	TNFRSF9	1
3607	NTRK1	5881	UCP2	1
3607	NTRK1	6194	ZNF140	1
3607	NTRK1	4443	RARA	1
3607	NTRK1	4656	RPL35	1
3607	NTRK1	4736	RTP4	1
3607	NTRK1	5488	TLE1	1
3607	NTRK1	5512	TMEFF1	1
3607	NTRK1	5690	TRIM24	1
3607	NTRK1	5709	TRIP11	1
3607	NTRK1	5858	UBE3A	1
3607	NTRK1	4775	SAT1	1
3607	NTRK1	5384	TBCCD1	1
3607	NTRK1	5652	TPM1	1
3607	NTRK1	4871	SESTD1	1
3607	NTRK1	5148	SP110	1
3607	NTRK1	5818	UBA6	1
3607	NTRK1	6262	ZNF473	1
3607	NTRK1	4659	RPL36A	1
3607	NTRK1	4217	PRKCQ	1
3607	NTRK1	6363	ZP3	1
3607	NTRK1	5481	TJP1	1
3607	NTRK1	5727	TROVE2	1
3607	NTRK1	5034	SLC50A1	1
3607	NTRK1	5433	TFAP2B	1
3607	NTRK1	4650	RPL21	1
3607	NTRK1	5947	UTP14A	1
3607	NTRK1	3859	PDE4DIP	1
3607	NTRK1	5890	UGT1A7	1
3607	NTRK1	3906	PGLS	1
3607	NTRK1	3873	PDLIM5	1
3607	NTRK1	5119	SNTA1	1
3607	NTRK1	3900	PGAP2	1
3615	NUDT1	5270	STMN1	1
3615	NUDT1	5770	TTK	1
3617	NUDT21	4998	SLC25A40	1
3617	NUDT21	4803	SCYL2	1
3617	NUDT21	5507	TMED2	1
3617	NUDT21	6213	ZNF227	1
3617	NUDT21	5822	UBC	1
3617	NUDT21	6344	ZNF780A	1
3618	NUDT3	3715	ORM1	1
3618	NUDT3	4320	PTGS1	1
3618	NUDT3	4519	RET	1
3618	NUDT3	3866	PDGFRA	1
3618	NUDT3	3867	PDGFRB	1
3618	NUDT3	4975	SLC22A1	1
3618	NUDT3	4978	SLC22A2	1
3621	NUMA1	4880	SF1	1
3623	NUP153	3753	PAK1IP1	1
3624	NUP155	4400	RAD1	1
3625	NUP160	6314	ZNF670	1
3625	NUP160	4599	RNF138	1
3625	NUP160	4761	SAFB	1
3626	NUP188	4059	PMPCA	1
3627	NUP205	6211	ZNF212	1
3627	NUP205	6223	ZNF273	1
3630	NUP54	3751	PAICS	1
3630	NUP54	4100	POLR2B	1
3630	NUP54	4525	RFC1	1
3632	NUP62	3774	PARP1	1
3632	NUP62	4241	PRPF31	1
3632	NUP62	4741	RUVBL2	1
3633	NUP85	4768	SAP30BP	1
3642	NXF1	4163	PPP1R8	1
3646	NXT2	4294	PSMD10	1
3648	OAS1	5147	SP100	1
3653	OCEL1	6091	YIPF2	1
3654	OCRL	5398	TCEAL1	1
3654	OCRL	6151	ZDHHC9	1
3659	OFD1	3930	PHKA2	1
3660	OGDH	5392	TBRG4	1
3660	OGDH	6179	ZMIZ2	1
3664	OIP5	4586	RNASEH2A	1
3665	OLFM4	5578	TNF	1
3677	OR10J1	4347	PURG	1
3681	OR1I1	5033	SLC4A1	1
3684	OR2F1	3715	ORM1	1
3684	OR2F1	4320	PTGS1	1
3684	OR2F1	4519	RET	1
3684	OR2F1	3866	PDGFRA	1
3684	OR2F1	3867	PDGFRB	1
3684	OR2F1	4975	SLC22A1	1
3684	OR2F1	4978	SLC22A2	1
3710	OR8B8	5575	TMPRSS6	1
3712	ORAOV1	4138	PPFIA1	1
3715	ORM1	3716	ORM2	1
3715	ORM1	3861	PDE6H	1
3715	ORM1	4175	PPP3CA	1
3715	ORM1	4230	PRMT8	1
3715	ORM1	4494	RCAN1	1
3715	ORM1	4745	RYK	1
3715	ORM1	3860	PDE6C	1
3715	ORM1	4005	PLCB1	1
3715	ORM1	4176	PPP3CB	1
3715	ORM1	4495	RCAN2	1
3715	ORM1	6043	WNT5A	1
3715	ORM1	5219	SRSF1	1
3715	ORM1	4853	SEP-06	1
3715	ORM1	4036	PLOD2	1
3715	ORM1	4357	PYROXD1	1
3715	ORM1	4435	RAP1A	1
3715	ORM1	4665	RPL5	1
3715	ORM1	4757	S1PR2	1
3715	ORM1	5125	SNX10	1
3715	ORM1	5139	SORBS1	1
3715	ORM1	5147	SP100	1
3715	ORM1	5329	SYT11	1
3715	ORM1	4023	PLEKHM1	1
3715	ORM1	4160	PPP1R2	1
3715	ORM1	4831	SEL1L	1
3715	ORM1	4876	SETMAR	1
3715	ORM1	4780	SCAF11	1
3715	ORM1	4956	SKP1	1
3715	ORM1	5059	SMARCA1	1
3715	ORM1	5190	SPTB	1
3715	ORM1	5204	SRI	1
3715	ORM1	5313	SV2B	1
3715	ORM1	5369	TAS2R14	1
3715	ORM1	5449	THAP1	1
3715	ORM1	5595	TNFRSF9	1
3715	ORM1	5881	UCP2	1
3715	ORM1	6194	ZNF140	1
3715	ORM1	4443	RARA	1
3715	ORM1	4656	RPL35	1
3715	ORM1	4736	RTP4	1
3715	ORM1	5488	TLE1	1
3715	ORM1	5512	TMEFF1	1
3715	ORM1	5690	TRIM24	1
3715	ORM1	5709	TRIP11	1
3715	ORM1	5858	UBE3A	1
3715	ORM1	4775	SAT1	1
3715	ORM1	5384	TBCCD1	1
3715	ORM1	5652	TPM1	1
3715	ORM1	4871	SESTD1	1
3715	ORM1	5148	SP110	1
3715	ORM1	5818	UBA6	1
3715	ORM1	6262	ZNF473	1
3715	ORM1	4659	RPL36A	1
3715	ORM1	4217	PRKCQ	1
3715	ORM1	6363	ZP3	1
3715	ORM1	5481	TJP1	1
3715	ORM1	5727	TROVE2	1
3715	ORM1	5034	SLC50A1	1
3715	ORM1	5433	TFAP2B	1
3715	ORM1	4650	RPL21	1
3715	ORM1	5947	UTP14A	1
3715	ORM1	3859	PDE4DIP	1
3715	ORM1	5890	UGT1A7	1
3715	ORM1	3906	PGLS	1
3715	ORM1	3873	PDLIM5	1
3715	ORM1	5119	SNTA1	1
3715	ORM1	3900	PGAP2	1
3718	OSBPL2	5179	SPINT1	1
3719	OSBPL8	6149	ZDHHC17	1
3721	OSGEPL1	4955	SKIV2L2	1
3721	OSGEPL1	4401	RAD17	1
3721	OSGEPL1	4069	PNO1	1
3721	OSGEPL1	4225	PRKRA	1
3724	OSMR	3935	PHLDB2	1
3724	OSMR	4011	PLEC	1
3724	OSMR	4169	PPP2R3A	1
3724	OSMR	4423	RAI14	1
3724	OSMR	4447	RASAL2	1
3724	OSMR	4747	S100A10	1
3724	OSMR	4748	S100A11	1
3724	OSMR	4807	SDC4	1
3724	OSMR	4979	SLC22A4	1
3724	OSMR	5091	SMURF2	1
3724	OSMR	5493	TM4SF1	1
3728	OTUD6B	4110	POLR2K	1
3731	OVOL1	4890	SFN	1
3732	OVOL2	4427	RALGPS1	1
3733	OXA1L	4660	RPL36AL	1
3737	P2RY2	4890	SFN	1
3737	P2RY2	5228	SSH3	1
3739	P3H2	4169	PPP2R3A	1
3739	P3H2	4423	RAI14	1
3740	P4HA2	4749	S100A13	1
3740	P4HA2	5895	ULBP2	1
3741	P4HB	4811	SDF4	1
3742	PA2G4	5572	TMPO	1
3745	PABPN1	5312	SUZ12	1
3746	PACS2	5276	STRN4	1
3748	PAF1	4760	SAE1	1
3748	PAF1	5110	SNRNP70	1
3748	PAF1	5321	SYMPK	1
3750	PAFAH1B3	4760	SAE1	1
3752	PAK1	4708	RRM1	1
3752	PAK1	5807	TYMS	1
3752	PAK1	5003	SLC29A1	1
3752	PAK1	5002	SLC28A1	1
3752	PAK1	5004	SLC29A2	1
3753	PAK1IP1	4568	RIOK1	1
3754	PAK3	4903	SGK2	1
3754	PAK3	5639	TP53	1
3758	PALLD	5444	TGFB1I1	1
3761	PAM16	5085	SMPD2	1
3763	PAN2	6119	ZBTB39	1
3763	PAN2	3837	PCMTD2	1
3764	PAN3	5302	SUPT20H	1
3765	PANK2	4708	RRM1	1
3765	PANK2	5807	TYMS	1
3765	PANK2	5003	SLC29A1	1
3765	PANK2	5002	SLC28A1	1
3765	PANK2	5004	SLC29A2	1
3766	PANK4	5839	UBE2J2	1
3768	PAPOLA	4172	PPP2R5C	1
3768	PAPOLA	5123	SNW1	1
3768	PAPOLA	5417	TDP1	1
3768	PAPOLA	5989	VRK1	1
3768	PAPOLA	6013	WDR20	1
3768	PAPOLA	6106	YY1	1
3769	PAPOLG	5868	UBR5	1
3769	PAPOLG	6140	ZCCHC11	1
3770	PARD6B	3992	PKP2	1
3771	PARG	3774	PARP1	1
3773	PARL	4106	POLR2H	1
3774	PARP1	4581	RMND5A	1
3774	PARP1	4628	ROS1	1
3774	PARP1	6057	XAB2	1
3774	PARP1	4406	RAD50	1
3774	PARP1	5630	TOP1	1
3774	PARP1	5055	SMAD3	1
3774	PARP1	4136	PPARA	1
3774	PARP1	5920	USP11	1
3774	PARP1	5416	TDG	1
3774	PARP1	6064	XPA	1
3774	PARP1	4056	PML	1
3774	PARP1	3841	PCSK9	1
3774	PARP1	4328	PTPA	1
3774	PARP1	5923	USP21	1
3774	PARP1	4223	PRKDC	1
3774	PARP1	4255	PRR3	1
3774	PARP1	6109	ZBED4	1
3774	PARP1	3778	PARP2	1
3774	PARP1	5253	STAT3	1
3774	PARP1	5641	TP53BP1	1
3774	PARP1	3959	PIK3CA	1
3774	PARP1	5225	SSBP1	1
3774	PARP1	5639	TP53	1
3774	PARP1	4099	POLR2A	1
3774	PARP1	4644	RPL13A	1
3774	PARP1	4708	RRM1	1
3774	PARP1	4094	POLM	1
3774	PARP1	4491	RBX1	1
3774	PARP1	4061	PMS2	1
3774	PARP1	5918	USP1	1
3774	PARP1	4086	POLE	1
3774	PARP1	4405	RAD23B	1
3774	PARP1	4511	RELA	1
3774	PARP1	6046	WRAP53	1
3774	PARP1	4150	PPM1D	1
3774	PARP1	4870	SESN2	1
3774	PARP1	4083	POLD4	1
3774	PARP1	4081	POLD1	1
3774	PARP1	4417	RAD9A	1
3774	PARP1	5585	TNFRSF10B	1
3774	PARP1	5903	UNG	1
3774	PARP1	6074	XRCC2	1
3774	PARP1	6116	ZBTB32	1
3774	PARP1	6076	XRCC4	1
3774	PARP1	4315	PTEN	1
3774	PARP1	4407	RAD51	1
3774	PARP1	4403	RAD21	1
3774	PARP1	5068	SMC1A	1
3774	PARP1	5070	SMC3	1
3774	PARP1	5243	STAG1	1
3774	PARP1	5245	STAG3	1
3778	PARP2	5480	TIPARP	1
3778	PARP2	4644	RPL13A	1
3778	PARP2	4099	POLR2A	1
3778	PARP2	4708	RRM1	1
3778	PARP2	4417	RAD9A	1
3778	PARP2	4407	RAD51	1
3778	PARP2	4086	POLE	1
3778	PARP2	4083	POLD4	1
3778	PARP2	5918	USP1	1
3778	PARP2	6046	WRAP53	1
3778	PARP2	4491	RBX1	1
3778	PARP2	4094	POLM	1
3778	PARP2	5585	TNFRSF10B	1
3778	PARP2	4405	RAD23B	1
3778	PARP2	4511	RELA	1
3778	PARP2	4081	POLD1	1
3778	PARP2	4870	SESN2	1
3778	PARP2	5225	SSBP1	1
3778	PARP2	6116	ZBTB32	1
3778	PARP2	4150	PPM1D	1
3778	PARP2	5903	UNG	1
3778	PARP2	5243	STAG1	1
3778	PARP2	5245	STAG3	1
3778	PARP2	4403	RAD21	1
3778	PARP2	5068	SMC1A	1
3778	PARP2	5070	SMC3	1
3781	PARVA	5091	SMURF2	1
3781	PARVA	4035	PLOD1	1
3785	PATJ	5602	TNK1	1
3785	PATJ	3897	PFKFB2	1
3785	PATJ	5340	TACSTD2	1
3785	PATJ	4857	SERINC2	1
3786	PATZ1	4086	POLE	1
3786	PATZ1	5202	SREBF2	1
3792	PAXIP1	4719	RSBN1L	1
3792	PAXIP1	4998	SLC25A40	1
3792	PAXIP1	6346	ZNF786	1
3793	PBK	4087	POLE2	1
3793	PBK	4528	RFC4	1
3793	PBK	5807	TYMS	1
3794	PBOV1	3965	PILRA	1
3798	PCBP4	5784	TUBB3	1
3799	PCDHA1	3808	PCDHAC1	1
3800	PCDHA10	3801	PCDHA2	1
3800	PCDHA10	3803	PCDHA4	1
3800	PCDHA10	3808	PCDHAC1	1
3802	PCDHA3	3808	PCDHAC1	1
3802	PCDHA3	3809	PCDHAC2	1
3804	PCDHA5	3808	PCDHAC1	1
3805	PCDHA6	3806	PCDHA8	1
3805	PCDHA6	3807	PCDHA9	1
3806	PCDHA8	3808	PCDHAC1	1
3807	PCDHA9	3808	PCDHAC1	1
3807	PCDHA9	3809	PCDHAC2	1
3808	PCDHAC1	3809	PCDHAC2	1
3810	PCDHB10	3812	PCDHB2	1
3811	PCDHB13	3812	PCDHB2	1
3812	PCDHB2	3813	PCDHB5	1
3812	PCDHB2	3814	PCDHB6	1
3816	PCDHGA1	3825	PCDHGB5	1
3816	PCDHGA1	3822	PCDHGA9	1
3816	PCDHGA1	3829	PCDHGC5	1
3817	PCDHGA10	3823	PCDHGB2	1
3817	PCDHGA10	3824	PCDHGB3	1
3817	PCDHGA10	3825	PCDHGB5	1
3817	PCDHGA10	3829	PCDHGC5	1
3818	PCDHGA2	3828	PCDHGC3	1
3819	PCDHGA3	3828	PCDHGC3	1
3819	PCDHGA3	3829	PCDHGC5	1
3820	PCDHGA4	3826	PCDHGB6	1
3821	PCDHGA8	3827	PCDHGB7	1
3821	PCDHGA8	3828	PCDHGC3	1
3823	PCDHGB2	3829	PCDHGC5	1
3824	PCDHGB3	3828	PCDHGC3	1
3826	PCDHGB6	3829	PCDHGC5	1
3827	PCDHGB7	3829	PCDHGC5	1
3828	PCDHGC3	3829	PCDHGC5	1
3829	PCDHGC5	5156	SPARC	1
3834	PCIF1	4428	RALY	1
3835	PCLAF	5114	SNRPD1	1
3835	PCLAF	4143	PPIH	1
3835	PCLAF	3838	PCNA	1
3835	PCLAF	4087	POLE2	1
3835	PCLAF	5111	SNRPA	1
3835	PCLAF	5071	SMC4	1
3835	PCLAF	5270	STMN1	1
3835	PCLAF	4079	POLA2	1
3836	PCMT1	4602	RNF146	1
3836	PCMT1	5994	VTA1	1
3838	PCNA	5070	SMC3	1
3838	PCNA	5721	TRMT5	1
3845	PDCD10	4386	RAB5A	1
3845	PDCD10	5439	TFG	1
3845	PDCD10	5887	UGP2	1
3846	PDCD11	4973	SLC19A1	1
3848	PDCD2L	4072	PNPT1	1
3855	PDE12	5729	TRPC7	1
3855	PDE12	4359	QRICH1	1
3855	PDE12	4997	SLC25A38	1
3857	PDE3A	5783	TUBB1	1
3857	PDE3A	5042	SLCO1B3	1
3858	PDE4C	5217	SRRM1	1
3858	PDE4C	4893	SFTPB	1
3858	PDE4C	5357	TAOK1	1
3858	PDE4C	4199	PRDX2	1
3859	PDE4DIP	4320	PTGS1	1
3859	PDE4DIP	4519	RET	1
3859	PDE4DIP	3866	PDGFRA	1
3859	PDE4DIP	3867	PDGFRB	1
3859	PDE4DIP	4975	SLC22A1	1
3859	PDE4DIP	4978	SLC22A2	1
3860	PDE6C	4320	PTGS1	1
3860	PDE6C	4519	RET	1
3860	PDE6C	3866	PDGFRA	1
3860	PDE6C	3867	PDGFRB	1
3860	PDE6C	4975	SLC22A1	1
3860	PDE6C	4978	SLC22A2	1
3861	PDE6H	4320	PTGS1	1
3861	PDE6H	4519	RET	1
3861	PDE6H	3866	PDGFRA	1
3861	PDE6H	3867	PDGFRB	1
3861	PDE6H	4975	SLC22A1	1
3861	PDE6H	4978	SLC22A2	1
3862	PDE7A	4466	RBM12B	1
3863	PDE8A	5748	TSPAN3	1
3865	PDGFC	5129	SNX21	1
3865	PDGFC	4036	PLOD2	1
3866	PDGFRA	4175	PPP3CA	1
3866	PDGFRA	4230	PRMT8	1
3866	PDGFRA	4494	RCAN1	1
3866	PDGFRA	4745	RYK	1
3866	PDGFRA	4005	PLCB1	1
3866	PDGFRA	4176	PPP3CB	1
3866	PDGFRA	4495	RCAN2	1
3866	PDGFRA	6043	WNT5A	1
3866	PDGFRA	5219	SRSF1	1
3866	PDGFRA	4853	SEP-06	1
3866	PDGFRA	4036	PLOD2	1
3866	PDGFRA	4357	PYROXD1	1
3866	PDGFRA	4435	RAP1A	1
3866	PDGFRA	4665	RPL5	1
3866	PDGFRA	4757	S1PR2	1
3866	PDGFRA	5125	SNX10	1
3866	PDGFRA	5139	SORBS1	1
3866	PDGFRA	5147	SP100	1
3866	PDGFRA	5329	SYT11	1
3866	PDGFRA	4023	PLEKHM1	1
3866	PDGFRA	4160	PPP1R2	1
3866	PDGFRA	4831	SEL1L	1
3866	PDGFRA	4876	SETMAR	1
3866	PDGFRA	4780	SCAF11	1
3866	PDGFRA	4956	SKP1	1
3866	PDGFRA	5059	SMARCA1	1
3866	PDGFRA	5190	SPTB	1
3866	PDGFRA	5204	SRI	1
3866	PDGFRA	5313	SV2B	1
3866	PDGFRA	5369	TAS2R14	1
3866	PDGFRA	5449	THAP1	1
3866	PDGFRA	5595	TNFRSF9	1
3866	PDGFRA	5881	UCP2	1
3866	PDGFRA	6194	ZNF140	1
3866	PDGFRA	4443	RARA	1
3866	PDGFRA	4656	RPL35	1
3866	PDGFRA	4736	RTP4	1
3866	PDGFRA	5488	TLE1	1
3866	PDGFRA	5512	TMEFF1	1
3866	PDGFRA	5690	TRIM24	1
3866	PDGFRA	5709	TRIP11	1
3866	PDGFRA	5858	UBE3A	1
3866	PDGFRA	4775	SAT1	1
3866	PDGFRA	5384	TBCCD1	1
3866	PDGFRA	5652	TPM1	1
3866	PDGFRA	4871	SESTD1	1
3866	PDGFRA	5148	SP110	1
3866	PDGFRA	5818	UBA6	1
3866	PDGFRA	6262	ZNF473	1
3866	PDGFRA	4659	RPL36A	1
3866	PDGFRA	4217	PRKCQ	1
3866	PDGFRA	6363	ZP3	1
3866	PDGFRA	5481	TJP1	1
3866	PDGFRA	5727	TROVE2	1
3866	PDGFRA	5034	SLC50A1	1
3866	PDGFRA	5433	TFAP2B	1
3866	PDGFRA	4650	RPL21	1
3866	PDGFRA	5947	UTP14A	1
3866	PDGFRA	5890	UGT1A7	1
3866	PDGFRA	3906	PGLS	1
3866	PDGFRA	3873	PDLIM5	1
3866	PDGFRA	5119	SNTA1	1
3866	PDGFRA	3900	PGAP2	1
3867	PDGFRB	6038	WEE1	1
3867	PDGFRB	5639	TP53	1
3867	PDGFRB	4175	PPP3CA	1
3867	PDGFRB	4230	PRMT8	1
3867	PDGFRB	4494	RCAN1	1
3867	PDGFRB	4745	RYK	1
3867	PDGFRB	4005	PLCB1	1
3867	PDGFRB	4176	PPP3CB	1
3867	PDGFRB	4495	RCAN2	1
3867	PDGFRB	6043	WNT5A	1
3867	PDGFRB	5219	SRSF1	1
3867	PDGFRB	4853	SEP-06	1
3867	PDGFRB	4036	PLOD2	1
3867	PDGFRB	4357	PYROXD1	1
3867	PDGFRB	4435	RAP1A	1
3867	PDGFRB	4665	RPL5	1
3867	PDGFRB	4757	S1PR2	1
3867	PDGFRB	5125	SNX10	1
3867	PDGFRB	5139	SORBS1	1
3867	PDGFRB	5147	SP100	1
3867	PDGFRB	5329	SYT11	1
3867	PDGFRB	4023	PLEKHM1	1
3867	PDGFRB	4160	PPP1R2	1
3867	PDGFRB	4831	SEL1L	1
3867	PDGFRB	4876	SETMAR	1
3867	PDGFRB	4780	SCAF11	1
3867	PDGFRB	4956	SKP1	1
3867	PDGFRB	5059	SMARCA1	1
3867	PDGFRB	5190	SPTB	1
3867	PDGFRB	5204	SRI	1
3867	PDGFRB	5313	SV2B	1
3867	PDGFRB	5369	TAS2R14	1
3867	PDGFRB	5449	THAP1	1
3867	PDGFRB	5595	TNFRSF9	1
3867	PDGFRB	5881	UCP2	1
3867	PDGFRB	6194	ZNF140	1
3867	PDGFRB	4443	RARA	1
3867	PDGFRB	4656	RPL35	1
3867	PDGFRB	4736	RTP4	1
3867	PDGFRB	5488	TLE1	1
3867	PDGFRB	5512	TMEFF1	1
3867	PDGFRB	5690	TRIM24	1
3867	PDGFRB	5709	TRIP11	1
3867	PDGFRB	5858	UBE3A	1
3867	PDGFRB	4775	SAT1	1
3867	PDGFRB	5384	TBCCD1	1
3867	PDGFRB	5652	TPM1	1
3867	PDGFRB	4871	SESTD1	1
3867	PDGFRB	5148	SP110	1
3867	PDGFRB	5818	UBA6	1
3867	PDGFRB	6262	ZNF473	1
3867	PDGFRB	4659	RPL36A	1
3867	PDGFRB	4217	PRKCQ	1
3867	PDGFRB	6363	ZP3	1
3867	PDGFRB	5481	TJP1	1
3867	PDGFRB	5727	TROVE2	1
3867	PDGFRB	5034	SLC50A1	1
3867	PDGFRB	5433	TFAP2B	1
3867	PDGFRB	4650	RPL21	1
3867	PDGFRB	5947	UTP14A	1
3867	PDGFRB	5890	UGT1A7	1
3867	PDGFRB	3906	PGLS	1
3867	PDGFRB	3873	PDLIM5	1
3867	PDGFRB	5119	SNTA1	1
3867	PDGFRB	3900	PGAP2	1
3869	PDHB	4301	PSMD6	1
3871	PDIK1L	6189	ZNF124	1
3871	PDIK1L	4781	SCAI	1
3873	PDLIM5	4320	PTGS1	1
3873	PDLIM5	4519	RET	1
3873	PDLIM5	4975	SLC22A1	1
3873	PDLIM5	4978	SLC22A2	1
3874	PDP1	4002	PLAT	1
3875	PDPK1	5941	USP7	1
3875	PDPK1	6266	ZNF500	1
3875	PDPK1	5424	TELO2	1
3875	PDPK1	4708	RRM1	1
3875	PDPK1	5807	TYMS	1
3875	PDPK1	5003	SLC29A1	1
3875	PDPK1	5002	SLC28A1	1
3875	PDPK1	5004	SLC29A2	1
3876	PDRG1	4419	RAE1	1
3878	PDSS1	5218	SRRT	1
3878	PDSS1	4407	RAD51	1
3880	PDX1	3932	PHKG1	1
3880	PDX1	4162	PPP1R3A	1
3884	PEA15	6056	WWTR1	1
3888	PERP	4914	SH2D3A	1
3889	PES1	4713	RRP1	1
3889	PES1	5714	TRMT1	1
3889	PES1	5096	SNAPC4	1
3889	PES1	4097	POLR1B	1
3889	PES1	5720	TRMT2A	1
3890	PEX1	5783	TUBB1	1
3890	PEX1	5042	SLCO1B3	1
3892	PEX16	5872	UBXN1	1
3893	PEX2	4069	PNO1	1
3893	PEX2	5836	UBE2H	1
3893	PEX2	4369	RAB1A	1
3893	PEX2	4600	RNF139	1
3893	PEX2	4559	RIDA	1
3896	PFDN5	4668	RPLP0	1
3897	PFKFB2	5482	TJP3	1
3899	PGAM5	5392	TBRG4	1
3900	PGAP2	4320	PTGS1	1
3900	PGAP2	4519	RET	1
3900	PGAP2	4975	SLC22A1	1
3900	PGAP2	4978	SLC22A2	1
3901	PGAP3	6040	WIPF2	1
3902	PGF	6074	XRCC2	1
3904	PGGT1B	5128	SNX2	1
3906	PGLS	4946	SIN3B	1
3906	PGLS	4071	PNPLA6	1
3906	PGLS	4320	PTGS1	1
3906	PGLS	4519	RET	1
3906	PGLS	4975	SLC22A1	1
3906	PGLS	4978	SLC22A2	1
3909	PGM3	4445	RARS2	1
3915	PHB2	5111	SNRPA	1
3915	PHB2	5797	TWNK	1
3917	PHF1	6371	ZSWIM8	1
3920	PHF2	5759	TSTD2	1
3920	PHF2	6269	ZNF510	1
3922	PHF21A	4502	RCOR3	1
3922	PHF21A	6028	WDR7	1
3925	PHF5A	4497	RCC1	1
3926	PHF6	6226	ZNF280C	1
3926	PHF6	5455	THOC2	1
3926	PHF6	5961	VBP1	1
3927	PHF7	5339	TACR1	1
3928	PHF8	4464	RBM10	1
3933	PHLDA1	4232	PRNP	1
3933	PHLDA1	5186	SPRED1	1
3933	PHLDA1	4139	PPFIBP1	1
3934	PHLDB1	4330	PTPN14	1
3935	PHLDB2	4232	PRNP	1
3936	PHOX2B	4967	SLC13A1	1
3940	PI4K2A	4708	RRM1	1
3940	PI4K2A	5807	TYMS	1
3940	PI4K2A	5003	SLC29A1	1
3940	PI4K2A	5002	SLC28A1	1
3940	PI4K2A	5004	SLC29A2	1
3941	PI4KA	4145	PPIL2	1
3941	PI4KA	5094	SNAP29	1
3942	PI4KB	4999	SLC25A44	1
3944	PIAS2	5802	TXNL1	1
3945	PIAS4	4097	POLR1B	1
3945	PIAS4	4183	PPRC1	1
3945	PIAS4	4594	RNF126	1
3946	PICALM	4272	PSEN1	1
3946	PICALM	4369	RAB1A	1
3946	PICALM	4505	RDX	1
3948	PIGB	5124	SNX1	1
3949	PIGF	4369	RAB1A	1
3953	PIGO	4942	SIGMAR1	1
3954	PIGQ	6266	ZNF500	1
3957	PIK3C2A	5954	VAMP3	1
3959	PIK3CA	4376	RAB28	1
3959	PIK3CA	4238	PRPF18	1
3959	PIK3CA	4401	RAD17	1
3959	PIK3CA	5072	SMC6	1
3959	PIK3CA	4223	PRKDC	1
3959	PIK3CA	4136	PPARA	1
3959	PIK3CA	4696	RPS6KB1	1
3959	PIK3CA	5389	TBL1XR1	1
3959	PIK3CA	4936	SIAH2	1
3959	PIK3CA	4315	PTEN	1
3959	PIK3CA	3960	PIK3CB	1
3961	PIK3CD-AS1	4645	RPL13AP17	1
3964	PIK3R4	5389	TBL1XR1	1
3964	PIK3R4	6198	ZNF148	1
3966	PIM1	4030	PLK1	1
3969	PIN1	5782	TUBB	1
3969	PIN1	4432	RANBP3	1
3973	PIP5K1A	5345	TAF12	1
3973	PIP5K1A	4847	SENP2	1
3973	PIP5K1A	5026	SLC39A1	1
3974	PIP5K1C	4784	SCAMP4	1
3976	PITPNM1	4336	PTPRCAP	1
3981	PJA2	4093	POLK	1
3982	PKD1	5941	USP7	1
3986	PKD2L2	5039	SLC9A3	1
3988	PKIA	4708	RRM1	1
3988	PKIA	5807	TYMS	1
3988	PKIA	5003	SLC29A1	1
3988	PKIA	5002	SLC28A1	1
3988	PKIA	5004	SLC29A2	1
3990	PKMYT1	5217	SRRM1	1
3990	PKMYT1	4951	SIVA1	1
3990	PKMYT1	6027	WDR62	1
3990	PKMYT1	5259	STIL	1
3990	PKMYT1	4708	RRM1	1
3990	PKMYT1	5807	TYMS	1
3990	PKMYT1	5003	SLC29A1	1
3990	PKMYT1	5002	SLC28A1	1
3990	PKMYT1	5004	SLC29A2	1
3990	PKMYT1	5985	VPS51	1
3991	PKN2	4708	RRM1	1
3991	PKN2	5807	TYMS	1
3991	PKN2	5003	SLC29A1	1
3991	PKN2	5002	SLC28A1	1
3991	PKN2	5004	SLC29A2	1
3993	PKP3	4261	PRSS16	1
3995	PLA2G1B	6172	ZHX2	1
3997	PLA2G2F	5609	TNP2	1
4002	PLAT	5445	TGFBI	1
4003	PLAUR	4704	RRAS	1
4005	PLCB1	4320	PTGS1	1
4005	PLCB1	4519	RET	1
4005	PLCB1	4975	SLC22A1	1
4005	PLCB1	4978	SLC22A2	1
4008	PLCG2	5501	TMC8	1
4011	PLEC	4919	SH3GL1	1
4011	PLEC	4751	S100A16	1
4012	PLEK2	5592	TNFRSF21	1
4013	PLEKHA1	5336	TACC2	1
4015	PLEKHA7	4452	RASSF7	1
4018	PLEKHG3	5745	TSPAN1	1
4018	PLEKHG3	4341	PTPRU	1
4022	PLEKHJ1	4594	RNF126	1
4023	PLEKHM1	4320	PTGS1	1
4023	PLEKHM1	4519	RET	1
4023	PLEKHM1	4975	SLC22A1	1
4023	PLEKHM1	4978	SLC22A2	1
4024	PLEKHO1	5329	SYT11	1
4030	PLK1	6196	ZNF143	1
4030	PLK1	4033	PLK4	1
4030	PLK1	4927	SHCBP1	1
4030	PLK1	5270	STMN1	1
4030	PLK1	4415	RAD54L	1
4030	PLK1	5639	TP53	1
4031	PLK2	4565	RIN2	1
4031	PLK2	5228	SSH3	1
4031	PLK2	4752	S100A2	1
4031	PLK2	5445	TGFBI	1
4032	PLK3	4708	RRM1	1
4032	PLK3	5807	TYMS	1
4032	PLK3	5003	SLC29A1	1
4032	PLK3	5002	SLC28A1	1
4032	PLK3	5004	SLC29A2	1
4033	PLK4	4560	RIF1	1
4033	PLK4	5852	UBE2T	1
4033	PLK4	4957	SKP2	1
4033	PLK4	5639	TP53	1
4035	PLOD1	4704	RRAS	1
4036	PLOD2	4320	PTGS1	1
4036	PLOD2	4519	RET	1
4036	PLOD2	4975	SLC22A1	1
4036	PLOD2	4978	SLC22A2	1
4037	PLOD3	5559	TMEM43	1
4037	PLOD3	5712	TRIP6	1
4037	PLOD3	6357	ZNHIT1	1
4041	PLS1	4480	RBM47	1
4041	PLS1	5560	TMEM45B	1
4049	PLXNB2	5742	TSKU	1
4049	PLXNB2	5537	TMEM184B	1
4049	PLXNB2	5708	TRIOBP	1
4050	PM20D2	6089	YEATS4	1
4052	PMCH	5726	TROAP	1
4056	PML	4328	PTPA	1
4056	PML	5639	TP53	1
4058	PMM2	5390	TBL3	1
4058	PMM2	5753	TSR3	1
4059	PMPCA	5915	URM1	1
4059	PMPCA	4244	PRPF4	1
4061	PMS2	4099	POLR2A	1
4061	PMS2	4644	RPL13A	1
4061	PMS2	4708	RRM1	1
4061	PMS2	4083	POLD4	1
4061	PMS2	4407	RAD51	1
4061	PMS2	5225	SSBP1	1
4061	PMS2	4417	RAD9A	1
4061	PMS2	4491	RBX1	1
4061	PMS2	5903	UNG	1
4061	PMS2	4086	POLE	1
4061	PMS2	4405	RAD23B	1
4061	PMS2	5918	USP1	1
4061	PMS2	6046	WRAP53	1
4061	PMS2	6074	XRCC2	1
4061	PMS2	4081	POLD1	1
4061	PMS2	6116	ZBTB32	1
4061	PMS2	4150	PPM1D	1
4061	PMS2	4511	RELA	1
4061	PMS2	4094	POLM	1
4061	PMS2	4870	SESN2	1
4061	PMS2	5585	TNFRSF10B	1
4063	PNKP	5276	STRN4	1
4063	PNKP	4326	PTOV1	1
4063	PNKP	5692	TRIM28	1
4063	PNKP	4334	PTPN6	1
4069	PNO1	4955	SKIV2L2	1
4069	PNO1	4405	RAD23B	1
4069	PNO1	4669	RPP14	1
4069	PNO1	5224	SSB	1
4069	PNO1	4369	RAB1A	1
4069	PNO1	6092	YIPF4	1
4074	POC5	5356	TAF9	1
4076	POGK	5923	USP21	1
4077	POGZ	4355	PYGO2	1
4077	POGZ	6316	ZNF678	1
4081	POLD1	5217	SRRM1	1
4081	POLD1	4882	SF3A2	1
4081	POLD1	5458	THOP1	1
4081	POLD1	4467	RBM14	1
4081	POLD1	6300	ZNF611	1
4081	POLD1	4241	PRPF31	1
4081	POLD1	4644	RPL13A	1
4081	POLD1	4086	POLE	1
4081	POLD1	5918	USP1	1
4081	POLD1	4150	PPM1D	1
4081	POLD1	4417	RAD9A	1
4081	POLD1	4491	RBX1	1
4081	POLD1	4708	RRM1	1
4081	POLD1	4083	POLD4	1
4081	POLD1	4870	SESN2	1
4081	POLD1	5225	SSBP1	1
4081	POLD1	5585	TNFRSF10B	1
4081	POLD1	6046	WRAP53	1
4081	POLD1	5903	UNG	1
4081	POLD1	4405	RAD23B	1
4081	POLD1	4094	POLM	1
4081	POLD1	6116	ZBTB32	1
4081	POLD1	6074	XRCC2	1
4081	POLD1	4407	RAD51	1
4081	POLD1	4511	RELA	1
4081	POLD1	4099	POLR2A	1
4083	POLD4	4644	RPL13A	1
4083	POLD4	4099	POLR2A	1
4083	POLD4	5225	SSBP1	1
4083	POLD4	5903	UNG	1
4083	POLD4	4708	RRM1	1
4083	POLD4	4086	POLE	1
4083	POLD4	4150	PPM1D	1
4083	POLD4	4870	SESN2	1
4083	POLD4	5585	TNFRSF10B	1
4083	POLD4	5918	USP1	1
4083	POLD4	4407	RAD51	1
4083	POLD4	4417	RAD9A	1
4083	POLD4	4491	RBX1	1
4083	POLD4	4511	RELA	1
4083	POLD4	4094	POLM	1
4083	POLD4	4405	RAD23B	1
4083	POLD4	6046	WRAP53	1
4083	POLD4	6116	ZBTB32	1
4083	POLD4	6074	XRCC2	1
4086	POLE	5110	SNRNP70	1
4086	POLE	4888	SFI1	1
4086	POLE	4761	SAFB	1
4086	POLE	5918	USP1	1
4086	POLE	4099	POLR2A	1
4086	POLE	4708	RRM1	1
4086	POLE	4644	RPL13A	1
4086	POLE	4405	RAD23B	1
4086	POLE	4417	RAD9A	1
4086	POLE	4491	RBX1	1
4086	POLE	5585	TNFRSF10B	1
4086	POLE	4511	RELA	1
4086	POLE	5903	UNG	1
4086	POLE	6046	WRAP53	1
4086	POLE	4407	RAD51	1
4086	POLE	5225	SSBP1	1
4086	POLE	4094	POLM	1
4086	POLE	4150	PPM1D	1
4086	POLE	6116	ZBTB32	1
4086	POLE	6074	XRCC2	1
4086	POLE	4870	SESN2	1
4087	POLE2	4526	RFC2	1
4087	POLE2	5631	TOP2A	1
4088	POLE3	4182	PPP6C	1
4088	POLE3	5431	TEX10	1
4090	POLG2	4313	PTCD3	1
4090	POLG2	4651	RPL23	1
4090	POLG2	6007	WDCP	1
4091	POLH	5459	THPO	1
4091	POLH	5539	TMEM19	1
4091	POLH	6136	ZC3H7B	1
4091	POLH	4097	POLR1B	1
4092	POLI	5802	TXNL1	1
4094	POLM	4407	RAD51	1
4094	POLM	5225	SSBP1	1
4094	POLM	5918	USP1	1
4094	POLM	4708	RRM1	1
4094	POLM	5585	TNFRSF10B	1
4094	POLM	4644	RPL13A	1
4094	POLM	4150	PPM1D	1
4094	POLM	4417	RAD9A	1
4094	POLM	4870	SESN2	1
4094	POLM	6046	WRAP53	1
4094	POLM	4405	RAD23B	1
4094	POLM	4491	RBX1	1
4094	POLM	4099	POLR2A	1
4094	POLM	6116	ZBTB32	1
4094	POLM	4511	RELA	1
4094	POLM	5903	UNG	1
4094	POLM	6074	XRCC2	1
4096	POLQ	4408	RAD51AP1	1
4097	POLR1B	6293	ZNF589	1
4097	POLR1B	4882	SF3A2	1
4097	POLR1B	4912	SGTA	1
4097	POLR1B	5431	TEX10	1
4097	POLR1B	6195	ZNF142	1
4099	POLR2A	6285	ZNF574	1
4099	POLR2A	4708	RRM1	1
4099	POLR2A	4644	RPL13A	1
4099	POLR2A	4407	RAD51	1
4099	POLR2A	5225	SSBP1	1
4099	POLR2A	4491	RBX1	1
4099	POLR2A	5918	USP1	1
4099	POLR2A	4870	SESN2	1
4099	POLR2A	4511	RELA	1
4099	POLR2A	6116	ZBTB32	1
4099	POLR2A	4417	RAD9A	1
4099	POLR2A	5903	UNG	1
4099	POLR2A	6074	XRCC2	1
4099	POLR2A	5585	TNFRSF10B	1
4099	POLR2A	4405	RAD23B	1
4099	POLR2A	4150	PPM1D	1
4099	POLR2A	6046	WRAP53	1
4103	POLR2E	4594	RNF126	1
4103	POLR2E	5028	SLC39A3	1
4103	POLR2E	6011	WDR18	1
4110	POLR2K	6070	XPO7	1
4110	POLR2K	4275	PSMA1	1
4110	POLR2K	4223	PRKDC	1
4110	POLR2K	5912	UQCRB	1
4110	POLR2K	4238	PRPF18	1
4110	POLR2K	6105	YWHAZ	1
4110	POLR2K	6325	ZNF7	1
4110	POLR2K	4559	RIDA	1
4114	POLR3D	5696	TRIM35	1
4115	POLR3F	4824	SEC23B	1
4117	POLR3K	6203	ZNF174	1
4118	POLRMT	4432	RANBP3	1
4121	POMGNT1	4555	RHOC	1
4121	POMGNT1	4591	RNF11	1
4122	POMT2	4912	SGTA	1
4124	POP7	5225	SSBP1	1
4127	POT1	4401	RAD17	1
4127	POT1	4374	RAB23	1
4127	POT1	4567	RINT1	1
4129	POU2F1	5923	USP21	1
4129	POU2F1	6316	ZNF678	1
4133	POU6F2	5154	SPAG8	1
4134	PPA1	4200	PRDX3	1
4135	PPAN	4497	RCC1	1
4136	PPARA	5578	TNF	1
4137	PPCS	5606	TNNI3K	1
4140	PPIB	5508	TMED3	1
4141	PPIC	4749	S100A13	1
4141	PPIC	4867	SERPINH1	1
4141	PPIC	5130	SNX24	1
4141	PPIC	4351	PXDC1	1
4143	PPIH	5223	SS18L2	1
4143	PPIH	4242	PRPF38A	1
4143	PPIH	5918	USP1	1
4143	PPIH	5946	UTP11	1
4143	PPIH	6318	ZNF684	1
4147	PPIP5K2	5128	SNX2	1
4148	PPL	5479	TINAGL1	1
4150	PPM1D	4644	RPL13A	1
4150	PPM1D	4407	RAD51	1
4150	PPM1D	4708	RRM1	1
4150	PPM1D	4491	RBX1	1
4150	PPM1D	5225	SSBP1	1
4150	PPM1D	5903	UNG	1
4150	PPM1D	6046	WRAP53	1
4150	PPM1D	5918	USP1	1
4150	PPM1D	4417	RAD9A	1
4150	PPM1D	6116	ZBTB32	1
4150	PPM1D	4870	SESN2	1
4150	PPM1D	4511	RELA	1
4150	PPM1D	4405	RAD23B	1
4150	PPM1D	5585	TNFRSF10B	1
4150	PPM1D	6074	XRCC2	1
4154	PPP1CC	4635	RPAP3	1
4155	PPP1R10	5424	TELO2	1
4155	PPP1R10	5358	TAOK2	1
4159	PPP1R15B	4810	SDE2	1
4160	PPP1R2	4275	PSMA1	1
4160	PPP1R2	4596	RNF13	1
4160	PPP1R2	4847	SENP2	1
4160	PPP1R2	4320	PTGS1	1
4160	PPP1R2	4519	RET	1
4160	PPP1R2	4975	SLC22A1	1
4160	PPP1R2	4978	SLC22A2	1
4166	PPP2R1A	4328	PTPA	1
4173	PPP2R5D	5782	TUBB	1
4174	PPP2R5E	6131	ZC3H14	1
4175	PPP3CA	4320	PTGS1	1
4175	PPP3CA	4519	RET	1
4175	PPP3CA	4975	SLC22A1	1
4175	PPP3CA	4978	SLC22A2	1
4175	PPP3CA	5783	TUBB1	1
4175	PPP3CA	5042	SLCO1B3	1
4176	PPP3CB	4320	PTGS1	1
4176	PPP3CB	4519	RET	1
4176	PPP3CB	4975	SLC22A1	1
4176	PPP3CB	4978	SLC22A2	1
4177	PPP3CC	5696	TRIM35	1
4179	PPP4R3A	5869	UBR7	1
4181	PPP5C	4228	PRMT1	1
4181	PPP5C	4760	SAE1	1
4183	PPRC1	5096	SNAPC4	1
4184	PPWD1	4569	RIOK2	1
4184	PPWD1	5356	TAF9	1
4184	PPWD1	5403	TCERG1	1
4188	PRAM1	4413	RAD52	1
4190	PRB1	5255	STATH	1
4198	PRDX1	4270	PRX	1
4198	PRDX1	4199	PRDX2	1
4198	PRDX1	4407	RAD51	1
4199	PRDX2	6077	XRCC5	1
4199	PRDX2	5639	TP53	1
4199	PRDX2	4270	PRX	1
4199	PRDX2	4407	RAD51	1
4200	PRDX3	6066	XPNPEP1	1
4201	PRELID1	5948	UTP15	1
4203	PRIM1	5259	STIL	1
4205	PRKAA1	5887	UGP2	1
4205	PRKAA1	4369	RAB1A	1
4205	PRKAA1	6093	YIPF5	1
4205	PRKAA1	5639	TP53	1
4210	PRKAG3	4708	RRM1	1
4210	PRKAG3	5807	TYMS	1
4210	PRKAG3	5003	SLC29A1	1
4210	PRKAG3	5002	SLC28A1	1
4210	PRKAG3	5004	SLC29A2	1
4217	PRKCQ	4320	PTGS1	1
4217	PRKCQ	4519	RET	1
4217	PRKCQ	4975	SLC22A1	1
4217	PRKCQ	4978	SLC22A2	1
4221	PRKD2	5276	STRN4	1
4221	PRKD2	4708	RRM1	1
4221	PRKD2	5807	TYMS	1
4221	PRKD2	5003	SLC29A1	1
4221	PRKD2	5002	SLC28A1	1
4221	PRKD2	5004	SLC29A2	1
4222	PRKD3	4708	RRM1	1
4222	PRKD3	5807	TYMS	1
4222	PRKD3	5003	SLC29A1	1
4222	PRKD3	5002	SLC28A1	1
4222	PRKD3	5004	SLC29A2	1
4223	PRKDC	4642	RPL11	1
4223	PRKDC	4407	RAD51	1
4223	PRKDC	4410	RAD51B	1
4223	PRKDC	4411	RAD51C	1
4223	PRKDC	6074	XRCC2	1
4223	PRKDC	6076	XRCC4	1
4223	PRKDC	6078	XRCC6	1
4223	PRKDC	4406	RAD50	1
4223	PRKDC	4866	SERPINF2	1
4223	PRKDC	4457	RB1CC1	1
4225	PRKRA	4847	SENP2	1
4225	PRKRA	6132	ZC3H15	1
4225	PRKRA	4559	RIDA	1
4225	PRKRA	5550	TMEM230	1
4228	PRMT1	4760	SAE1	1
4229	PRMT7	4886	SF3B3	1
4230	PRMT8	4320	PTGS1	1
4230	PRMT8	4519	RET	1
4230	PRMT8	4975	SLC22A1	1
4230	PRMT8	4978	SLC22A2	1
4232	PRNP	5507	TMED2	1
4232	PRNP	4752	S100A2	1
4232	PRNP	5822	UBC	1
4232	PRNP	5895	ULBP2	1
4238	PRPF18	4570	RIOK3	1
4239	PRPF19	5639	TP53	1
4239	PRPF19	4880	SF1	1
4239	PRPF19	6029	WDR74	1
4240	PRPF3	4796	SCNM1	1
4241	PRPF31	5692	TRIM28	1
4241	PRPF31	6286	ZNF576	1
4242	PRPF38A	4538	RFXAP	1
4242	PRPF38A	4467	RBM14	1
4252	PRR14	5871	UBTF	1
4252	PRR14	5941	USP7	1
4252	PRR14	6312	ZNF668	1
4252	PRR14	4913	SH2B1	1
4252	PRR14	5358	TAOK2	1
4252	PRR14	6263	ZNF48	1
4252	PRR14	6319	ZNF688	1
4252	PRR14	4900	SGF29	1
4255	PRR3	4568	RIOK1	1
4257	PRR5	4338	PTPRF	1
4258	PRRG2	5228	SSH3	1
4258	PRRG2	5235	ST14	1
4258	PRRG2	5248	STARD10	1
4259	PRRG4	5239	ST6GALNAC2	1
4259	PRRG4	5745	TSPAN1	1
4260	PRRT2	4399	RACK1	1
4263	PRSS23	5708	TRIOBP	1
4263	PRSS23	6056	WWTR1	1
4263	PRSS23	5870	UBTD1	1
4266	PRSS8	5050	SLPI	1
4270	PRX	4407	RAD51	1
4272	PSEN1	4601	RNF14	1
4272	PSEN1	4327	PTP4A1	1
4272	PSEN1	5495	TM9SF2	1
4273	PSIP1	4433	RANBP6	1
4275	PSMA1	4276	PSMA2	1
4275	PSMA1	4637	RPF1	1
4275	PSMA1	4444	RARS	1
4275	PSMA1	5887	UGP2	1
4275	PSMA1	4297	PSMD13	1
4275	PSMA1	4559	RIDA	1
4276	PSMA2	4602	RNF146	1
4277	PSMA3	5225	SSBP1	1
4277	PSMA3	5887	UGP2	1
4277	PSMA3	5996	VTI1B	1
4278	PSMA4	4290	PSMC2	1
4278	PSMA4	5063	SMARCB1	1
4282	PSMB10	4708	RRM1	1
4282	PSMB10	5807	TYMS	1
4282	PSMB10	5003	SLC29A1	1
4282	PSMB10	5002	SLC28A1	1
4282	PSMB10	5004	SLC29A2	1
4284	PSMB4	4708	RRM1	1
4284	PSMB4	5807	TYMS	1
4284	PSMB4	5003	SLC29A1	1
4284	PSMB4	5002	SLC28A1	1
4284	PSMB4	5004	SLC29A2	1
4287	PSMB8	5601	TNIP1	1
4290	PSMC2	5063	SMARCB1	1
4291	PSMC3	4376	RAB28	1
4291	PSMC3	5624	TOMM22	1
4291	PSMC3	5743	TSN	1
4291	PSMC3	6081	YAF2	1
4291	PSMC3	4369	RAB1A	1
4291	PSMC3	4527	RFC3	1
4291	PSMC3	6210	ZNF207	1
4291	PSMC3	4323	PTK2	1
4291	PSMC3	6105	YWHAZ	1
4293	PSMC6	5550	TMEM230	1
4294	PSMD10	6344	ZNF780A	1
4294	PSMD10	5398	TCEAL1	1
4295	PSMD11	4296	PSMD12	1
4296	PSMD12	5954	VAMP3	1
4296	PSMD12	5014	SLC35B1	1
4296	PSMD12	5211	SRP9	1
4296	PSMD12	4323	PTK2	1
4296	PSMD12	4814	SDHC	1
4296	PSMD12	4559	RIDA	1
4298	PSMD14	4300	PSMD4	1
4301	PSMD6	6213	ZNF227	1
4301	PSMD6	5655	TPRKB	1
4301	PSMD6	5887	UGP2	1
4301	PSMD6	4803	SCYL2	1
4302	PSMD9	4957	SKP2	1
4302	PSMD9	5476	TIMM8A	1
4302	PSMD9	5639	TP53	1
4306	PSMF1	4461	RBCK1	1
4307	PSMG1	4714	RRP1B	1
4310	PTBP1	4467	RBM14	1
4310	PTBP1	4594	RNF126	1
4311	PTBP2	4774	SASS6	1
4311	PTBP2	6140	ZCCHC11	1
4311	PTBP2	6181	ZMYM4	1
4311	PTBP2	6305	ZNF644	1
4311	PTBP2	6366	ZRANB2	1
4312	PTCD2	5356	TAF9	1
4315	PTEN	5639	TP53	1
4315	PTEN	4407	RAD51	1
4318	PTGES3	4708	RRM1	1
4318	PTGES3	4803	SCYL2	1
4320	PTGS1	4494	RCAN1	1
4320	PTGS1	4745	RYK	1
4320	PTGS1	4495	RCAN2	1
4320	PTGS1	6043	WNT5A	1
4320	PTGS1	5219	SRSF1	1
4320	PTGS1	4853	SEP-06	1
4320	PTGS1	4357	PYROXD1	1
4320	PTGS1	4435	RAP1A	1
4320	PTGS1	4665	RPL5	1
4320	PTGS1	4757	S1PR2	1
4320	PTGS1	5125	SNX10	1
4320	PTGS1	5139	SORBS1	1
4320	PTGS1	5147	SP100	1
4320	PTGS1	5329	SYT11	1
4320	PTGS1	4831	SEL1L	1
4320	PTGS1	4876	SETMAR	1
4320	PTGS1	4780	SCAF11	1
4320	PTGS1	4956	SKP1	1
4320	PTGS1	5059	SMARCA1	1
4320	PTGS1	5190	SPTB	1
4320	PTGS1	5204	SRI	1
4320	PTGS1	5313	SV2B	1
4320	PTGS1	5369	TAS2R14	1
4320	PTGS1	5449	THAP1	1
4320	PTGS1	5595	TNFRSF9	1
4320	PTGS1	5881	UCP2	1
4320	PTGS1	6194	ZNF140	1
4320	PTGS1	4443	RARA	1
4320	PTGS1	4656	RPL35	1
4320	PTGS1	4736	RTP4	1
4320	PTGS1	5488	TLE1	1
4320	PTGS1	5512	TMEFF1	1
4320	PTGS1	5690	TRIM24	1
4320	PTGS1	5709	TRIP11	1
4320	PTGS1	5858	UBE3A	1
4320	PTGS1	4775	SAT1	1
4320	PTGS1	5384	TBCCD1	1
4320	PTGS1	5652	TPM1	1
4320	PTGS1	4871	SESTD1	1
4320	PTGS1	5148	SP110	1
4320	PTGS1	5818	UBA6	1
4320	PTGS1	6262	ZNF473	1
4320	PTGS1	4659	RPL36A	1
4320	PTGS1	6363	ZP3	1
4320	PTGS1	5481	TJP1	1
4320	PTGS1	5727	TROVE2	1
4320	PTGS1	5034	SLC50A1	1
4320	PTGS1	5433	TFAP2B	1
4320	PTGS1	4650	RPL21	1
4320	PTGS1	5947	UTP14A	1
4320	PTGS1	5890	UGT1A7	1
4320	PTGS1	5119	SNTA1	1
4321	PTGS2	5639	TP53	1
4323	PTK2	4856	SERINC1	1
4323	PTK2	5481	TJP1	1
4323	PTK2	4369	RAB1A	1
4324	PTK6	5693	TRIM29	1
4328	PTPA	5639	TP53	1
4330	PTPN14	6082	YAP1	1
4331	PTPN21	4766	SAMD4A	1
4332	PTPN22	5666	TRAF3IP3	1
4336	PTPRCAP	4697	RPS6KB2	1
4337	PTPRD	5783	TUBB1	1
4337	PTPRD	5042	SLCO1B3	1
4338	PTPRF	4840	SEMA4B	1
4338	PTPRF	4890	SFN	1
4338	PTPRF	5032	SLC44A3	1
4338	PTPRF	5783	TUBB1	1
4338	PTPRF	5042	SLCO1B3	1
4339	PTPRK	5649	TPBG	1
4345	PUM1	4891	SFPQ	1
4346	PUM2	6124	ZBTB6	1
4346	PUM2	4614	RNF38	1
4348	PUS1	4523	REXO4	1
4354	PYCR3	4508	RECQL4	1
4354	PYCR3	4802	SCRIB	1
4354	PYCR3	5757	TSTA3	1
4355	PYGO2	5954	VAMP3	1
4355	PYGO2	5847	UBE2Q1	1
4355	PYGO2	5987	VPS72	1
4357	PYROXD1	4519	RET	1
4357	PYROXD1	4975	SLC22A1	1
4357	PYROXD1	4978	SLC22A2	1
4360	QSOX1	4754	S100A6	1
4366	RAB11FIP5	5559	TMEM43	1
4366	RAB11FIP5	4905	SGMS2	1
4369	RAB1A	5506	TMED10	1
4369	RAB1A	4956	SKP1	1
4369	RAB1A	5128	SNX2	1
4369	RAB1A	4570	RIOK3	1
4369	RAB1A	5023	SLC38A2	1
4369	RAB1A	5689	TRIM23	1
4369	RAB1A	5009	SLC30A5	1
4369	RAB1A	4596	RNF13	1
4369	RAB1A	5874	UBXN4	1
4370	RAB1B	5524	TMEM134	1
4372	RAB21	4834	SELENOT	1
4374	RAB23	6093	YIPF5	1
4374	RAB23	5298	SUMO1	1
4374	RAB23	4444	RARS	1
4374	RAB23	4823	SEC23A	1
4374	RAB23	5956	VAMP7	1
4374	RAB23	4847	SENP2	1
4375	RAB25	5693	TRIM29	1
4375	RAB25	4816	SDR16C5	1
4383	RAB3GAP2	5879	UCHL5	1
4386	RAB5A	5127	SNX13	1
4392	RABEP2	5358	TAOK2	1
4396	RAC1	5300	SUN1	1
4396	RAC1	5514	TMEM106B	1
4397	RAC2	4739	RUNX1	1
4398	RACGAP1	5071	SMC4	1
4400	RAD1	4957	SKP2	1
4400	RAD1	5288	SUB1	1
4401	RAD17	5225	SSBP1	1
4401	RAD17	6070	XPO7	1
4401	RAD17	6344	ZNF780A	1
4401	RAD17	5389	TBL1XR1	1
4401	RAD17	4465	RBM12	1
4401	RAD17	4407	RAD51	1
4401	RAD17	4413	RAD52	1
4401	RAD17	4417	RAD9A	1
4401	RAD17	5356	TAF9	1
4401	RAD17	6093	YIPF5	1
4401	RAD17	5550	TMEM230	1
4401	RAD17	5914	URI1	1
4405	RAD23B	4602	RNF146	1
4405	RAD23B	5507	TMED2	1
4405	RAD23B	5822	UBC	1
4405	RAD23B	5192	SPTLC1	1
4405	RAD23B	4644	RPL13A	1
4405	RAD23B	4407	RAD51	1
4405	RAD23B	5585	TNFRSF10B	1
4405	RAD23B	4708	RRM1	1
4405	RAD23B	5225	SSBP1	1
4405	RAD23B	6046	WRAP53	1
4405	RAD23B	5903	UNG	1
4405	RAD23B	5918	USP1	1
4405	RAD23B	4417	RAD9A	1
4405	RAD23B	4491	RBX1	1
4405	RAD23B	6116	ZBTB32	1
4405	RAD23B	4511	RELA	1
4405	RAD23B	4870	SESN2	1
4405	RAD23B	6074	XRCC2	1
4405	RAD23B	4559	RIDA	1
4406	RAD50	4407	RAD51	1
4406	RAD50	6078	XRCC6	1
4406	RAD50	4410	RAD51B	1
4406	RAD50	4411	RAD51C	1
4406	RAD50	6074	XRCC2	1
4406	RAD50	6076	XRCC4	1
4407	RAD51	5480	TIPARP	1
4407	RAD51	6078	XRCC6	1
4407	RAD51	4410	RAD51B	1
4407	RAD51	4411	RAD51C	1
4407	RAD51	6076	XRCC4	1
4407	RAD51	4413	RAD52	1
4407	RAD51	5920	USP11	1
4407	RAD51	5253	STAT3	1
4407	RAD51	5311	SUV39H2	1
4407	RAD51	5631	TOP2A	1
4407	RAD51	5483	TK1	1
4407	RAD51	5641	TP53BP1	1
4407	RAD51	5966	VDR	1
4407	RAD51	5225	SSBP1	1
4407	RAD51	4644	RPL13A	1
4407	RAD51	6046	WRAP53	1
4407	RAD51	5918	USP1	1
4407	RAD51	4491	RBX1	1
4407	RAD51	4708	RRM1	1
4407	RAD51	4870	SESN2	1
4407	RAD51	6116	ZBTB32	1
4407	RAD51	5903	UNG	1
4407	RAD51	5585	TNFRSF10B	1
4407	RAD51	4417	RAD9A	1
4407	RAD51	4511	RELA	1
4407	RAD51	6074	XRCC2	1
4408	RAD51AP1	5572	TMPO	1
4408	RAD51AP1	4415	RAD54L	1
4408	RAD51AP1	5337	TACC3	1
4410	RAD51B	6078	XRCC6	1
4410	RAD51B	4411	RAD51C	1
4410	RAD51B	6074	XRCC2	1
4410	RAD51B	6076	XRCC4	1
4411	RAD51C	6078	XRCC6	1
4411	RAD51C	6074	XRCC2	1
4411	RAD51C	6076	XRCC4	1
4413	RAD52	4417	RAD9A	1
4415	RAD54L	6075	XRCC3	1
4415	RAD54L	4468	RBM15	1
4417	RAD9A	5783	TUBB1	1
4417	RAD9A	5042	SLCO1B3	1
4417	RAD9A	5225	SSBP1	1
4417	RAD9A	6116	ZBTB32	1
4417	RAD9A	4708	RRM1	1
4417	RAD9A	5585	TNFRSF10B	1
4417	RAD9A	6046	WRAP53	1
4417	RAD9A	4491	RBX1	1
4417	RAD9A	4644	RPL13A	1
4417	RAD9A	5918	USP1	1
4417	RAD9A	4870	SESN2	1
4417	RAD9A	5903	UNG	1
4417	RAD9A	4511	RELA	1
4417	RAD9A	6074	XRCC2	1
4420	RAF1	6172	ZHX2	1
4420	RAF1	6024	WDR48	1
4423	RAI14	5962	VCL	1
4423	RAI14	5478	TIMP2	1
4424	RALB	5495	TM9SF2	1
4426	RALGAPB	6102	YWHAB	1
4429	RAN	4787	SCD	1
4429	RAN	5658	TPX2	1
4430	RANBP1	5116	SNRPD3	1
4430	RANBP1	5635	TOPBP1	1
4430	RANBP1	5660	TRA2B	1
4431	RANBP2	5224	SSB	1
4432	RANBP3	5065	SMARCC2	1
4432	RANBP3	4454	RAVER1	1
4432	RANBP3	6011	WDR18	1
4432	RANBP3	5805	TYK2	1
4435	RAP1A	4519	RET	1
4435	RAP1A	4975	SLC22A1	1
4435	RAP1A	4978	SLC22A2	1
4440	RAPGEF6	5403	TCERG1	1
4442	RAPSN	5339	TACR1	1
4443	RARA	4519	RET	1
4443	RARA	4975	SLC22A1	1
4443	RARA	4978	SLC22A2	1
4444	RARS	5128	SNX2	1
4444	RARS	5356	TAF9	1
4444	RARS	5009	SLC30A5	1
4452	RASSF7	4890	SFN	1
4453	RASSF8	5530	TMEM158	1
4454	RAVER1	4764	SAMD1	1
4454	RAVER1	5805	TYK2	1
4454	RAVER1	6308	ZNF653	1
4456	RB1	4801	SCPEP1	1
4456	RB1	5798	TWSG1	1
4456	RB1	5736	TSC2	1
4456	RB1	5639	TP53	1
4456	RB1	5631	TOP2A	1
4456	RB1	4957	SKP2	1
4458	RBBP4	4855	SERBP1	1
4458	RBBP4	4883	SF3A3	1
4460	RBBP8	5639	TP53	1
4461	RBCK1	5683	TRIB3	1
4464	RBM10	5924	USP22	1
4464	RBM10	5075	SMG5	1
4464	RBM10	5312	SUZ12	1
4464	RBM10	5846	UBE2O	1
4465	RBM12	5211	SRP9	1
4465	RBM12	6070	XPO7	1
4465	RBM12	4761	SAFB	1
4465	RBM12	5224	SSB	1
4465	RBM12	6119	ZBTB39	1
4465	RBM12	4708	RRM1	1
4465	RBM12	5807	TYMS	1
4465	RBM12	5003	SLC29A1	1
4465	RBM12	5002	SLC28A1	1
4465	RBM12	5004	SLC29A2	1
4466	RBM12B	5380	TBC1D31	1
4466	RBM12B	5080	SMIM8	1
4467	RBM14	4761	SAFB	1
4467	RBM14	5101	SNHG7	1
4467	RBM14	5217	SRRM1	1
4467	RBM14	6135	ZC3H4	1
4467	RBM14	5407	TCF3	1
4467	RBM14	4912	SGTA	1
4467	RBM14	4880	SF1	1
4469	RBM17	5311	SUV39H2	1
4469	RBM17	5999	WAC	1
4473	RBM26	6366	ZRANB2	1
4473	RBM26	4891	SFPQ	1
4473	RBM26	5945	USPL1	1
4475	RBM33	6211	ZNF212	1
4476	RBM34	4810	SDE2	1
4478	RBM39	6121	ZBTB44	1
4478	RBM39	6098	YTHDC1	1
4479	RBM45	5057	SMAD6	1
4481	RBM5	5639	TP53	1
4482	RBM6	4997	SLC25A38	1
4484	RBM8A	4855	SERBP1	1
4486	RBMX2	5961	VBP1	1
4487	RBMXL1	6305	ZNF644	1
4490	RBPMS	4555	RHOC	1
4491	RBX1	5585	TNFRSF10B	1
4491	RBX1	4708	RRM1	1
4491	RBX1	6116	ZBTB32	1
4491	RBX1	4644	RPL13A	1
4491	RBX1	5918	USP1	1
4491	RBX1	5225	SSBP1	1
4491	RBX1	6074	XRCC2	1
4491	RBX1	4511	RELA	1
4491	RBX1	6046	WRAP53	1
4491	RBX1	4870	SESN2	1
4491	RBX1	5903	UNG	1
4493	RC3H2	5211	SRP9	1
4494	RCAN1	4519	RET	1
4494	RCAN1	4975	SLC22A1	1
4494	RCAN1	4978	SLC22A2	1
4495	RCAN2	4519	RET	1
4495	RCAN2	4975	SLC22A1	1
4495	RCAN2	4978	SLC22A2	1
4502	RCOR3	5211	SRP9	1
4508	RECQL4	6134	ZC3H3	1
4509	RECQL5	5846	UBE2O	1
4509	RECQL5	5569	TMEM94	1
4511	RELA	4644	RPL13A	1
4511	RELA	4708	RRM1	1
4511	RELA	5585	TNFRSF10B	1
4511	RELA	5918	USP1	1
4511	RELA	4870	SESN2	1
4511	RELA	5225	SSBP1	1
4511	RELA	5903	UNG	1
4511	RELA	6074	XRCC2	1
4511	RELA	6046	WRAP53	1
4511	RELA	6116	ZBTB32	1
4514	REPIN1	6227	ZNF282	1
4517	RERE	5861	UBE4B	1
4519	RET	4745	RYK	1
4519	RET	6043	WNT5A	1
4519	RET	5219	SRSF1	1
4519	RET	4853	SEP-06	1
4519	RET	4665	RPL5	1
4519	RET	4757	S1PR2	1
4519	RET	5125	SNX10	1
4519	RET	5139	SORBS1	1
4519	RET	5147	SP100	1
4519	RET	5329	SYT11	1
4519	RET	4831	SEL1L	1
4519	RET	4876	SETMAR	1
4519	RET	4780	SCAF11	1
4519	RET	4956	SKP1	1
4519	RET	5059	SMARCA1	1
4519	RET	5190	SPTB	1
4519	RET	5204	SRI	1
4519	RET	5313	SV2B	1
4519	RET	5369	TAS2R14	1
4519	RET	5449	THAP1	1
4519	RET	5595	TNFRSF9	1
4519	RET	5881	UCP2	1
4519	RET	6194	ZNF140	1
4519	RET	4656	RPL35	1
4519	RET	4736	RTP4	1
4519	RET	5488	TLE1	1
4519	RET	5512	TMEFF1	1
4519	RET	5690	TRIM24	1
4519	RET	5709	TRIP11	1
4519	RET	5858	UBE3A	1
4519	RET	4775	SAT1	1
4519	RET	5384	TBCCD1	1
4519	RET	5652	TPM1	1
4519	RET	4871	SESTD1	1
4519	RET	5148	SP110	1
4519	RET	5818	UBA6	1
4519	RET	6262	ZNF473	1
4519	RET	4659	RPL36A	1
4519	RET	6363	ZP3	1
4519	RET	5481	TJP1	1
4519	RET	5727	TROVE2	1
4519	RET	5433	TFAP2B	1
4519	RET	4650	RPL21	1
4519	RET	5947	UTP14A	1
4519	RET	5890	UGT1A7	1
4519	RET	5119	SNTA1	1
4519	RET	5034	SLC50A1	1
4527	RFC3	6086	YBX1	1
4527	RFC3	4989	SLC25A19	1
4527	RFC3	5934	USP39	1
4527	RFC3	5438	TFDP1	1
4528	RFC4	4961	SLBP	1
4528	RFC4	5918	USP1	1
4528	RFC4	5631	TOP2A	1
4529	RFC5	5068	SMC1A	1
4529	RFC5	5070	SMC3	1
4529	RFC5	5572	TMPO	1
4529	RFC5	5783	TUBB1	1
4529	RFC5	5042	SLCO1B3	1
4530	RFNG	6338	ZNF768	1
4535	RFX5	5366	TARS2	1
4537	RFXANK	6185	ZNF101	1
4542	RGS1	4959	SLAMF1	1
4548	RHBDF1	5686	TRIM16L	1
4549	RHBDL2	4751	S100A16	1
4552	RHOA	4635	RPAP3	1
4555	RHOC	4749	S100A13	1
4555	RHOC	5131	SNX33	1
4556	RHOD	5742	TSKU	1
4556	RHOD	5228	SSH3	1
4556	RHOD	5235	ST14	1
4557	RHOG	5344	TAF10	1
4558	RHOT2	5065	SMARCC2	1
4559	RIDA	5435	TFB2M	1
4559	RIDA	5874	UBXN4	1
4559	RIDA	5225	SSBP1	1
4559	RIDA	5192	SPTLC1	1
4559	RIDA	5127	SNX13	1
4559	RIDA	5211	SRP9	1
4559	RIDA	4814	SDHC	1
4559	RIDA	4993	SLC25A32	1
4559	RIDA	5472	TIMM17A	1
4559	RIDA	5671	TRAM1	1
4559	RIDA	5879	UCHL5	1
4559	RIDA	6105	YWHAZ	1
4559	RIDA	6153	ZFAND1	1
4559	RIDA	6325	ZNF7	1
4563	RIMS2	4691	RPS6	1
4565	RIN2	5652	TPM1	1
4565	RIN2	5962	VCL	1
4565	RIN2	5203	SRGAP1	1
4569	RIOK2	5356	TAF9	1
4569	RIOK2	4955	SKIV2L2	1
4570	RIOK3	5192	SPTLC1	1
4570	RIOK3	5887	UGP2	1
4572	RIPK1	4708	RRM1	1
4572	RIPK1	5807	TYMS	1
4572	RIPK1	5003	SLC29A1	1
4572	RIPK1	5002	SLC28A1	1
4572	RIPK1	5004	SLC29A2	1
4573	RIPK2	4708	RRM1	1
4573	RIPK2	5807	TYMS	1
4573	RIPK2	5003	SLC29A1	1
4573	RIPK2	5002	SLC28A1	1
4573	RIPK2	5004	SLC29A2	1
4574	RIPK4	5228	SSH3	1
4574	RIPK4	4708	RRM1	1
4574	RIPK4	5807	TYMS	1
4574	RIPK4	5003	SLC29A1	1
4574	RIPK4	5002	SLC28A1	1
4574	RIPK4	5004	SLC29A2	1
4576	RITA1	5639	TP53	1
4578	RLIMP3	5343	TAF1	1
4581	RMND5A	6015	WDR33	1
4586	RNASEH2A	5778	TUBA1A	1
4589	RNASEL	4708	RRM1	1
4589	RNASEL	5807	TYMS	1
4589	RNASEL	5003	SLC29A1	1
4589	RNASEL	5002	SLC28A1	1
4589	RNASEL	5004	SLC29A2	1
4590	RND3	4922	SH3RF1	1
4591	RNF11	4745	RYK	1
4591	RNF11	5836	UBE2H	1
4591	RNF11	4800	SCP2	1
4591	RNF11	5563	TMEM59	1
4594	RNF126	4912	SGTA	1
4594	RNF126	5028	SLC39A3	1
4594	RNF126	5458	THOP1	1
4594	RNF126	5475	TIMM44	1
4594	RNF126	5911	UQCR11	1
4594	RNF126	5552	TMEM259	1
4599	RNF138	6314	ZNF670	1
4599	RNF138	5802	TXNL1	1
4600	RNF139	5717	TRMT12	1
4600	RNF139	6325	ZNF7	1
4602	RNF146	6026	WDR61	1
4602	RNF146	6081	YAF2	1
4602	RNF146	6112	ZBTB11	1
4602	RNF146	5023	SLC38A2	1
4602	RNF146	5822	UBC	1
4602	RNF146	6092	YIPF4	1
4602	RNF146	5335	TAB2	1
4604	RNF167	4986	SLC25A11	1
4608	RNF213	5783	TUBB1	1
4608	RNF213	5042	SLCO1B3	1
4613	RNF34	4773	SART3	1
4615	RNF39	4861	SERPINB5	1
4616	RNF40	6136	ZC3H7B	1
4618	RNF43	4890	SFN	1
4619	RNF44	6119	ZBTB39	1
4620	RNF6	4815	SDHD	1
4624	RNH1	5344	TAF10	1
4625	RNMT	4830	SEH1L	1
4626	RNPC3	6366	ZRANB2	1
4628	ROS1	5480	TIPARP	1
4628	ROS1	5639	TP53	1
4628	ROS1	5253	STAT3	1
4632	RPA3	5825	UBE2C	1
4635	RPAP3	5917	USO1	1
4637	RPF1	4742	RWDD3	1
4637	RPF1	5345	TAF12	1
4640	RPIA	5632	TOP2B	1
4640	RPIA	4714	RRP1B	1
4640	RPIA	5212	SRPK1	1
4641	RPL10A	4684	RPS24	1
4642	RPL11	4678	RPS14	1
4642	RPL11	4684	RPS24	1
4644	RPL13A	4708	RRM1	1
4644	RPL13A	5225	SSBP1	1
4644	RPL13A	5918	USP1	1
4644	RPL13A	6046	WRAP53	1
4644	RPL13A	5903	UNG	1
4644	RPL13A	6074	XRCC2	1
4644	RPL13A	6116	ZBTB32	1
4644	RPL13A	5585	TNFRSF10B	1
4644	RPL13A	4870	SESN2	1
4646	RPL14	5457	THOC7	1
4650	RPL21	4975	SLC22A1	1
4650	RPL21	4978	SLC22A2	1
4652	RPL24	4657	RPL35A	1
4653	RPL27A	4678	RPS14	1
4654	RPL30	4688	RPS3	1
4654	RPL30	5868	UBR5	1
4656	RPL35	4975	SLC22A1	1
4656	RPL35	4978	SLC22A2	1
4657	RPL35A	4687	RPS27A	1
4658	RPL36	4690	RPS5	1
4658	RPL36	4680	RPS16	1
4658	RPL36	4676	RPS11	1
4658	RPL36	4679	RPS15	1
4659	RPL36A	4975	SLC22A1	1
4659	RPL36A	4978	SLC22A2	1
4665	RPL5	4975	SLC22A1	1
4665	RPL5	4978	SLC22A2	1
4669	RPP14	5507	TMED2	1
4670	RPP25L	4942	SIGMAR1	1
4673	RPRD1B	6100	YTHDF1	1
4676	RPS11	4684	RPS24	1
4683	RPS23	5356	TAF9	1
4685	RPS25	5349	TAF1D	1
4688	RPS3	5099	SNHG1	1
4688	RPS3	5103	SNORA25	1
4692	RPS6KA1	5501	TMC8	1
4696	RPS6KB1	5335	TAB2	1
4696	RPS6KB1	6112	ZBTB11	1
4696	RPS6KB1	6210	ZNF207	1
4696	RPS6KB1	4847	SENP2	1
4696	RPS6KB1	5639	TP53	1
4698	RPS6KL1	4708	RRM1	1
4698	RPS6KL1	5807	TYMS	1
4698	RPS6KL1	5003	SLC29A1	1
4698	RPS6KL1	5002	SLC28A1	1
4698	RPS6KL1	5004	SLC29A2	1
4701	RPUSD3	5464	THUMPD3	1
4704	RRAS	5712	TRIP6	1
4708	RRM1	5211	SRP9	1
4708	RRM1	6223	ZNF273	1
4708	RRM1	5635	TOPBP1	1
4708	RRM1	5484	TK2	1
4708	RRM1	5808	TYRO3	1
4708	RRM1	5606	TNNI3K	1
4708	RRM1	5268	STK33	1
4708	RRM1	5991	VRK3	1
4708	RRM1	5171	SPHK1	1
4708	RRM1	5105	SNRK	1
4708	RRM1	5264	STK17A	1
4708	RRM1	5225	SSBP1	1
4708	RRM1	5807	TYMS	1
4708	RRM1	5003	SLC29A1	1
4708	RRM1	5002	SLC28A1	1
4708	RRM1	5004	SLC29A2	1
4708	RRM1	5007	SLC30A2	1
4708	RRM1	5056	SMAD4	1
4708	RRM1	5254	STAT4	1
4708	RRM1	5602	TNK1	1
4708	RRM1	5918	USP1	1
4708	RRM1	6046	WRAP53	1
4708	RRM1	5903	UNG	1
4708	RRM1	4870	SESN2	1
4708	RRM1	5585	TNFRSF10B	1
4708	RRM1	6116	ZBTB32	1
4708	RRM1	6074	XRCC2	1
4708	RRM1	5359	TAOK3	1
4708	RRM1	6042	WNK4	1
4708	RRM1	5880	UCK1	1
4708	RRM1	5287	STYXL1	1
4708	RRM1	5335	TAB2	1
4714	RRP1B	4973	SLC19A1	1
4714	RRP1B	5835	UBE2G2	1
4720	RSL1D1	5941	USP7	1
4727	RSU1	5971	VIM	1
4728	RTEL1	5594	TNFRSF6B	1
4729	RTF1	5792	TUBGCP5	1
4736	RTP4	5819	UBA7	1
4736	RTP4	5360	TAP1	1
4736	RTP4	4975	SLC22A1	1
4736	RTP4	4978	SLC22A2	1
4737	RTTN	6248	ZNF407	1
4742	RWDD3	5285	STXBP3	1
4745	RYK	5389	TBL1XR1	1
4745	RYK	4975	SLC22A1	1
4745	RYK	4978	SLC22A2	1
4749	S100A13	4754	S100A6	1
4750	S100A14	5574	TMPRSS4	1
4750	S100A14	4751	S100A16	1
4750	S100A14	4816	SDR16C5	1
4751	S100A16	5005	SLC2A1	1
4752	S100A2	5962	VCL	1
4752	S100A2	5005	SLC2A1	1
4754	S100A6	4918	SH3D19	1
4754	S100A6	4862	SERPINB6	1
4757	S1PR2	4975	SLC22A1	1
4757	S1PR2	4978	SLC22A2	1
4760	SAE1	6255	ZNF428	1
4760	SAE1	6286	ZNF576	1
4761	SAFB	4891	SFPQ	1
4761	SAFB	4957	SKP2	1
4766	SAMD4A	5962	VCL	1
4769	SAR1B	4826	SEC24A	1
4773	SART3	4846	SENP1	1
4775	SAT1	4975	SLC22A1	1
4775	SAT1	4978	SLC22A2	1
4777	SBF1	6136	ZC3H7B	1
4779	SBNO1	5365	TARDBP	1
4779	SBNO1	5290	SUDS3	1
4780	SCAF11	4975	SLC22A1	1
4780	SCAF11	4978	SLC22A2	1
4787	SCD	5658	TPX2	1
4788	SCEL	5968	VGLL1	1
4789	SCFD1	5506	TMED10	1
4792	SCN2B	5459	THPO	1
4796	SCNM1	5987	VPS72	1
4799	SCO2	5806	TYMP	1
4800	SCP2	5509	TMED5	1
4801	SCPEP1	5639	TP53	1
4802	SCRIB	6162	ZFP41	1
4803	SCYL2	4998	SLC25A40	1
4803	SCYL2	6344	ZNF780A	1
4803	SCYL2	5836	UBE2H	1
4803	SCYL2	5274	STRAP	1
4803	SCYL2	5844	UBE2N	1
4812	SDHAF1	5811	U2AF1L4	1
4814	SDHC	5345	TAF12	1
4819	SEC11A	6026	WDR61	1
4820	SEC11C	5802	TXNL1	1
4821	SEC13	5517	TMEM115	1
4827	SEC24B	5211	SRP9	1
4827	SEC24B	5874	UBXN4	1
4831	SEL1L	4908	SGPP1	1
4831	SEL1L	4975	SLC22A1	1
4831	SEL1L	4978	SLC22A2	1
4832	SELENOF	6081	YAF2	1
4834	SELENOT	5010	SLC33A1	1
4834	SELENOT	5624	TOMM22	1
4834	SELENOT	5655	TPRKB	1
4840	SEMA4B	5745	TSPAN1	1
4844	SEMG1	5137	SOD1	1
4845	SEMG2	6246	ZNF385D	1
4846	SENP1	6089	YEATS4	1
4846	SENP1	5572	TMPO	1
4846	SENP1	5783	TUBB1	1
4846	SENP1	5042	SLCO1B3	1
4847	SENP2	5274	STRAP	1
4847	SENP2	5439	TFG	1
4847	SENP2	5624	TOMM22	1
4847	SENP2	5874	UBXN4	1
4847	SENP2	5887	UGP2	1
4847	SENP2	5743	TSN	1
4849	SENP6	5322	SYNCRIP	1
4849	SENP6	6228	ZNF292	1
4850	SENP7	5389	TBL1XR1	1
4853	SEP-06	4975	SLC22A1	1
4853	SEP-06	4978	SLC22A2	1
4855	SERBP1	4883	SF3A3	1
4855	SERBP1	5695	TRIM33	1
4856	SERINC1	5023	SLC38A2	1
4856	SERINC1	5818	UBA6	1
4861	SERPINB5	5602	TNK1	1
4861	SERPINB5	5745	TSPAN1	1
4862	SERPINB6	5017	SLC35D2	1
4863	SERPINB7	5453	THBS1	1
4867	SERPINH1	5131	SNX33	1
4870	SESN2	5225	SSBP1	1
4870	SESN2	5918	USP1	1
4870	SESN2	5903	UNG	1
4870	SESN2	6046	WRAP53	1
4870	SESN2	6116	ZBTB32	1
4870	SESN2	5585	TNFRSF10B	1
4870	SESN2	6074	XRCC2	1
4871	SESTD1	4975	SLC22A1	1
4871	SESTD1	4978	SLC22A2	1
4873	SETD1A	5199	SRCAP	1
4873	SETD1A	6338	ZNF768	1
4874	SETD5	6024	WDR48	1
4875	SETDB1	6239	ZNF33A	1
4876	SETMAR	4975	SLC22A1	1
4876	SETMAR	4978	SLC22A2	1
4877	SETP10	5439	TFG	1
4880	SF1	6288	ZNF580	1
4880	SF1	5941	USP7	1
4880	SF1	6136	ZC3H7B	1
4880	SF1	5357	TAOK1	1
4880	SF1	5794	TUT1	1
4882	SF3A2	6122	ZBTB48	1
4882	SF3A2	5603	TNK2	1
4884	SF3B1	5467	TIA1	1
4888	SFI1	5539	TMEM19	1
4888	SFI1	6136	ZC3H7B	1
4890	SFN	5888	UGT1A1	1
4890	SFN	5151	SP6	1
4903	SGK2	5639	TP53	1
4909	SGSH	5159	SPATA20	1
4910	SGSM2	4932	SHPK	1
4912	SGTA	5065	SMARCC2	1
4913	SH2B1	5863	UBN1	1
4914	SH2D3A	5498	TMC4	1
4916	SH2D4A	5050	SLPI	1
4917	SH3BGRL3	5444	TGFB1I1	1
4933	SHPRH	6189	ZNF124	1
4935	SHTN1	5336	TACC2	1
4939	SIGLEC1	5410	TCL1A	1
4941	SIGLEC8	5173	SPI1	1
4942	SIGMAR1	5271	STOML2	1
4944	SIL1	5196	SQSTM1	1
4945	SIN3A	6294	ZNF592	1
4946	SIN3B	5304	SUPT5H	1
4949	SIRT1	5639	TP53	1
4955	SKIV2L2	5507	TMED2	1
4955	SKIV2L2	5356	TAF9	1
4956	SKP1	4975	SLC22A1	1
4956	SKP1	4978	SLC22A2	1
4957	SKP2	5639	TP53	1
4957	SKP2	5658	TPX2	1
4961	SLBP	6213	ZNF227	1
4964	SLC12A1	4967	SLC13A1	1
4974	SLC1A4	5553	TMEM268	1
4975	SLC22A1	6043	WNT5A	1
4975	SLC22A1	5125	SNX10	1
4975	SLC22A1	5139	SORBS1	1
4975	SLC22A1	5147	SP100	1
4975	SLC22A1	5329	SYT11	1
4975	SLC22A1	5059	SMARCA1	1
4975	SLC22A1	5190	SPTB	1
4975	SLC22A1	5204	SRI	1
4975	SLC22A1	5313	SV2B	1
4975	SLC22A1	5369	TAS2R14	1
4975	SLC22A1	5449	THAP1	1
4975	SLC22A1	5595	TNFRSF9	1
4975	SLC22A1	5881	UCP2	1
4975	SLC22A1	6194	ZNF140	1
4975	SLC22A1	5488	TLE1	1
4975	SLC22A1	5512	TMEFF1	1
4975	SLC22A1	5690	TRIM24	1
4975	SLC22A1	5709	TRIP11	1
4975	SLC22A1	5858	UBE3A	1
4975	SLC22A1	5384	TBCCD1	1
4975	SLC22A1	5652	TPM1	1
4975	SLC22A1	5148	SP110	1
4975	SLC22A1	5818	UBA6	1
4975	SLC22A1	6262	ZNF473	1
4975	SLC22A1	6363	ZP3	1
4975	SLC22A1	5481	TJP1	1
4975	SLC22A1	5727	TROVE2	1
4975	SLC22A1	5433	TFAP2B	1
4975	SLC22A1	5947	UTP14A	1
4975	SLC22A1	5890	UGT1A7	1
4975	SLC22A1	5119	SNTA1	1
4975	SLC22A1	5034	SLC50A1	1
4975	SLC22A1	5219	SRSF1	1
4976	SLC22A13	5372	TAS2R9	1
4978	SLC22A2	6043	WNT5A	1
4978	SLC22A2	5125	SNX10	1
4978	SLC22A2	5139	SORBS1	1
4978	SLC22A2	5147	SP100	1
4978	SLC22A2	5329	SYT11	1
4978	SLC22A2	5059	SMARCA1	1
4978	SLC22A2	5190	SPTB	1
4978	SLC22A2	5204	SRI	1
4978	SLC22A2	5313	SV2B	1
4978	SLC22A2	5369	TAS2R14	1
4978	SLC22A2	5449	THAP1	1
4978	SLC22A2	5595	TNFRSF9	1
4978	SLC22A2	5881	UCP2	1
4978	SLC22A2	6194	ZNF140	1
4978	SLC22A2	5488	TLE1	1
4978	SLC22A2	5512	TMEFF1	1
4978	SLC22A2	5690	TRIM24	1
4978	SLC22A2	5709	TRIP11	1
4978	SLC22A2	5858	UBE3A	1
4978	SLC22A2	5384	TBCCD1	1
4978	SLC22A2	5652	TPM1	1
4978	SLC22A2	5148	SP110	1
4978	SLC22A2	5818	UBA6	1
4978	SLC22A2	6262	ZNF473	1
4978	SLC22A2	6363	ZP3	1
4978	SLC22A2	5481	TJP1	1
4978	SLC22A2	5727	TROVE2	1
4978	SLC22A2	5433	TFAP2B	1
4978	SLC22A2	5947	UTP14A	1
4978	SLC22A2	5890	UGT1A7	1
4978	SLC22A2	5119	SNTA1	1
4978	SLC22A2	5034	SLC50A1	1
4978	SLC22A2	5219	SRSF1	1
4988	SLC25A15	6068	XPO4	1
4989	SLC25A19	5351	TAF4B	1
4993	SLC25A32	5435	TFB2M	1
4994	SLC25A33	6101	YTHDF2	1
4995	SLC25A36	6198	ZNF148	1
5002	SLC28A1	5484	TK2	1
5002	SLC28A1	5808	TYRO3	1
5002	SLC28A1	5606	TNNI3K	1
5002	SLC28A1	5268	STK33	1
5002	SLC28A1	5991	VRK3	1
5002	SLC28A1	5171	SPHK1	1
5002	SLC28A1	5105	SNRK	1
5002	SLC28A1	5264	STK17A	1
5002	SLC28A1	5007	SLC30A2	1
5002	SLC28A1	5056	SMAD4	1
5002	SLC28A1	5254	STAT4	1
5002	SLC28A1	5602	TNK1	1
5002	SLC28A1	5359	TAOK3	1
5002	SLC28A1	6042	WNK4	1
5002	SLC28A1	5880	UCK1	1
5002	SLC28A1	5287	STYXL1	1
5002	SLC28A1	5335	TAB2	1
5003	SLC29A1	6069	XPO5	1
5003	SLC29A1	5484	TK2	1
5003	SLC29A1	5808	TYRO3	1
5003	SLC29A1	5606	TNNI3K	1
5003	SLC29A1	5268	STK33	1
5003	SLC29A1	5991	VRK3	1
5003	SLC29A1	5171	SPHK1	1
5003	SLC29A1	5105	SNRK	1
5003	SLC29A1	5264	STK17A	1
5003	SLC29A1	5007	SLC30A2	1
5003	SLC29A1	5056	SMAD4	1
5003	SLC29A1	5254	STAT4	1
5003	SLC29A1	5602	TNK1	1
5003	SLC29A1	5359	TAOK3	1
5003	SLC29A1	6042	WNK4	1
5003	SLC29A1	5880	UCK1	1
5003	SLC29A1	5287	STYXL1	1
5003	SLC29A1	5335	TAB2	1
5004	SLC29A2	5484	TK2	1
5004	SLC29A2	5808	TYRO3	1
5004	SLC29A2	5606	TNNI3K	1
5004	SLC29A2	5268	STK33	1
5004	SLC29A2	5991	VRK3	1
5004	SLC29A2	5171	SPHK1	1
5004	SLC29A2	5105	SNRK	1
5004	SLC29A2	5264	STK17A	1
5004	SLC29A2	5007	SLC30A2	1
5004	SLC29A2	5056	SMAD4	1
5004	SLC29A2	5254	STAT4	1
5004	SLC29A2	5602	TNK1	1
5004	SLC29A2	5359	TAOK3	1
5004	SLC29A2	6042	WNK4	1
5004	SLC29A2	5880	UCK1	1
5004	SLC29A2	5287	STYXL1	1
5004	SLC29A2	5335	TAB2	1
5005	SLC2A1	5970	VHL	1
5007	SLC30A2	5807	TYMS	1
5009	SLC30A5	5522	TMEM126B	1
5009	SLC30A5	5439	TFG	1
5009	SLC30A5	5128	SNX2	1
5009	SLC30A5	5356	TAF9	1
5011	SLC35A2	5511	TMED9	1
5027	SLC39A13	5453	THBS1	1
5029	SLC39A4	5757	TSTA3	1
5030	SLC39A7	5308	SURF4	1
5042	SLCO1B3	6078	XRCC6	1
5042	SLCO1B3	5083	SMO	1
5042	SLCO1B3	5138	SOD2	1
5042	SLCO1B3	5361	TAP2	1
5049	SLK	5979	VPS26A	1
5050	SLPI	5180	SPINT2	1
5054	SMAD2	5802	TXNL1	1
5056	SMAD4	5807	TYMS	1
5056	SMAD4	5618	TOB1	1
5058	SMAGP	5992	VSIG10	1
5060	SMARCA2	5061	SMARCA4	1
5061	SMARCA4	5610	TNPO2	1
5068	SMC1A	5070	SMC3	1
5069	SMC2	6223	ZNF273	1
5070	SMC3	5211	SRP9	1
5073	SMCHD1	5958	VAPA	1
5073	SMCHD1	6272	ZNF519	1
5083	SMO	5783	TUBB1	1
5086	SMPDL3B	5482	TJP3	1
5089	SMU1	5550	TMEM230	1
5096	SNAPC4	5304	SUPT5H	1
5096	SNAPC4	5306	SURF1	1
5100	SNHG4	5128	SNX2	1
5100	SNHG4	5356	TAF9	1
5104	SNORA72	5868	UBR5	1
5105	SNRK	5807	TYMS	1
5109	SNRNP40	5918	USP1	1
5111	SNRPA	6073	XRCC1	1
5127	SNX13	5522	TMEM126B	1
5127	SNX13	5261	STIP1	1
5128	SNX2	5689	TRIM23	1
5128	SNX2	5822	UBC	1
5133	SNX7	5453	THBS1	1
5138	SOD2	5783	TUBB1	1
5140	SOS2	5678	TRAPPC6B	1
5149	SP3	5932	USP37	1
5150	SP4	5352	TAF5	1
5153	SPAG5	5540	TMEM199	1
5153	SPAG5	5711	TRIP13	1
5171	SPHK1	5807	TYMS	1
5180	SPINT2	5234	SSX1	1
5180	SPINT2	5298	SUMO1	1
5192	SPTLC1	5507	TMED2	1
5192	SPTLC1	5795	TWF1	1
5192	SPTLC1	6092	YIPF4	1
5192	SPTLC1	5822	UBC	1
5193	SPTLC3	5339	TACR1	1
5196	SQSTM1	5222	SRXN1	1
5196	SQSTM1	5445	TGFBI	1
5198	SRC	5584	TNFRSF10A	1
5198	SRC	5585	TNFRSF10B	1
5202	SREBF2	6109	ZBED4	1
5203	SRGAP1	5886	UGCG	1
5211	SRP9	5324	SYNJ1	1
5211	SRP9	5467	TIA1	1
5218	SRRT	6237	ZNF335	1
5225	SSBP1	5389	TBL1XR1	1
5225	SSBP1	5261	STIP1	1
5225	SSBP1	6046	WRAP53	1
5225	SSBP1	5918	USP1	1
5225	SSBP1	5903	UNG	1
5225	SSBP1	5585	TNFRSF10B	1
5225	SSBP1	6116	ZBTB32	1
5225	SSBP1	6074	XRCC2	1
5226	SSH1	5227	SSH2	1
5226	SSH1	5228	SSH3	1
5227	SSH2	5228	SSH3	1
5228	SSH3	5708	TRIOBP	1
5228	SSH3	5731	TRPM4	1
5228	SSH3	5742	TSKU	1
5234	SSX1	5298	SUMO1	1
5235	ST14	5340	TACSTD2	1
5235	ST14	5332	SYTL1	1
5235	ST14	5482	TJP3	1
5235	ST14	5295	SULT2B1	1
5235	ST14	5560	TMEM45B	1
5235	ST14	5693	TRIM29	1
5237	ST5	5478	TIMP2	1
5238	ST6GALNAC1	5574	TMPRSS4	1
5244	STAG2	6226	ZNF280C	1
5248	STARD10	5340	TACSTD2	1
5254	STAT4	5807	TYMS	1
5259	STIL	5918	USP1	1
5259	STIL	6318	ZNF684	1
5259	STIL	5471	TIMELESS	1
5261	STIP1	5274	STRAP	1
5261	STIP1	5522	TMEM126B	1
5262	STK10	5581	TNFAIP3	1
5264	STK17A	5807	TYMS	1
5268	STK33	5807	TYMS	1
5269	STK39	5410	TCL1A	1
5270	STMN1	5471	TIMELESS	1
5270	STMN1	5631	TOP2A	1
5276	STRN4	6073	XRCC1	1
5278	STUB1	5736	TSC2	1
5283	STX8	5674	TRAPPC1	1
5284	STXBP2	5332	SYTL1	1
5287	STYXL1	5807	TYMS	1
5298	SUMO1	5813	UBA1	1
5302	SUPT20H	6006	WBP4	1
5308	SURF4	5547	TMEM214	1
5312	SUZ12	6192	ZNF138	1
5312	SUZ12	6186	ZNF107	1
5312	SUZ12	6180	ZMYM2	1
5319	SYCP1	5656	TPSAB1	1
5335	TAB2	5836	UBE2H	1
5335	TAB2	6103	YWHAE	1
5335	TAB2	5807	TYMS	1
5339	TACR1	5545	TMEM212	1
5340	TACSTD2	5499	TMC5	1
5340	TACSTD2	5747	TSPAN15	1
5340	TACSTD2	5520	TMEM125	1
5341	TADA1	6315	ZNF672	1
5343	TAF1	5391	TBP	1
5345	TAF12	5436	TFCP2	1
5345	TAF12	5391	TBP	1
5350	TAF2	5868	UBR5	1
5352	TAF5	6089	YEATS4	1
5352	TAF5	5660	TRA2B	1
5353	TAF5L	5879	UCHL5	1
5355	TAF8	6359	ZNRD1	1
5356	TAF9	5689	TRIM23	1
5356	TAF9	5765	TTC37	1
5356	TAF9	5948	UTP15	1
5357	TAOK1	6037	WDTC1	1
5357	TAOK1	5916	USF2	1
5357	TAOK1	5931	USP36	1
5358	TAOK2	5390	TBL3	1
5359	TAOK3	5807	TYMS	1
5361	TAP2	5783	TUBB1	1
5362	TAPBP	6125	ZBTB7A	1
5373	TAX1BP1	6094	YKT6	1
5376	TBC1D10B	6237	ZNF335	1
5376	TBC1D10B	6339	ZNF771	1
5384	TBCCD1	6304	ZNF639	1
5389	TBL1XR1	5504	TMCO3	1
5389	TBL1XR1	5624	TOMM22	1
5389	TBL1XR1	5816	UBA5	1
5390	TBL3	5736	TSC2	1
5398	TCEAL1	5399	TCEAL4	1
5400	TCEAL8	5401	TCEAL9	1
5403	TCERG1	6146	ZCCHC8	1
5410	TCL1A	5411	TCL6	1
5416	TDG	6064	XPA	1
5417	TDP1	6095	YLPM1	1
5424	TELO2	6266	ZNF500	1
5424	TELO2	6339	ZNF771	1
5427	TERF2IP	6156	ZFP1	1
5438	TFDP1	5907	UPF3A	1
5440	TFIP11	5720	TRMT2A	1
5442	TFPI2	5967	VEGFC	1
5444	TGFB1I1	5954	VAMP3	1
5453	THBS1	5685	TRIM16	1
5454	THOC1	5807	TYMS	1
5456	THOC6	6220	ZNF263	1
5462	THUMPD1	5941	USP7	1
5466	THYN1	5980	VPS26B	1
5467	TIA1	6206	ZNF184	1
5467	TIA1	6097	YPEL1	1
5467	TIA1	6216	ZNF248	1
5469	TICRR	5635	TOPBP1	1
5470	TIFA	6171	ZGRF1	1
5471	TIMELESS	5572	TMPO	1
5471	TIMELESS	6119	ZBTB39	1
5476	TIMM8A	5639	TP53	1
5480	TIPARP	5630	TOP1	1
5480	TIPARP	5639	TP53	1
5481	TJP1	5487	TLDC1	1
5484	TK2	5807	TYMS	1
5485	TLCD1	5745	TSPAN1	1
5485	TLCD1	5667	TRAF4	1
5494	TM9SF1	5506	TMED10	1
5495	TM9SF2	5887	UGP2	1
5506	TMED10	5996	VTI1B	1
5507	TMED2	5914	URI1	1
5507	TMED2	6003	WASHC4	1
5522	TMEM126B	6213	ZNF227	1
5532	TMEM165	5822	UBC	1
5538	TMEM186	5941	USP7	1
5550	TMEM230	5675	TRAPPC13	1
5550	TMEM230	5913	UQCRC2	1
5551	TMEM248	5809	TYW1	1
5562	TMEM51	5592	TNFRSF21	1
5563	TMEM59	5836	UBE2H	1
5566	TMEM70	6153	ZFAND1	1
5572	TMPO	6186	ZNF107	1
5576	TMUB2	6040	WIPF2	1
5584	TNFRSF10A	5585	TNFRSF10B	1
5585	TNFRSF10B	6046	WRAP53	1
5585	TNFRSF10B	5918	USP1	1
5585	TNFRSF10B	6074	XRCC2	1
5585	TNFRSF10B	5903	UNG	1
5585	TNFRSF10B	6116	ZBTB32	1
5590	TNFRSF1A	5708	TRIOBP	1
5590	TNFRSF1A	6056	WWTR1	1
5594	TNFRSF6B	6237	ZNF335	1
5602	TNK1	5807	TYMS	1
5606	TNNI3K	5807	TYMS	1
5610	TNPO2	5714	TRMT1	1
5616	TNS4	5762	TTC22	1
5622	TOM1L2	6120	ZBTB4	1
5630	TOP1	5639	TP53	1
5635	TOPBP1	5989	VRK1	1
5639	TP53	6077	XRCC5	1
5639	TP53	6038	WEE1	1
5641	TP53BP1	5920	USP11	1
5653	TPP2	5907	UPF3A	1
5658	TPX2	6067	XPO1	1
5658	TPX2	6008	WDHD1	1
5660	TRA2B	6030	WDR76	1
5660	TRA2B	5743	TSN	1
5661	TRABD	5720	TRMT2A	1
5669	TRAIP	5726	TROAP	1
5689	TRIM23	6110	ZBED8	1
5691	TRIM27	6176	ZKSCAN4	1
5692	TRIM28	5843	UBE2M	1
5692	TRIM28	6289	ZNF581	1
5692	TRIM28	6347	ZNF787	1
5701	TRIM41	6163	ZFP62	1
5706	TRIM52	6163	ZFP62	1
5708	TRIOBP	6356	ZNFX1	1
5718	TRMT13	6112	ZBTB11	1
5718	TRMT13	6305	ZNF644	1
5725	TRNT1	5737	TSEN2	1
5729	TRPC7	6246	ZNF385D	1
5736	TSC2	6266	ZNF500	1
5743	TSN	6077	XRCC5	1
5779	TUBA1B	5782	TUBB	1
5783	TUBB1	6078	XRCC6	1
5798	TWSG1	5962	VCL	1
5801	TXNDC16	5869	UBR7	1
5802	TXNL1	6222	ZNF271P	1
5807	TYMS	5808	TYRO3	1
5807	TYMS	5991	VRK3	1
5807	TYMS	6042	WNK4	1
5807	TYMS	5880	UCK1	1
5813	UBA1	5984	VPS4A	1
5817	UBA52	6185	ZNF101	1
5822	UBC	6344	ZNF780A	1
5823	UBE2A	6020	WDR44	1
5836	UBE2H	6169	ZFYVE21	1
5836	UBE2H	6105	YWHAZ	1
5844	UBE2N	6149	ZDHHC17	1
5846	UBE2O	5871	UBTF	1
5846	UBE2O	5931	USP36	1
5847	UBE2Q1	5883	UFC1	1
5856	UBE2W	6153	ZFAND1	1
5863	UBN1	5941	USP7	1
5863	UBN1	6266	ZNF500	1
5864	UBN2	6211	ZNF212	1
5868	UBR5	5950	UTP23	1
5874	UBXN4	6070	XPO7	1
5887	UGP2	6104	YWHAH	1
5887	UGP2	6105	YWHAZ	1
5903	UNG	5918	USP1	1
5903	UNG	6116	ZBTB32	1
5903	UNG	6046	WRAP53	1
5903	UNG	6074	XRCC2	1
5905	UPF1	6230	ZNF317	1
5908	UPF3B	6226	ZNF280C	1
5918	USP1	6116	ZBTB32	1
5918	USP1	6074	XRCC2	1
5918	USP1	6046	WRAP53	1
5930	USP34	6303	ZNF638	1
5931	USP36	6136	ZC3H7B	1
5935	USP42	6188	ZNF12	1
5941	USP7	6266	ZNF500	1
5941	USP7	6220	ZNF263	1
5959	VAV1	5960	VAV3	1
5970	VHL	6024	WDR48	1
5971	VIM	6142	ZCCHC24	1
6004	WBP11	6067	XPO1	1
6022	WDR46	6127	ZBTB9	1
6024	WDR48	6260	ZNF445	1
6046	WRAP53	6116	ZBTB32	1
6046	WRAP53	6074	XRCC2	1
6074	XRCC2	6078	XRCC6	1
6074	XRCC2	6076	XRCC4	1
6074	XRCC2	6116	ZBTB32	1
6076	XRCC4	6078	XRCC6	1
6077	XRCC5	6210	ZNF207	1
6081	YAF2	6093	YIPF5	1
6082	YAP1	6150	ZDHHC7	1
6114	ZBTB17	6312	ZNF668	1
6117	ZBTB33	6226	ZNF280C	1
6119	ZBTB39	6143	ZCCHC3	1
6121	ZBTB44	6209	ZNF202	1
6122	ZBTB48	6237	ZNF335	1
6138	ZC3HC1	6177	ZKSCAN5	1
6157	ZFP14	6353	ZNF84	1
6157	ZFP14	6240	ZNF345	1
6159	ZFP28	6160	ZFP30	1
6159	ZFP28	6165	ZFP82	1
6159	ZFP28	6281	ZNF568	1
6159	ZFP28	6282	ZNF569	1
6159	ZFP28	6283	ZNF570	1
6159	ZFP28	6290	ZNF582	1
6159	ZFP28	6350	ZNF829	1
6160	ZFP30	6261	ZNF470	1
6160	ZFP30	6280	ZNF567	1
6165	ZFP82	6291	ZNF583	1
6165	ZFP82	6242	ZNF347	1
6177	ZKSCAN5	6310	ZNF655	1
6184	ZNF100	6254	ZNF420	1
6185	ZNF101	6329	ZNF708	1
6186	ZNF107	6326	ZNF700	1
6191	ZNF134	6218	ZNF256	1
6191	ZNF134	6253	ZNF419	1
6200	ZNF155	6212	ZNF223	1
6201	ZNF16	6324	ZNF696	1
6207	ZNF189	6269	ZNF510	1
6211	ZNF212	6227	ZNF282	1
6211	ZNF212	6333	ZNF746	1
6211	ZNF212	6337	ZNF767P	1
6211	ZNF212	6346	ZNF786	1
6214	ZNF235	6279	ZNF566	1
6214	ZNF235	6345	ZNF780B	1
6217	ZNF254	6257	ZNF430	1
6217	ZNF254	6355	ZNF91	1
6218	ZNF256	6251	ZNF416	1
6218	ZNF256	6229	ZNF304	1
6218	ZNF256	6296	ZNF606	1
6220	ZNF263	6266	ZNF500	1
6221	ZNF264	6342	ZNF776	1
6224	ZNF274	6335	ZNF75A	1
6227	ZNF282	6343	ZNF777	1
6232	ZNF320	6327	ZNF701	1
6233	ZNF324	6259	ZNF444	1
6234	ZNF329	6350	ZNF829	1
6235	ZNF331	6282	ZNF569	1
6237	ZNF335	6300	ZNF611	1
6239	ZNF33A	6244	ZNF37A	1
6242	ZNF347	6327	ZNF701	1
6242	ZNF347	6367	ZSCAN18	1
6250	ZNF415	6367	ZSCAN18	1
6251	ZNF416	6253	ZNF419	1
6251	ZNF416	6275	ZNF548	1
6253	ZNF419	6296	ZNF606	1
6254	ZNF420	6317	ZNF682	1
6254	ZNF420	6330	ZNF71	1
6256	ZNF43	6367	ZSCAN18	1
6257	ZNF430	6329	ZNF708	1
6259	ZNF444	6285	ZNF574	1
6259	ZNF444	6300	ZNF611	1
6261	ZNF470	6281	ZNF568	1
6261	ZNF470	6282	ZNF569	1
6261	ZNF470	6350	ZNF829	1
6265	ZNF493	6355	ZNF91	1
6267	ZNF506	6355	ZNF91	1
6273	ZNF528	6367	ZSCAN18	1
6273	ZNF528	6299	ZNF610	1
6274	ZNF542P	6290	ZNF582	1
6277	ZNF551	6349	ZNF8	1
6279	ZNF566	6345	ZNF780B	1
6279	ZNF566	6329	ZNF708	1
6280	ZNF567	6284	ZNF573	1
6281	ZNF568	6291	ZNF583	1
6282	ZNF569	6291	ZNF583	1
6283	ZNF570	6291	ZNF583	1
6285	ZNF574	6288	ZNF580	1
6291	ZNF583	6350	ZNF829	1
6299	ZNF610	6330	ZNF71	1
6299	ZNF610	6350	ZNF829	1
6300	ZNF611	6327	ZNF701	1
6300	ZNF611	6351	ZNF83	1
6311	ZNF665	6327	ZNF701	1
6311	ZNF665	6355	ZNF91	1
6313	ZNF669	6316	ZNF678	1
6327	ZNF701	6351	ZNF83	1
6329	ZNF708	6355	ZNF91	1
6344	ZNF780A	6345	ZNF780B	1
6354	ZNF880	6367	ZSCAN18	1
